sample_id,speaker_id,accent,emotion,pca_1,pca_2
visec_hf_000000,0,south,happy,-0.21214761,0.5371372
visec_hf_000001,1,south,neutral,-0.95124716,-0.42808574
visec_hf_000002,2,south,angry,1.0121677,0.29768986
visec_hf_000003,3,north,happy,-0.34595704,1.092772
visec_hf_000004,4,south,neutral,-0.90929174,0.69250137
visec_hf_000005,0,south,angry,0.75196373,0.049352825
visec_hf_000006,5,south,neutral,-0.7346124,-1.1951728
visec_hf_000007,6,central,neutral,0.6632119,0.17434855
visec_hf_000008,7,south,neutral,-0.8814182,0.92307276
visec_hf_000009,0,south,angry,1.3411877,0.39670432
visec_hf_000010,8,south,neutral,0.72099787,0.20532775
visec_hf_000011,0,south,angry,1.0110354,-0.410093
visec_hf_000012,9,south,sad,0.9159286,0.3186479
visec_hf_000013,0,south,neutral,0.06886515,0.41546074
visec_hf_000014,0,south,sad,0.7028256,0.16866687
visec_hf_000015,10,north,neutral,-0.8189592,-0.04211653
visec_hf_000016,11,south,neutral,-0.6984373,0.2593066
visec_hf_000017,12,north,angry,-0.13028628,0.6412507
visec_hf_000018,0,south,angry,1.3646822,-0.49695578
visec_hf_000019,0,south,neutral,-0.2711368,0.18645349
visec_hf_000020,6,central,neutral,1.0442128,0.22522496
visec_hf_000021,0,south,angry,0.6090165,0.3160646
visec_hf_000022,0,south,angry,1.1798549,0.32565778
visec_hf_000023,0,south,happy,0.8606792,-0.20827474
visec_hf_000024,0,south,happy,1.2304593,-0.39940193
visec_hf_000025,13,south,angry,-0.4862082,-0.7690867
visec_hf_000026,12,north,sad,-0.7652398,-0.39248952
visec_hf_000027,14,north,happy,-0.12313396,0.5657083
visec_hf_000028,15,south,happy,-1.0881356,0.27512035
visec_hf_000029,15,south,neutral,-0.36628693,-0.86745644
visec_hf_000030,15,south,sad,-0.6005295,-1.2095698
visec_hf_000031,0,south,sad,1.3019665,-0.5182043
visec_hf_000032,0,south,sad,-0.19744135,-0.20327212
visec_hf_000033,0,south,sad,-0.054236285,-0.09533517
visec_hf_000034,16,north,sad,0.8438452,0.18208028
visec_hf_000035,0,south,happy,0.17797329,-0.5572509
visec_hf_000036,12,north,angry,-0.9224252,-0.5082434
visec_hf_000037,17,central,sad,-0.7037292,0.11482728
visec_hf_000038,0,south,neutral,0.13926296,0.28215727
visec_hf_000039,0,south,angry,1.5014648,-0.4361502
visec_hf_000040,16,north,neutral,-0.54540956,-0.19524543
visec_hf_000041,18,north,neutral,-0.80156344,-0.41334382
visec_hf_000042,0,south,happy,0.51749647,-0.005432237
visec_hf_000043,3,north,angry,-0.4635177,0.9347936
visec_hf_000044,0,south,angry,0.9982405,-0.07869166
visec_hf_000045,0,south,happy,0.71967155,-0.4579007
visec_hf_000046,19,north,neutral,-1.0354638,0.6408536
visec_hf_000047,0,south,sad,0.84678096,0.081612155
visec_hf_000048,20,south,happy,-0.37045798,0.09815799
visec_hf_000049,21,south,happy,-0.7956311,0.9389837
visec_hf_000050,22,north,angry,0.005248439,1.0240383
visec_hf_000051,0,south,happy,0.19052197,1.0444609
visec_hf_000052,0,south,neutral,0.42663294,0.38856462
visec_hf_000053,23,south,sad,-0.37749904,0.89114946
visec_hf_000054,6,central,happy,0.2228087,1.0092751
visec_hf_000055,15,south,neutral,-0.7252135,-0.6486115
visec_hf_000056,0,south,sad,0.5321424,0.16582698
visec_hf_000057,0,south,sad,0.08183824,-0.3818839
visec_hf_000058,0,south,angry,0.94180393,0.38254258
visec_hf_000059,3,north,neutral,-0.76791155,0.5628079
visec_hf_000060,12,north,happy,-0.55715555,0.42256862
visec_hf_000061,0,south,happy,1.0388585,-0.32502496
visec_hf_000062,15,south,happy,-0.9273183,-0.11702373
visec_hf_000063,24,south,angry,-0.3008324,-0.17062752
visec_hf_000064,15,south,happy,-0.86955357,-0.7409023
visec_hf_000065,0,south,sad,0.65217096,-0.50368685
visec_hf_000066,25,north,happy,0.6896394,-0.28236955
visec_hf_000067,26,north,happy,-0.86418283,0.8300583
visec_hf_000068,27,north,angry,-0.8535546,-0.5155474
visec_hf_000069,6,central,happy,0.46713364,0.2049285
visec_hf_000070,14,north,angry,0.09390303,-0.07585541
visec_hf_000071,0,south,happy,0.57995605,0.21855709
visec_hf_000072,2,south,sad,0.28890327,0.44995835
visec_hf_000073,12,north,happy,-0.5560553,-0.07730258
visec_hf_000074,28,south,neutral,-1.0530918,-0.30197966
visec_hf_000075,12,north,angry,-0.58402914,0.06117172
visec_hf_000076,0,south,angry,1.3281039,-0.26961157
visec_hf_000077,0,south,neutral,0.14679274,0.34962752
visec_hf_000078,1,south,neutral,-0.64348394,-0.7313811
visec_hf_000079,6,central,sad,0.12822272,0.2673817
visec_hf_000080,6,central,neutral,0.7286381,1.0054119
visec_hf_000081,0,south,sad,0.72010815,-0.42139688
visec_hf_000082,29,north,sad,-0.6683262,0.1263476
visec_hf_000083,30,north,neutral,-0.9132778,0.14573812
visec_hf_000084,22,north,angry,0.7503449,0.48819575
visec_hf_000085,31,north,happy,-0.65985674,0.7812551
visec_hf_000086,0,south,angry,0.20692778,-0.23551422
visec_hf_000087,0,south,angry,0.1116679,0.24009597
visec_hf_000088,1,south,neutral,-0.91507196,-0.25294355
visec_hf_000089,32,south,sad,-0.23017593,1.0704385
visec_hf_000090,0,south,neutral,0.1974142,0.31790355
visec_hf_000091,33,central,happy,-0.42520556,0.97141564
visec_hf_000092,0,south,angry,0.30221918,-0.3563054
visec_hf_000093,0,south,angry,0.87080675,0.5201316
visec_hf_000094,15,south,neutral,-0.6553427,-1.0622185
visec_hf_000095,15,south,happy,-0.59397674,-1.0863312
visec_hf_000096,0,south,angry,0.8220331,-0.020245153
visec_hf_000097,29,north,neutral,-0.8722553,0.89505655
visec_hf_000098,0,south,angry,1.073349,-0.3688179
visec_hf_000099,0,south,angry,1.4609656,-0.39820418
visec_hf_000100,0,south,angry,1.2110103,-0.4265163
visec_hf_000102,34,north,angry,-0.33737037,-1.1595232
visec_hf_000103,0,south,angry,1.1369325,0.49333537
visec_hf_000104,35,north,angry,-0.2400937,0.066628955
visec_hf_000105,25,north,happy,-0.46357873,-0.1328132
visec_hf_000106,15,south,sad,-0.89406204,-0.3878823
visec_hf_000107,6,central,happy,0.29025385,0.020764455
visec_hf_000108,36,north,neutral,-0.9321219,0.48336673
visec_hf_000109,15,south,neutral,-0.67567974,-0.7827935
visec_hf_000110,15,south,neutral,-1.1094989,0.6282796
visec_hf_000111,37,central,angry,-0.70987755,-0.18841231
visec_hf_000112,0,south,angry,0.5139542,0.32148677
visec_hf_000113,15,south,happy,-0.4483306,-0.8354077
visec_hf_000114,33,central,neutral,-0.8418127,0.74226207
visec_hf_000115,3,north,sad,-0.3845711,-0.020275453
visec_hf_000116,0,south,angry,1.1273376,0.044795677
visec_hf_000117,0,south,sad,0.32933584,-0.26306096
visec_hf_000118,14,north,angry,-0.29227692,-0.06323948
visec_hf_000119,0,south,neutral,-0.13662267,0.20033853
visec_hf_000120,6,central,happy,0.10023811,1.019474
visec_hf_000121,0,south,angry,0.7836287,0.026328206
visec_hf_000122,0,south,neutral,0.088205926,0.16371682
visec_hf_000123,0,south,neutral,-0.23840751,0.19258283
visec_hf_000124,38,south,sad,-0.60275227,-0.76939374
visec_hf_000125,15,south,neutral,-0.98701364,-0.193797
visec_hf_000126,19,north,neutral,-0.8517881,-0.06435957
visec_hf_000127,0,south,neutral,0.237091,0.18127617
visec_hf_000128,0,south,angry,0.32412714,0.4646179
visec_hf_000129,39,south,neutral,-0.59222853,0.007894544
visec_hf_000130,40,north,happy,-0.21108232,0.71028364
visec_hf_000131,0,south,happy,0.25805005,-0.48435652
visec_hf_000132,0,south,angry,0.82567406,0.08654352
visec_hf_000133,38,south,sad,-0.46002275,-1.0461326
visec_hf_000134,12,north,angry,0.66546255,-0.58192855
visec_hf_000135,14,north,happy,0.03159078,0.083474666
visec_hf_000136,0,south,angry,1.4379754,0.0025337874
visec_hf_000137,15,south,neutral,-0.7606792,-0.36743546
visec_hf_000138,41,north,happy,-0.85872,0.5481677
visec_hf_000139,15,south,neutral,-0.6297966,-0.6004091
visec_hf_000140,15,south,neutral,-0.64398384,-1.0473114
visec_hf_000141,29,north,happy,-0.38442895,0.7171276
visec_hf_000142,42,south,happy,-0.81151503,0.9673327
visec_hf_000143,43,south,angry,-0.34734514,-0.57969165
visec_hf_000144,44,south,angry,0.11814241,0.30453962
visec_hf_000145,45,south,happy,0.024178028,0.31780994
visec_hf_000146,46,north,neutral,-1.053343,0.64587545
visec_hf_000147,0,south,sad,0.3366154,0.24323283
visec_hf_000148,0,south,angry,0.90248597,-0.72502124
visec_hf_000149,47,north,neutral,-0.97456735,0.5711948
visec_hf_000150,4,south,neutral,-0.7564013,-0.50069916
visec_hf_000151,0,south,neutral,0.22351536,-0.010629272
visec_hf_000152,48,north,sad,-0.9062815,0.8959044
visec_hf_000153,0,south,angry,1.0693187,-0.24869955
visec_hf_000154,14,north,happy,-0.3209815,-0.39943343
visec_hf_000155,6,central,neutral,-0.14886238,1.0362153
visec_hf_000156,19,north,happy,-0.6681138,0.8249261
visec_hf_000157,0,south,neutral,0.06876061,0.048748348
visec_hf_000158,39,south,angry,-0.41854605,0.7776353
visec_hf_000159,0,south,sad,0.46984252,0.33168858
visec_hf_000160,0,south,angry,0.13847102,-0.40991434
visec_hf_000161,0,south,neutral,-0.12690566,0.2016167
visec_hf_000162,0,south,angry,0.5853984,0.14857563
visec_hf_000163,10,north,sad,-1.0617638,0.17453319
visec_hf_000164,0,south,angry,0.41631436,0.35442755
visec_hf_000165,0,south,neutral,0.06988427,0.22335121
visec_hf_000166,2,south,angry,0.8636272,-0.12762871
visec_hf_000167,1,south,neutral,-0.7709156,-0.28743228
visec_hf_000168,0,south,angry,0.79569596,0.940597
visec_hf_000169,38,south,happy,-0.9976387,0.38974956
visec_hf_000170,0,south,sad,-0.054874483,0.05901893
visec_hf_000171,49,south,sad,0.97409093,0.48315057
visec_hf_000172,50,north,angry,-0.50511587,-0.51229566
visec_hf_000173,36,north,neutral,-0.9489021,0.028538555
visec_hf_000174,51,south,angry,0.31009093,-0.42424127
visec_hf_000175,0,south,happy,-0.7016051,0.7651037
visec_hf_000176,12,north,neutral,-0.91287893,-0.034419023
visec_hf_000177,0,south,neutral,0.6155144,0.43826544
visec_hf_000178,15,south,neutral,-1.2785791,0.2715352
visec_hf_000179,52,north,happy,-0.33315915,0.9753345
visec_hf_000180,0,south,angry,0.118096024,-0.6500888
visec_hf_000181,0,south,angry,1.0944746,-0.24583215
visec_hf_000182,0,south,angry,0.66935784,-0.2506407
visec_hf_000183,15,south,neutral,-0.9668264,0.56703115
visec_hf_000184,14,north,angry,0.52353275,0.6894794
visec_hf_000185,1,south,neutral,-0.85963947,-0.38384253
visec_hf_000186,0,south,happy,-0.28053,0.84674907
visec_hf_000187,14,north,angry,-0.9993087,1.0049412
visec_hf_000188,0,south,sad,0.070769265,0.20255584
visec_hf_000189,6,central,happy,-0.11310524,1.1030625
visec_hf_000190,2,south,neutral,-0.31838936,0.86375403
visec_hf_000191,38,south,sad,-0.47864935,-1.1258595
visec_hf_000192,3,north,sad,-0.57033855,0.35204732
visec_hf_000193,46,north,neutral,-0.89044744,-0.6095799
visec_hf_000194,2,south,neutral,0.3448301,0.59578294
visec_hf_000195,14,north,happy,0.022144862,-0.13057722
visec_hf_000196,0,south,happy,0.04585232,0.34604692
visec_hf_000197,10,north,neutral,-0.7072405,-0.6100949
visec_hf_000198,0,south,sad,0.647442,-0.22622985
visec_hf_000199,53,south,neutral,-0.16012868,0.53100085
visec_hf_000200,0,south,happy,0.5380441,-0.18245827
visec_hf_000201,6,central,happy,1.5112288,0.2837636
visec_hf_000202,0,south,happy,0.46674377,0.16803826
visec_hf_000203,0,south,sad,-0.34186473,0.15670565
visec_hf_000204,14,north,happy,-0.0087554855,-0.003790166
visec_hf_000205,15,south,happy,-0.69351965,-0.51346904
visec_hf_000206,15,south,neutral,-0.75051385,-0.7392435
visec_hf_000207,6,central,happy,0.17343219,1.0810456
visec_hf_000208,0,south,happy,0.0460397,0.46402273
visec_hf_000209,0,south,sad,-0.043809704,-0.15940996
visec_hf_000210,54,north,sad,-0.16227496,0.8679807
visec_hf_000211,28,south,neutral,-0.5539178,-1.2415845
visec_hf_000212,0,south,happy,0.5555886,0.5961336
visec_hf_000213,52,north,happy,0.07608369,-0.69382524
visec_hf_000214,55,south,angry,-0.79925674,0.7092389
visec_hf_000215,31,north,neutral,-0.018037215,-1.0109686
visec_hf_000216,0,south,angry,1.4660507,-0.25260243
visec_hf_000217,4,south,angry,-1.14376,0.2322465
visec_hf_000218,2,south,sad,0.41991127,0.19580331
visec_hf_000219,0,south,neutral,0.40629587,0.32629678
visec_hf_000220,14,north,neutral,-0.58663785,-0.3341319
visec_hf_000221,56,south,neutral,-0.998131,0.8308495
visec_hf_000222,0,south,sad,0.41431296,0.26289064
visec_hf_000223,6,central,happy,0.9950766,-0.47319323
visec_hf_000224,57,north,sad,-0.61969614,-0.5900982
visec_hf_000225,15,south,angry,-0.94393075,1.0045223
visec_hf_000226,0,south,angry,0.5938232,0.29491138
visec_hf_000227,26,north,sad,-0.6550501,-0.3348049
visec_hf_000228,0,south,angry,0.71990734,-0.30744216
visec_hf_000229,0,south,angry,1.2486739,-0.2496981
visec_hf_000230,3,north,neutral,-0.85551256,-0.26971024
visec_hf_000231,57,north,neutral,-0.6790728,-0.13996288
visec_hf_000232,0,south,happy,0.17024852,0.038666036
visec_hf_000233,0,south,angry,1.2110401,-0.5610276
visec_hf_000234,15,south,neutral,-0.8906118,-0.7003385
visec_hf_000235,0,south,happy,0.45892596,0.4597152
visec_hf_000236,0,south,sad,-0.008816377,0.1306642
visec_hf_000237,58,south,sad,-0.48644987,0.029765164
visec_hf_000238,21,south,happy,-0.68028563,0.71258837
visec_hf_000239,59,south,neutral,0.34261957,-0.69812655
visec_hf_000240,0,south,sad,1.2105759,0.12501682
visec_hf_000241,60,north,neutral,-0.923741,0.7229047
visec_hf_000242,19,north,sad,-0.51433355,-0.73365146
visec_hf_000243,61,north,neutral,-0.962473,0.13593087
visec_hf_000244,0,south,neutral,0.33948264,0.2883435
visec_hf_000245,0,south,neutral,0.12953703,0.3040057
visec_hf_000246,12,north,happy,0.65827477,0.05597841
visec_hf_000247,23,south,angry,-0.54757977,-0.3045581
visec_hf_000248,0,south,angry,0.3314112,0.10969911
visec_hf_000249,62,south,happy,-0.9748476,1.0813309
visec_hf_000250,26,north,angry,-0.13927895,-0.6922289
visec_hf_000251,0,south,neutral,-0.7160034,-0.09019139
visec_hf_000252,4,south,sad,-0.86775607,-0.58939236
visec_hf_000253,0,south,angry,0.7192525,0.17759927
visec_hf_000254,6,central,neutral,0.478691,-0.16177258
visec_hf_000255,63,south,neutral,-0.35552362,-1.0376031
visec_hf_000256,0,south,happy,0.30677512,-0.47061917
visec_hf_000257,38,south,happy,-0.80728936,0.6861094
visec_hf_000258,64,south,neutral,-0.13938147,-0.6582859
visec_hf_000259,0,south,angry,1.3540783,-0.4118062
visec_hf_000260,0,south,neutral,0.884311,0.46009478
visec_hf_000261,65,central,sad,1.08288,0.3860019
visec_hf_000262,58,south,neutral,-0.3992019,-0.34506005
visec_hf_000263,38,south,sad,-0.63250834,-1.034971
visec_hf_000264,49,south,sad,-0.31920803,0.5508467
visec_hf_000265,46,north,angry,-0.9731178,0.46484193
visec_hf_000266,16,north,neutral,-0.5832974,-0.36378768
visec_hf_000267,0,south,sad,0.2445138,0.08127651
visec_hf_000268,38,south,sad,-0.9206657,-0.4444469
visec_hf_000269,0,south,angry,0.24716252,0.689706
visec_hf_000270,54,north,sad,0.6478121,0.13732858
visec_hf_000271,29,north,neutral,-0.58469546,0.6713276
visec_hf_000273,0,south,neutral,0.5784422,0.30901176
visec_hf_000274,15,south,neutral,-1.0797272,0.66381115
visec_hf_000275,66,north,angry,-0.8618397,-0.20145923
visec_hf_000277,0,south,angry,0.9111892,-0.91885716
visec_hf_000278,0,south,sad,0.23397857,0.25814712
visec_hf_000279,59,south,sad,1.014079,-0.4161699
visec_hf_000280,12,north,neutral,-0.87183994,-0.6622537
visec_hf_000281,0,south,angry,0.9231086,0.25739115
visec_hf_000282,0,south,happy,0.6523854,-0.32142663
visec_hf_000283,23,south,sad,-0.48229703,0.6569012
visec_hf_000284,67,north,neutral,-0.68927824,-1.1812186
visec_hf_000285,0,south,neutral,-0.87600493,0.030712944
visec_hf_000286,68,south,happy,-0.18948653,0.5143311
visec_hf_000287,60,north,happy,-0.8347751,0.7363252
visec_hf_000288,44,south,sad,-0.5142225,-0.59573424
visec_hf_000289,19,north,happy,-0.9792967,0.8762056
visec_hf_000290,0,south,happy,0.8707154,-0.59345645
visec_hf_000291,8,south,sad,0.051251277,0.9352604
visec_hf_000292,0,south,happy,0.23579611,-0.19245785
visec_hf_000293,0,south,happy,0.47725013,0.09579658
visec_hf_000294,0,south,neutral,0.29576778,0.08536161
visec_hf_000295,69,central,angry,-0.6472928,0.63383657
visec_hf_000296,0,south,neutral,0.013940638,0.1770427
visec_hf_000297,0,south,angry,0.8895959,-0.043359373
visec_hf_000298,38,south,happy,-0.58148736,-0.8142209
visec_hf_000299,2,south,angry,0.5403155,-0.20550576
visec_hf_000300,16,north,neutral,-0.7919153,-0.3324147
visec_hf_000301,0,south,sad,-0.12726684,-0.24091929
visec_hf_000302,16,north,neutral,-0.4133462,-0.84180605
visec_hf_000303,0,south,neutral,0.34860405,0.4968233
visec_hf_000304,14,north,happy,-0.029914537,-0.95593417
visec_hf_000305,0,south,sad,1.0954131,-0.31988445
visec_hf_000306,6,central,happy,-0.33649266,1.1499355
visec_hf_000307,0,south,sad,0.28450257,-0.62867785
visec_hf_000308,2,south,sad,0.14857987,1.0039562
visec_hf_000309,70,south,sad,-0.15259138,-0.37486154
visec_hf_000310,0,south,angry,1.2278016,-0.021961998
visec_hf_000311,29,north,sad,-1.1316099,1.0304008
visec_hf_000312,23,south,angry,-0.7036313,-0.19724251
visec_hf_000313,71,south,neutral,-0.4468,-0.039972916
visec_hf_000314,57,north,sad,-0.97353953,-0.30168498
visec_hf_000315,29,north,happy,-0.62170047,0.90717477
visec_hf_000316,0,south,sad,0.18455201,0.40726334
visec_hf_000317,15,south,angry,-0.9498194,-0.5860198
visec_hf_000318,16,north,sad,-0.10231538,-0.11848987
visec_hf_000319,0,south,neutral,-0.05587974,0.32646513
visec_hf_000320,0,south,sad,1.1762651,0.38869342
visec_hf_000321,3,north,sad,-0.72296387,0.12428622
visec_hf_000322,0,south,angry,0.9545524,0.13365461
visec_hf_000323,2,south,angry,0.94812125,0.14048404
visec_hf_000324,0,south,angry,0.71604383,0.047730226
visec_hf_000325,27,north,happy,-0.51303816,-1.2988744
visec_hf_000326,72,central,happy,-0.6106878,0.81700236
visec_hf_000327,0,south,angry,0.3375541,0.504988
visec_hf_000328,2,south,sad,0.28748348,-0.17485937
visec_hf_000329,0,south,neutral,0.19252099,0.23822531
visec_hf_000330,0,south,neutral,0.2793677,0.368727
visec_hf_000331,0,south,sad,0.3904568,0.44820902
visec_hf_000332,0,south,angry,1.1432762,-0.12834159
visec_hf_000333,0,south,angry,0.2133864,0.5580798
visec_hf_000334,4,south,angry,-0.8351315,-0.28016934
visec_hf_000335,73,north,happy,-0.8717727,0.77466184
visec_hf_000336,49,south,angry,-0.2387282,0.7991487
visec_hf_000337,56,south,neutral,-0.077709936,-0.79677415
visec_hf_000338,0,south,sad,0.97569114,-0.17538358
visec_hf_000339,63,south,angry,-0.23882653,-0.8352449
visec_hf_000340,12,north,happy,-0.5101474,-0.21798733
visec_hf_000341,30,north,neutral,-0.7153339,-0.7741139
visec_hf_000342,0,south,angry,0.87298393,0.34120223
visec_hf_000343,14,north,angry,0.2333754,0.5817541
visec_hf_000344,0,south,sad,0.82423216,0.41178167
visec_hf_000345,74,north,happy,-0.7892935,0.8692698
visec_hf_000346,0,south,neutral,-0.5789499,0.24121352
visec_hf_000347,0,south,neutral,0.3389675,0.110758096
visec_hf_000348,25,north,neutral,-0.13045564,-1.1063813
visec_hf_000349,0,south,sad,0.07552134,0.21309286
visec_hf_000350,0,south,neutral,0.26764587,0.101114474
visec_hf_000351,75,north,neutral,-1.0695438,0.52077127
visec_hf_000352,6,central,happy,0.05098494,1.0348516
visec_hf_000353,76,south,neutral,-0.935294,-0.6145897
visec_hf_000354,77,north,neutral,-0.88967144,0.69874126
visec_hf_000355,78,north,neutral,-0.49584335,-0.61066365
visec_hf_000356,0,south,sad,0.13112096,0.49955288
visec_hf_000357,18,north,neutral,-0.4763561,-0.20679033
visec_hf_000358,23,south,sad,-0.5891787,-0.6856662
visec_hf_000359,54,north,neutral,-0.1332912,0.88480693
visec_hf_000360,44,south,angry,-0.8420068,-0.41449007
visec_hf_000361,79,south,angry,-0.43365932,-0.94276494
visec_hf_000362,4,south,neutral,-1.0200597,-0.10321653
visec_hf_000363,0,south,angry,0.42413124,0.40868205
visec_hf_000364,0,south,angry,1.2288986,0.17569801
visec_hf_000365,0,south,angry,0.30113184,0.11536704
visec_hf_000366,0,south,angry,1.0926021,0.35267973
visec_hf_000367,38,south,neutral,-0.38297415,-0.57059085
visec_hf_000368,28,south,neutral,-0.88741046,0.72472733
visec_hf_000369,0,south,angry,1.1328516,-0.5533908
visec_hf_000370,0,south,happy,-0.1496978,-0.29573393
visec_hf_000371,0,south,angry,0.68874454,-0.90786844
visec_hf_000372,0,south,neutral,-0.24327542,0.21216576
visec_hf_000373,55,south,neutral,-0.41126126,0.13019231
visec_hf_000374,41,north,angry,-0.66892004,0.9173477
visec_hf_000375,57,north,happy,-0.7618609,-0.75265926
visec_hf_000376,64,south,neutral,-0.6809544,-0.24770871
visec_hf_000377,0,south,neutral,0.22988102,0.17515792
visec_hf_000378,14,north,angry,0.20626943,0.77489686
visec_hf_000379,0,south,neutral,-0.17070581,0.28855398
visec_hf_000380,69,central,happy,-0.42245835,0.21280596
visec_hf_000381,0,south,sad,-0.40228698,0.39311898
visec_hf_000382,47,north,happy,-0.8926409,0.908666
visec_hf_000383,0,south,angry,0.7558433,-0.38147736
visec_hf_000384,1,south,neutral,-1.0524048,-0.4299358
visec_hf_000385,40,north,happy,-0.9257404,0.9436846
visec_hf_000386,63,south,neutral,0.12150339,-0.7472447
visec_hf_000387,52,north,angry,-0.2419746,0.8403668
visec_hf_000388,64,south,neutral,-0.4781505,-0.95000833
visec_hf_000389,38,south,happy,-1.3058048,0.40837312
visec_hf_000390,0,south,angry,1.3350048,0.22706692
visec_hf_000391,15,south,happy,-0.22812058,-1.2242709
visec_hf_000392,28,south,neutral,-1.1147226,0.5455313
visec_hf_000393,15,south,happy,-1.0558128,0.22342001
visec_hf_000394,0,south,sad,0.5111934,0.37743393
visec_hf_000395,42,south,happy,-0.69456124,-1.0059912
visec_hf_000396,0,south,angry,-0.49199188,0.08290935
visec_hf_000397,25,north,neutral,-0.4568185,-1.2701433
visec_hf_000398,15,south,neutral,-0.5491692,-1.3188845
visec_hf_000399,0,south,angry,0.7650073,-0.89698124
visec_hf_000400,80,north,sad,0.105680965,-0.77784723
visec_hf_000401,0,south,neutral,-0.46683565,0.27598622
visec_hf_000402,0,south,angry,1.0465647,-0.74058247
visec_hf_000403,0,south,sad,-0.012566062,-0.37106365
visec_hf_000404,0,south,neutral,-0.17978778,0.3913883
visec_hf_000405,6,central,happy,-0.059842695,0.9758178
visec_hf_000406,0,south,angry,0.81378233,0.537123
visec_hf_000407,53,south,neutral,-0.70162165,0.8632423
visec_hf_000408,0,south,neutral,0.46939725,0.25684083
visec_hf_000409,81,south,neutral,-0.7571296,0.59792054
visec_hf_000410,0,south,angry,0.75447583,0.20148304
visec_hf_000411,0,south,happy,0.32873076,0.09115469
visec_hf_000412,82,south,sad,-1.1368766,-0.37859997
visec_hf_000413,0,south,angry,0.705197,-0.1577575
visec_hf_000414,15,south,neutral,-0.5090109,-1.1370355
visec_hf_000415,0,south,happy,0.8786627,-0.3622483
visec_hf_000416,0,south,happy,0.68774384,0.23721898
visec_hf_000417,0,south,sad,0.8353029,-0.7278037
visec_hf_000418,0,south,sad,0.5582636,-0.3623109
visec_hf_000419,0,south,angry,0.33455837,0.10166403
visec_hf_000420,0,south,angry,1.1493642,-0.023078917
visec_hf_000421,60,north,happy,-0.23117018,-0.330273
visec_hf_000422,3,north,sad,-0.9315345,0.76609504
visec_hf_000423,38,south,happy,-0.8173625,0.48173997
visec_hf_000424,72,central,angry,-0.74309224,0.88224095
visec_hf_000425,0,south,sad,-0.10892642,-0.096011445
visec_hf_000426,10,north,neutral,-0.6605711,-0.74794203
visec_hf_000428,39,south,neutral,-0.3047047,-0.5158822
visec_hf_000429,0,south,sad,0.9816236,0.32156157
visec_hf_000430,12,north,happy,-0.83278304,0.9656569
visec_hf_000431,16,north,sad,-0.26505974,-0.090598956
visec_hf_000432,0,south,neutral,0.13692401,0.24269104
visec_hf_000433,14,north,neutral,0.1357141,-0.38947487
visec_hf_000434,50,north,angry,0.35468346,-0.4459917
visec_hf_000435,0,south,angry,0.6438268,-0.010785302
visec_hf_000436,44,south,happy,-0.23387283,-0.15064102
visec_hf_000437,0,south,angry,0.911399,0.25921264
visec_hf_000438,83,south,sad,-0.10619975,0.13248825
visec_hf_000439,0,south,angry,1.0898284,-0.30864802
visec_hf_000440,22,north,angry,0.02455894,0.7503083
visec_hf_000441,25,north,happy,-0.79376364,-0.55853707
visec_hf_000442,0,south,angry,0.43618983,0.4179476
visec_hf_000443,75,north,happy,-0.7603952,0.9412014
visec_hf_000444,2,south,neutral,0.077222526,0.974128
visec_hf_000445,0,south,angry,0.8593073,0.8732236
visec_hf_000446,2,south,angry,0.75703174,0.35210896
visec_hf_000447,0,south,angry,0.69562155,-0.42401245
visec_hf_000448,0,south,neutral,0.34515002,0.2878802
visec_hf_000449,0,south,angry,0.7673499,0.06148906
visec_hf_000450,0,south,angry,0.69214845,0.15318513
visec_hf_000451,15,south,happy,-0.7789521,-0.6356392
visec_hf_000452,46,north,neutral,-0.8678764,-0.2610414
visec_hf_000453,84,north,angry,-0.23204389,-0.00039480743
visec_hf_000454,0,south,angry,1.4805547,0.4207594
visec_hf_000455,85,south,sad,-1.0178739,1.0131599
visec_hf_000456,70,south,sad,0.061487034,-0.0027847085
visec_hf_000457,0,south,angry,0.8238755,0.0747725
visec_hf_000458,0,south,happy,-0.4611896,-0.26021975
visec_hf_000459,6,central,neutral,1.0103152,0.69394916
visec_hf_000460,0,south,angry,0.6012113,0.273935
visec_hf_000461,2,south,angry,0.36457273,0.43312812
visec_hf_000462,0,south,sad,0.24088097,0.02070161
visec_hf_000463,15,south,sad,-0.8820193,-0.37658322
visec_hf_000464,63,south,angry,-0.16966586,-0.51873666
visec_hf_000465,30,north,sad,-0.89282227,-0.13613883
visec_hf_000466,0,south,angry,1.1359218,-0.15963084
visec_hf_000467,15,south,angry,-0.544122,-0.9693898
visec_hf_000468,15,south,happy,-0.47668454,-1.371616
visec_hf_000469,6,central,happy,-0.39956087,1.050208
visec_hf_000470,0,south,angry,0.05839891,0.9342926
visec_hf_000471,0,south,sad,0.449547,0.16132328
visec_hf_000472,86,south,sad,-0.8132402,0.15301104
visec_hf_000473,52,north,neutral,0.47199488,0.39957392
visec_hf_000474,0,south,happy,0.61438704,-0.68201953
visec_hf_000475,68,south,happy,-0.25879365,0.096189015
visec_hf_000476,0,south,happy,0.031099316,-0.54955167
visec_hf_000477,57,north,sad,-1.4091978,0.31058538
visec_hf_000478,60,north,neutral,0.076293826,-0.7512865
visec_hf_000479,0,south,neutral,0.14677061,0.08414416
visec_hf_000480,23,south,sad,0.57682747,-0.10670249
visec_hf_000481,0,south,neutral,0.20550077,0.42495692
visec_hf_000482,16,north,sad,-0.51350206,-1.1132396
visec_hf_000483,23,south,angry,-0.6198148,0.124976106
visec_hf_000484,38,south,sad,-0.94784766,-0.6248058
visec_hf_000485,0,south,neutral,0.7214297,0.31111196
visec_hf_000486,6,central,happy,1.1084428,0.91417074
visec_hf_000487,0,south,neutral,-0.1341115,0.51597106
visec_hf_000488,15,south,happy,-1.0041853,0.33840412
visec_hf_000489,87,north,happy,0.90761036,0.2765189
visec_hf_000490,87,north,angry,0.50515413,0.7666547
visec_hf_000491,14,north,angry,0.01972877,0.01882771
visec_hf_000492,29,north,happy,-0.82139456,0.69971615
visec_hf_000493,12,north,angry,0.2711517,0.24392274
visec_hf_000494,33,central,happy,-0.5563406,0.8908357
visec_hf_000495,82,south,sad,-0.8139924,-1.1342659
visec_hf_000496,16,north,sad,-0.57839996,-0.4605235
visec_hf_000497,0,south,angry,0.98681664,0.50201774
visec_hf_000498,18,north,angry,-1.0930505,-0.27135473
visec_hf_000499,0,south,angry,0.91758704,0.33854237
visec_hf_000500,0,south,neutral,-0.0703347,0.014670896
visec_hf_000501,29,north,angry,0.31246606,0.10735973
visec_hf_000502,65,central,sad,-0.5100381,0.8523106
visec_hf_000503,0,south,happy,0.608708,-0.257936
visec_hf_000504,0,south,angry,1.3564439,-0.08287451
visec_hf_000505,57,north,happy,-1.0170618,0.28445286
visec_hf_000506,56,south,neutral,-0.5890459,-0.13571647
visec_hf_000507,0,south,sad,0.20442784,0.2299982
visec_hf_000508,25,north,sad,0.25206238,0.17498173
visec_hf_000509,16,north,sad,-0.9185239,0.69585747
visec_hf_000510,3,north,sad,-0.5739729,-0.89342386
visec_hf_000511,0,south,angry,0.48178858,0.14551634
visec_hf_000512,0,south,angry,0.9126747,-0.062090553
visec_hf_000513,72,central,happy,-0.8596963,-0.29383355
visec_hf_000514,0,south,neutral,0.32408828,0.06770367
visec_hf_000515,53,south,happy,-0.52828395,-0.20621254
visec_hf_000516,14,north,happy,-0.47343284,0.62402195
visec_hf_000517,29,north,happy,-0.7140099,-0.42361104
visec_hf_000518,3,north,neutral,-0.92173374,0.544315
visec_hf_000519,72,central,happy,-0.21631768,-0.041894577
visec_hf_000520,65,central,sad,-0.32564682,0.88163394
visec_hf_000521,55,south,happy,-0.06678478,0.7448865
visec_hf_000522,0,south,angry,0.911203,-0.4090187
visec_hf_000523,0,south,neutral,0.5131914,0.5093286
visec_hf_000524,73,north,happy,-0.6540872,0.21778595
visec_hf_000525,0,south,neutral,0.16507398,0.24100105
visec_hf_000526,41,north,happy,-0.72081983,0.95844865
visec_hf_000527,0,south,sad,0.4437109,0.26001513
visec_hf_000528,27,north,neutral,-1.07012,-0.36671698
visec_hf_000529,6,central,happy,-0.5133981,1.1714232
visec_hf_000530,85,south,neutral,-0.41839013,-0.90052724
visec_hf_000531,26,north,sad,-1.0673712,0.35434788
visec_hf_000532,58,south,angry,0.67835027,0.4117647
visec_hf_000533,0,south,angry,1.0042471,0.2563863
visec_hf_000534,0,south,neutral,0.77894485,0.41212097
visec_hf_000535,4,south,neutral,-1.0419304,-0.1570179
visec_hf_000536,0,south,neutral,-0.5021491,0.15340689
visec_hf_000537,0,south,happy,-0.27738026,-0.87836856
visec_hf_000538,0,south,neutral,0.02023109,0.20584477
visec_hf_000540,0,south,angry,0.9456419,-0.400379
visec_hf_000541,27,north,neutral,-0.76173407,-0.43488452
visec_hf_000542,0,south,happy,-0.046466194,-0.85287553
visec_hf_000543,47,north,neutral,-0.8773692,-0.12160647
visec_hf_000544,0,south,neutral,-0.33262417,0.061635643
visec_hf_000545,10,north,sad,-0.82768756,-1.1341355
visec_hf_000546,0,south,sad,0.49126658,-0.35065013
visec_hf_000547,0,south,angry,1.3587847,-0.5412661
visec_hf_000549,0,south,angry,0.66843194,0.25215238
visec_hf_000550,0,south,neutral,0.32250276,0.2923737
visec_hf_000551,15,south,happy,-1.0344386,-0.016691351
visec_hf_000552,23,south,angry,-0.12298269,-0.9583361
visec_hf_000553,88,south,sad,-0.5085583,-0.51122004
visec_hf_000554,0,south,neutral,0.048168987,0.21212308
visec_hf_000555,0,south,angry,0.86591697,0.11475281
visec_hf_000556,0,south,angry,0.78528637,-0.29786938
visec_hf_000557,0,south,happy,-0.015755117,-0.3219372
visec_hf_000558,14,north,happy,-0.7238772,-0.13925779
visec_hf_000559,0,south,angry,1.1657972,0.09974415
visec_hf_000560,0,south,happy,0.31113213,-0.8779938
visec_hf_000561,0,south,happy,1.1221435,-0.009758069
visec_hf_000562,0,south,sad,-0.2452403,-0.20153505
visec_hf_000563,0,south,angry,1.0181353,0.38240442
visec_hf_000564,0,south,neutral,-0.52112126,0.2768344
visec_hf_000565,0,south,neutral,-0.07115896,0.31326726
visec_hf_000566,0,south,sad,0.31995466,0.3269145
visec_hf_000567,23,south,sad,-0.38247025,0.8133745
visec_hf_000568,0,south,sad,0.30843863,0.1817095
visec_hf_000569,0,south,happy,0.5618867,0.60286963
visec_hf_000570,0,south,neutral,0.773236,0.27345616
visec_hf_000571,15,south,neutral,-0.9245779,-0.46077216
visec_hf_000572,87,north,happy,0.5488733,0.022112558
visec_hf_000573,58,south,sad,-0.7560434,-1.0316349
visec_hf_000574,38,south,happy,-1.0076911,-0.3109391
visec_hf_000575,0,south,happy,0.45047417,0.109760225
visec_hf_000576,0,south,sad,0.6528074,0.22339864
visec_hf_000577,6,central,happy,0.01149952,1.0591694
visec_hf_000578,89,central,neutral,-0.36636102,-0.82943624
visec_hf_000579,6,central,happy,0.73345816,0.33079338
visec_hf_000580,0,south,angry,1.1867042,-0.19026996
visec_hf_000581,56,south,sad,-1.0179994,0.33379215
visec_hf_000582,87,north,sad,0.68624073,-0.6975395
visec_hf_000584,68,south,happy,0.3355032,-0.35719588
visec_hf_000585,90,north,happy,-1.0291296,0.35213625
visec_hf_000586,0,south,angry,0.53291196,-0.14393455
visec_hf_000587,4,south,neutral,-0.84981936,-0.11517584
visec_hf_000588,24,south,angry,-0.46128336,-0.33350077
visec_hf_000589,15,south,happy,-1.151726,0.34420055
visec_hf_000590,0,south,sad,-0.083004124,-0.7889428
visec_hf_000591,0,south,neutral,0.6462241,0.49542946
visec_hf_000592,91,north,sad,-0.891719,-0.18596873
visec_hf_000593,53,south,neutral,-0.9024647,-0.040982705
visec_hf_000594,47,north,neutral,-1.058457,0.9271609
visec_hf_000595,92,central,happy,-0.8106248,0.8547942
visec_hf_000596,93,south,angry,-0.66822535,-0.18138091
visec_hf_000597,49,south,sad,-0.105781734,0.5120516
visec_hf_000598,0,south,angry,1.1644397,0.47517607
visec_hf_000599,0,south,happy,1.3811841,-0.33329117
visec_hf_000600,24,south,neutral,-0.4044284,-0.36665377
visec_hf_000601,0,south,neutral,-0.20961016,0.16484489
visec_hf_000602,1,south,neutral,-0.4140107,-1.0912215
visec_hf_000603,94,central,neutral,-1.3689358,0.445366
visec_hf_000604,95,north,happy,-0.23073713,0.31092283
visec_hf_000605,0,south,neutral,-0.12521331,0.19904274
visec_hf_000606,25,north,angry,-0.79974127,0.879531
visec_hf_000607,0,south,sad,-0.319607,0.6769646
visec_hf_000608,15,south,neutral,-0.57225627,-0.3342061
visec_hf_000609,49,south,sad,0.7756271,-0.20964295
visec_hf_000610,0,south,neutral,0.18079904,0.3478624
visec_hf_000611,84,north,happy,-0.5152609,-0.09673196
visec_hf_000612,96,south,neutral,-0.29916984,-0.29362255
visec_hf_000613,0,south,angry,1.161334,0.7191539
visec_hf_000614,0,south,happy,0.59185815,0.30137706
visec_hf_000615,81,south,neutral,-0.7471988,0.23430716
visec_hf_000616,86,south,sad,-0.97022516,0.7988867
visec_hf_000617,2,south,sad,1.114183,-0.9216437
visec_hf_000618,15,south,sad,-0.78754306,-0.982585
visec_hf_000619,0,south,neutral,-0.3210945,0.11360101
visec_hf_000620,0,south,happy,0.46271002,-0.39873344
visec_hf_000621,0,south,happy,-0.12427407,0.15439463
visec_hf_000622,0,south,neutral,0.475035,0.28272495
visec_hf_000623,0,south,neutral,0.29920396,0.4013488
visec_hf_000624,0,south,neutral,0.41974714,0.34999943
visec_hf_000625,0,south,sad,0.78956026,0.37082016
visec_hf_000626,0,south,neutral,0.06545431,0.44797355
visec_hf_000627,0,south,sad,-0.26731247,-0.16712172
visec_hf_000628,0,south,sad,1.6605324,0.25643718
visec_hf_000629,44,south,neutral,-0.89617443,0.117407836
visec_hf_000630,97,south,sad,-0.7956055,0.16926894
visec_hf_000631,23,south,sad,-0.7311814,-0.185648
visec_hf_000632,98,north,neutral,-0.4339585,-0.9636459
visec_hf_000633,0,south,angry,1.0419003,-0.17436688
visec_hf_000634,0,south,sad,1.240713,-0.034817122
visec_hf_000635,0,south,sad,0.74073344,0.49614182
visec_hf_000636,69,central,angry,-0.042815726,0.3042965
visec_hf_000637,87,north,sad,0.028856698,0.7283544
visec_hf_000638,70,south,sad,-1.0602764,0.004675752
visec_hf_000639,0,south,neutral,0.36565605,0.40567797
visec_hf_000640,52,north,happy,0.6100437,0.6540876
visec_hf_000642,0,south,happy,0.79223377,-0.53649914
visec_hf_000643,0,south,neutral,0.43266007,0.3794542
visec_hf_000644,0,south,happy,1.0973068,-0.14548756
visec_hf_000645,0,south,sad,0.8596403,0.11517455
visec_hf_000646,14,north,angry,-0.32635084,-0.30147713
visec_hf_000647,0,south,angry,0.8711381,0.32508606
visec_hf_000648,0,south,happy,1.1090323,0.22061223
visec_hf_000649,0,south,angry,0.8020559,-0.53106546
visec_hf_000650,63,south,happy,-0.55415446,-0.39355132
visec_hf_000651,0,south,happy,1.0485356,0.32598376
visec_hf_000652,83,south,sad,-0.8205511,0.6549865
visec_hf_000653,72,central,neutral,-0.8091525,0.40669617
visec_hf_000654,0,south,neutral,0.13543822,0.41696513
visec_hf_000655,0,south,neutral,0.29069278,0.25346854
visec_hf_000656,27,north,angry,-0.4585982,-1.2319547
visec_hf_000657,0,south,angry,0.025572652,0.44367674
visec_hf_000658,57,north,neutral,-0.7944745,-0.59659994
visec_hf_000659,15,south,neutral,-1.0723939,-1.0357552
visec_hf_000660,69,central,neutral,-0.7541963,-0.81350046
visec_hf_000661,0,south,neutral,0.030529551,0.29594907
visec_hf_000662,15,south,neutral,-1.329416,0.3447295
visec_hf_000663,0,south,happy,0.45023048,-0.34418547
visec_hf_000664,0,south,angry,0.30619282,-0.2373938
visec_hf_000665,34,north,angry,-0.88394266,-0.23943701
visec_hf_000666,99,south,happy,-0.5025933,-1.0568898
visec_hf_000667,69,central,happy,-0.88133734,-0.09790976
visec_hf_000668,12,north,happy,-0.38091567,0.34680438
visec_hf_000669,4,south,happy,-0.86221945,-0.00077456195
visec_hf_000670,0,south,happy,0.18165514,-0.85463494
visec_hf_000671,55,south,happy,-0.6152944,-0.9497139
visec_hf_000672,14,north,sad,0.088542864,0.33056208
visec_hf_000673,26,north,neutral,-0.476858,-1.2432891
visec_hf_000674,6,central,happy,-0.22183686,0.91058856
visec_hf_000675,0,south,angry,1.0996652,-0.70289946
visec_hf_000676,0,south,happy,0.69271994,-0.5902552
visec_hf_000677,50,north,angry,0.03353667,-0.030384561
visec_hf_000678,50,north,neutral,-0.4482766,-0.44311744
visec_hf_000679,0,south,sad,-0.3260277,-0.2643353
visec_hf_000680,77,north,happy,-0.55593145,0.36109877
visec_hf_000681,0,south,angry,0.9055019,-0.06813312
visec_hf_000682,49,south,sad,1.2309269,-0.3711023
visec_hf_000683,100,north,angry,0.27011615,0.97210383
visec_hf_000684,0,south,neutral,-0.15643038,0.25516194
visec_hf_000685,8,south,sad,-0.3115645,0.20502004
visec_hf_000686,101,central,neutral,-0.61652607,-1.1830418
visec_hf_000687,0,south,sad,0.1986103,0.44842476
visec_hf_000688,0,south,angry,1.0031672,0.30600703
visec_hf_000689,0,south,angry,0.7879742,-0.3327523
visec_hf_000690,0,south,happy,0.32041243,0.32577777
visec_hf_000691,2,south,neutral,0.064160265,-0.9979404
visec_hf_000692,15,south,angry,-0.83407724,0.8645973
visec_hf_000693,14,north,happy,-0.5344689,0.7995892
visec_hf_000694,0,south,happy,0.21577913,-0.0738109
visec_hf_000695,102,south,sad,-0.3927764,-0.13078178
visec_hf_000696,15,south,happy,-1.0019872,0.27692708
visec_hf_000697,46,north,sad,-0.9797815,0.515392
visec_hf_000698,0,south,sad,-0.24001667,0.70533705
visec_hf_000699,103,north,angry,-0.9919781,-0.08311825
visec_hf_000700,24,south,angry,-0.44769523,0.06396443
visec_hf_000701,32,south,happy,-0.76699495,0.69532424
visec_hf_000702,29,north,neutral,-0.20652103,-0.9618721
visec_hf_000703,0,south,neutral,0.52639914,0.3132151
visec_hf_000704,0,south,angry,1.0058581,-0.026353355
visec_hf_000705,0,south,neutral,0.43779343,0.4186795
visec_hf_000706,12,north,angry,1.0482953,-0.05827042
visec_hf_000707,87,north,happy,0.9812977,-0.14598073
visec_hf_000708,0,south,happy,0.43804455,0.31259322
visec_hf_000709,4,south,angry,-0.24190989,-0.4898651
visec_hf_000710,0,south,angry,0.5353468,0.27907574
visec_hf_000711,0,south,happy,-0.16627593,-0.89394355
visec_hf_000712,27,north,neutral,-0.8896195,-0.64108276
visec_hf_000713,104,north,neutral,-0.5449663,0.70483744
visec_hf_000714,13,south,neutral,-0.37033996,-0.19263688
visec_hf_000715,0,south,happy,1.0937734,-0.30188712
visec_hf_000716,0,south,sad,1.0761819,0.6449503
visec_hf_000717,15,south,happy,-0.98587894,-1.2510635
visec_hf_000718,28,south,neutral,-0.7634558,-0.4497804
visec_hf_000719,0,south,neutral,-0.6450151,-0.17154239
visec_hf_000720,0,south,happy,0.11194927,0.32883796
visec_hf_000721,0,south,neutral,0.24730735,0.38713586
visec_hf_000722,0,south,sad,0.58658457,-0.51613945
visec_hf_000723,105,south,neutral,-0.55997807,0.067899235
visec_hf_000724,19,north,sad,-0.80847657,-0.2813706
visec_hf_000725,0,south,happy,1.4449954,-0.12831438
visec_hf_000726,0,south,neutral,0.37890217,0.4512754
visec_hf_000727,39,south,neutral,0.017379247,0.15127648
visec_hf_000728,71,south,sad,-0.3231122,0.9486337
visec_hf_000729,106,central,angry,0.2547184,0.9760974
visec_hf_000730,85,south,neutral,-1.0940441,0.48471263
visec_hf_000731,0,south,angry,0.26089635,-0.49686372
visec_hf_000732,0,south,sad,-0.0977345,0.6994521
visec_hf_000733,14,north,happy,0.65118265,-0.61618274
visec_hf_000734,0,south,sad,0.15895063,0.22008817
visec_hf_000735,0,south,angry,0.33889169,0.75202054
visec_hf_000736,0,south,angry,0.7108719,0.56628263
visec_hf_000737,83,south,sad,0.36705792,-0.9117172
visec_hf_000738,0,south,neutral,0.22865266,0.5232751
visec_hf_000739,6,central,neutral,0.28576955,1.1286771
visec_hf_000740,3,north,happy,-0.9765171,-0.28086296
visec_hf_000741,0,south,happy,-0.010497634,1.0065627
visec_hf_000742,90,north,happy,-0.79170704,-0.35589093
visec_hf_000743,0,south,neutral,0.5314922,0.45471546
visec_hf_000744,0,south,angry,1.0532354,-0.6461978
visec_hf_000745,0,south,neutral,0.3353278,0.354626
visec_hf_000746,83,south,sad,-0.07488302,-0.2421469
visec_hf_000748,49,south,sad,0.65891397,-0.11587054
visec_hf_000749,38,south,sad,-0.19412728,-1.1151491
visec_hf_000750,46,north,neutral,-0.48912367,-0.64732206
visec_hf_000752,44,south,neutral,-0.98237634,1.0548236
visec_hf_000753,0,south,neutral,0.5139207,0.2937393
visec_hf_000754,32,south,sad,-0.3169124,0.8096974
visec_hf_000755,2,south,angry,0.9308035,0.46041116
visec_hf_000756,4,south,angry,-1.2039051,0.5195888
visec_hf_000757,0,south,happy,0.08863702,0.48705664
visec_hf_000758,12,north,angry,-0.032936063,-0.111332096
visec_hf_000759,0,south,angry,1.4657022,-0.43069857
visec_hf_000760,23,south,sad,-0.7468405,0.58903587
visec_hf_000761,0,south,angry,1.3609637,-0.469221
visec_hf_000762,58,south,sad,0.68614185,-0.046284195
visec_hf_000763,0,south,angry,0.9812549,-0.58987343
visec_hf_000764,14,north,happy,0.6422507,-0.12361784
visec_hf_000765,0,south,sad,0.62586564,-0.3708642
visec_hf_000766,0,south,angry,0.9469628,0.40170828
visec_hf_000767,0,south,sad,0.5177478,-0.336156
visec_hf_000768,34,north,angry,-0.61175746,-0.44893768
visec_hf_000769,15,south,neutral,-0.5486219,-1.1382122
visec_hf_000770,0,south,happy,1.1059972,0.14247406
visec_hf_000771,16,north,sad,-0.25542256,-0.29564115
visec_hf_000772,60,north,happy,-0.52348804,0.3653995
visec_hf_000773,59,south,angry,1.044216,-0.27681908
visec_hf_000775,85,south,neutral,-0.8358694,-0.38178682
visec_hf_000776,0,south,neutral,0.2638367,0.45687085
visec_hf_000777,0,south,sad,0.60405797,0.015859686
visec_hf_000778,0,south,sad,-0.23730391,0.42061752
visec_hf_000779,0,south,happy,1.315545,-0.5699385
visec_hf_000780,0,south,neutral,0.4546834,0.38149866
visec_hf_000781,0,south,angry,0.7742641,-1.002209
visec_hf_000782,25,north,angry,0.19869135,-0.66243124
visec_hf_000783,0,south,angry,0.9981841,0.43651894
visec_hf_000784,7,south,neutral,-0.55700153,-0.026545973
visec_hf_000785,0,south,angry,0.8287943,0.14632021
visec_hf_000786,32,south,happy,-0.45914868,-0.55053854
visec_hf_000787,0,south,angry,1.2571846,0.09639797
visec_hf_000788,0,south,angry,1.0472187,0.41952115
visec_hf_000789,57,north,sad,-1.1782346,0.08364345
visec_hf_000790,19,north,happy,-0.30386227,-0.40153185
visec_hf_000791,0,south,angry,0.7561606,0.20994872
visec_hf_000792,29,north,neutral,-0.71957225,0.8411685
visec_hf_000793,25,north,happy,-1.0599452,0.64441967
visec_hf_000794,95,north,neutral,-0.7826196,0.888698
visec_hf_000795,107,north,sad,-0.17379697,-0.5673177
visec_hf_000796,0,south,sad,0.14900394,1.136507
visec_hf_000797,14,north,happy,-0.3202777,0.79245806
visec_hf_000798,0,south,sad,0.232595,-0.30538666
visec_hf_000799,0,south,happy,0.07761497,0.13254301
visec_hf_000800,0,south,sad,0.582457,0.33791372
visec_hf_000801,10,north,sad,-0.77948,-0.12047262
visec_hf_000802,24,south,angry,-0.6709057,-0.5637985
visec_hf_000803,59,south,neutral,-0.3754851,0.8743483
visec_hf_000804,0,south,angry,1.3183588,-0.36794388
visec_hf_000805,90,north,neutral,-0.61915463,-1.1279056
visec_hf_000806,0,south,happy,0.13831605,-0.8119511
visec_hf_000807,49,south,sad,0.92730194,0.19286919
visec_hf_000808,30,north,neutral,-0.89467025,0.58291495
visec_hf_000809,0,south,angry,1.0222814,-0.31567526
visec_hf_000810,0,south,happy,0.50144196,0.37523097
visec_hf_000811,0,south,happy,0.20088282,-0.040839158
visec_hf_000812,57,north,neutral,-0.4609671,-1.166598
visec_hf_000813,4,south,neutral,-0.97489685,0.1806906
visec_hf_000814,0,south,angry,-0.120921575,0.30740532
visec_hf_000815,0,south,neutral,0.24794395,0.27471617
visec_hf_000816,0,south,angry,1.4335833,0.095772885
visec_hf_000817,3,north,angry,-0.73569494,0.9775639
visec_hf_000818,3,north,sad,-0.8069221,0.774949
visec_hf_000819,0,south,neutral,0.13122742,0.32261857
visec_hf_000820,0,south,sad,0.066778645,-0.58090866
visec_hf_000821,0,south,angry,-0.70305115,-0.21602005
visec_hf_000822,0,south,neutral,0.63502586,0.31059653
visec_hf_000823,21,south,neutral,-0.76178986,0.95004666
visec_hf_000824,15,south,happy,-0.7002382,-0.2389268
visec_hf_000825,0,south,happy,0.14580724,0.38221595
visec_hf_000826,0,south,angry,1.1229599,-0.47056046
visec_hf_000827,0,south,angry,0.56921524,-0.549489
visec_hf_000828,0,south,neutral,0.61150414,0.34447858
visec_hf_000829,72,central,neutral,-0.9390838,-0.0034595872
visec_hf_000830,55,south,happy,-0.59475094,-1.1305028
visec_hf_000831,36,north,neutral,-0.9188387,-0.21742764
visec_hf_000832,0,south,angry,0.67777354,0.423803
visec_hf_000833,0,south,sad,-0.25048593,0.25180945
visec_hf_000834,64,south,neutral,-0.49022576,-0.07409871
visec_hf_000835,99,south,happy,-0.86891294,0.27507424
visec_hf_000836,0,south,angry,1.283488,-0.2062151
visec_hf_000837,0,south,neutral,-0.7817401,0.06987132
visec_hf_000838,0,south,angry,1.0829121,0.49291864
visec_hf_000839,0,south,happy,0.65452373,0.0005490597
visec_hf_000840,0,south,angry,0.97320616,0.15996607
visec_hf_000841,0,south,angry,0.40750235,-0.73521
visec_hf_000842,23,south,sad,-0.4340508,0.11664085
visec_hf_000844,0,south,angry,0.47567242,0.24906641
visec_hf_000845,44,south,happy,-0.25266477,0.9232719
visec_hf_000846,1,south,sad,-0.6132617,-0.9345153
visec_hf_000847,0,south,sad,0.047748953,0.7274558
visec_hf_000848,16,north,sad,-0.2987369,-1.0193987
visec_hf_000849,72,central,angry,-0.6506677,0.14828864
visec_hf_000850,66,north,neutral,-1.1228402,0.42729613
visec_hf_000851,3,north,sad,-0.65003353,-1.0830581
visec_hf_000852,0,south,neutral,0.7397993,0.12742534
visec_hf_000853,0,south,angry,0.99787635,-0.3437574
visec_hf_000854,108,north,happy,-0.46386507,0.7456799
visec_hf_000855,0,south,neutral,0.0068923323,0.16171573
visec_hf_000856,3,north,happy,-0.7134416,0.27106345
visec_hf_000857,0,south,angry,1.0312078,-0.3553195
visec_hf_000858,6,central,happy,1.0614384,1.0392737
visec_hf_000859,47,north,neutral,-0.55030453,-1.2099507
visec_hf_000860,0,south,angry,0.7264044,0.18269485
visec_hf_000861,0,south,happy,0.56474805,-0.5291868
visec_hf_000863,46,north,angry,-0.6347939,-1.1370353
visec_hf_000864,0,south,angry,1.1624084,-0.45239618
visec_hf_000865,0,south,happy,0.012760089,-0.55457586
visec_hf_000866,2,south,sad,-0.08596738,-0.96136117
visec_hf_000867,0,south,angry,0.2986198,0.19173832
visec_hf_000868,0,south,sad,-0.20675169,0.47288144
visec_hf_000869,6,central,neutral,0.08550017,-0.13183784
visec_hf_000870,72,central,angry,0.7157278,0.5372623
visec_hf_000871,14,north,angry,-0.035745203,0.8345259
visec_hf_000872,38,south,sad,-0.4043295,-1.0136325
visec_hf_000873,44,south,neutral,-0.6445742,-0.29380032
visec_hf_000874,0,south,happy,-0.17010131,-0.20461598
visec_hf_000875,0,south,happy,0.16395219,-0.15412818
visec_hf_000876,29,north,happy,-0.5208585,0.8198008
visec_hf_000878,0,south,happy,-0.06974025,-0.88476723
visec_hf_000879,29,north,happy,-0.051422335,0.410879
visec_hf_000880,15,south,neutral,-0.92199177,-0.27350533
visec_hf_000881,49,south,sad,0.711952,0.7340475
visec_hf_000882,0,south,angry,1.3507727,0.10019015
visec_hf_000883,0,south,neutral,-0.040969368,0.15075395
visec_hf_000884,14,north,happy,-0.4719038,0.21190459
visec_hf_000885,0,south,angry,0.8186309,-0.06256498
visec_hf_000886,0,south,angry,0.96575516,-0.5767548
visec_hf_000887,0,south,angry,0.8147026,0.23620713
visec_hf_000888,12,north,angry,-0.542851,0.50902545
visec_hf_000889,52,north,angry,-0.033655755,0.6204326
visec_hf_000890,0,south,angry,-0.049139448,0.20784464
visec_hf_000891,36,north,neutral,-0.8119035,0.33978173
visec_hf_000892,0,south,neutral,0.33067876,0.28837195
visec_hf_000893,50,north,angry,0.063774,0.1788292
visec_hf_000894,0,south,angry,0.89010644,0.054562308
visec_hf_000895,0,south,happy,1.4760976,-0.2145466
visec_hf_000896,0,south,sad,-0.1537788,0.3425911
visec_hf_000897,36,north,neutral,-0.9208182,0.32739168
visec_hf_000898,38,south,happy,-0.39073727,-1.1878209
visec_hf_000899,0,south,neutral,0.2927519,0.07328401
visec_hf_000901,0,south,sad,0.5092073,0.10067015
visec_hf_000902,0,south,sad,0.5868649,0.18275563
visec_hf_000903,75,north,angry,-0.7369147,0.6262568
visec_hf_000904,15,south,sad,-1.2509164,0.8425
visec_hf_000905,0,south,angry,0.68877447,0.38281736
visec_hf_000906,12,north,happy,-0.33125514,-0.6488043
visec_hf_000907,47,north,neutral,-0.5076824,0.07108533
visec_hf_000908,0,south,sad,-0.4182378,-0.13073017
visec_hf_000909,23,south,angry,0.66701025,-0.63064706
visec_hf_000910,2,south,sad,1.0388346,0.08349004
visec_hf_000911,29,north,happy,-0.40532446,0.19019596
visec_hf_000912,0,south,angry,1.0643849,-0.6910986
visec_hf_000913,0,south,angry,0.79414946,0.23108357
visec_hf_000914,2,south,neutral,0.6129717,-0.33896306
visec_hf_000915,0,south,sad,0.7028327,0.32097855
visec_hf_000916,0,south,neutral,0.39074582,0.27437052
visec_hf_000917,12,north,angry,-0.862544,1.0308416
visec_hf_000918,15,south,happy,-1.0439718,-0.7769125
visec_hf_000919,77,north,sad,-0.66607654,1.0108759
visec_hf_000920,3,north,sad,-0.4202405,0.11561445
visec_hf_000921,0,south,angry,0.9606171,-0.3803471
visec_hf_000922,15,south,neutral,-0.9250178,-0.08978323
visec_hf_000923,54,north,sad,0.23747447,0.14477351
visec_hf_000924,51,south,neutral,-0.39892405,-0.11616381
visec_hf_000925,49,south,sad,-0.20635347,-0.5076066
visec_hf_000926,15,south,sad,-0.5978973,-1.2056692
visec_hf_000927,12,north,angry,-0.19446391,0.67069554
visec_hf_000928,109,south,sad,-0.14524534,-0.41225842
visec_hf_000929,15,south,neutral,-0.71293616,-0.25380707
visec_hf_000930,32,south,happy,-0.06602194,0.47562337
visec_hf_000931,105,south,neutral,-0.64350384,0.87004954
visec_hf_000932,0,south,neutral,0.7255027,0.54543406
visec_hf_000933,36,north,neutral,-0.8742507,-0.41599306
visec_hf_000934,0,south,neutral,0.15797086,0.58809096
visec_hf_000935,0,south,sad,0.38318613,-0.19400148
visec_hf_000936,99,south,sad,-0.7097448,-1.0761983
visec_hf_000937,0,south,neutral,0.6634613,0.46392107
visec_hf_000938,25,north,happy,-0.09203345,-0.9614327
visec_hf_000939,0,south,happy,0.1419998,0.27409348
visec_hf_000940,0,south,angry,1.0970738,-0.119166076
visec_hf_000941,32,south,neutral,-0.8978483,0.20704636
visec_hf_000942,63,south,sad,-0.6453583,-0.111096956
visec_hf_000943,0,south,angry,1.0189917,0.21639411
visec_hf_000944,49,south,neutral,-0.6140456,0.7347913
visec_hf_000945,40,north,neutral,-0.018777601,0.20444311
visec_hf_000946,15,south,sad,-1.1920624,-0.23801088
visec_hf_000947,14,north,angry,1.2615364,-0.38827696
visec_hf_000948,15,south,happy,-1.0102477,0.5369209
visec_hf_000949,15,south,sad,-0.75892407,-0.55051154
visec_hf_000950,32,south,sad,-0.9268952,0.75097215
visec_hf_000951,0,south,angry,0.3665853,0.53745246
visec_hf_000952,57,north,angry,-0.7964672,-0.35305238
visec_hf_000953,0,south,happy,0.20779978,-0.45528
visec_hf_000954,0,south,sad,-0.03359293,-0.12815578
visec_hf_000955,2,south,neutral,0.5024001,0.039511092
visec_hf_000956,0,south,sad,0.70319223,0.06302654
visec_hf_000957,0,south,happy,0.48148614,-0.3327542
visec_hf_000958,0,south,angry,0.96126866,-0.064879656
visec_hf_000959,15,south,neutral,-0.93559676,1.0205361
visec_hf_000960,110,south,sad,-0.57912225,0.36921978
visec_hf_000961,3,north,angry,-0.43053138,-0.5632892
visec_hf_000962,0,south,neutral,0.24738662,0.40217566
visec_hf_000963,22,north,angry,-0.5247241,1.1699649
visec_hf_000964,0,south,neutral,0.21322,0.07785573
visec_hf_000965,6,central,happy,0.41127366,0.9324721
visec_hf_000966,54,north,sad,-0.42373016,0.9322736
visec_hf_000967,9,south,sad,-0.13567986,0.9303332
visec_hf_000968,51,south,neutral,0.17778154,-0.77308786
visec_hf_000969,0,south,happy,1.1676929,0.17231612
visec_hf_000970,0,south,neutral,0.6605254,0.3459167
visec_hf_000971,0,south,angry,0.58421355,0.49279067
visec_hf_000972,12,north,angry,-0.2936471,0.17987575
visec_hf_000973,42,south,neutral,-1.1018971,0.52642286
visec_hf_000974,26,north,neutral,-0.70785207,-0.5217752
visec_hf_000975,56,south,angry,0.3761905,1.0462215
visec_hf_000976,103,north,angry,-0.6459842,0.013416894
visec_hf_000977,111,south,angry,0.052222688,0.23288423
visec_hf_000978,2,south,neutral,-0.17565039,0.2810365
visec_hf_000979,0,south,neutral,0.40749595,0.31905526
visec_hf_000980,0,south,neutral,0.41872993,0.6946956
visec_hf_000981,29,north,angry,-0.6677249,0.95282084
visec_hf_000982,0,south,sad,0.9709806,-0.61559576
visec_hf_000983,2,south,angry,1.3116959,-0.4001872
visec_hf_000984,0,south,sad,-0.5014916,0.8722675
visec_hf_000985,0,south,angry,0.15899283,0.25243837
visec_hf_000986,35,north,neutral,-0.19486849,-0.40205595
visec_hf_000987,4,south,neutral,-0.7301495,-0.81741375
visec_hf_000988,49,south,happy,-0.5035604,0.7927187
visec_hf_000989,2,south,sad,1.0094229,-0.7711067
visec_hf_000990,95,north,happy,0.057955034,0.40039906
visec_hf_000991,0,south,angry,0.9072014,-0.5327139
visec_hf_000992,0,south,happy,-0.020594044,-0.24777998
visec_hf_000993,87,north,neutral,0.07137071,0.1191898
visec_hf_000994,29,north,happy,-0.8238729,1.0644926
visec_hf_000995,86,south,sad,0.14083377,-1.0286242
visec_hf_000996,0,south,angry,1.1867763,0.21674797
visec_hf_000997,0,south,angry,1.0378206,-0.71528393
visec_hf_000998,0,south,angry,0.9927013,0.7059364
visec_hf_000999,29,north,sad,-0.8179687,0.85512465
visec_hf_001000,0,south,happy,0.6272749,0.5128362
visec_hf_001001,0,south,angry,0.08331324,0.0019558177
visec_hf_001002,3,north,neutral,-0.37104097,-0.20891699
visec_hf_001003,0,south,angry,0.95740455,-0.13270298
visec_hf_001004,45,south,happy,0.035444744,-0.6124087
visec_hf_001005,16,north,sad,-0.76260614,-0.4189209
visec_hf_001006,66,north,happy,-0.6983464,-0.9669914
visec_hf_001007,14,north,angry,-0.042498708,-0.16483882
visec_hf_001008,88,south,sad,-0.41814858,0.26107916
visec_hf_001009,24,south,angry,0.2550943,-0.7291773
visec_hf_001010,55,south,angry,-0.24010661,-0.87257195
visec_hf_001011,0,south,neutral,-0.1612748,0.25598788
visec_hf_001012,8,south,sad,0.49778578,1.1492654
visec_hf_001013,24,south,angry,-0.2571275,-0.55652326
visec_hf_001014,52,north,angry,1.1944705,-0.44005603
visec_hf_001015,0,south,happy,0.6816982,-0.5475528
visec_hf_001016,15,south,sad,-0.8636036,-0.37478143
visec_hf_001017,0,south,sad,-0.0917152,0.8116143
visec_hf_001018,0,south,neutral,-0.38644695,-0.23691778
visec_hf_001019,97,south,neutral,-1.2064153,0.45987046
visec_hf_001020,28,south,angry,-0.6949143,0.07137109
visec_hf_001021,91,north,sad,-0.65537596,-0.6333172
visec_hf_001022,112,south,angry,-0.8191608,0.97034466
visec_hf_001023,0,south,sad,0.62458456,0.3239107
visec_hf_001024,44,south,neutral,-0.57398516,-0.8746392
visec_hf_001025,0,south,sad,0.07649449,0.18725252
visec_hf_001026,25,north,angry,0.421993,-0.7068673
visec_hf_001027,0,south,neutral,0.09892344,0.16412623
visec_hf_001028,0,south,sad,-0.4747252,0.32019538
visec_hf_001029,0,south,sad,0.2134556,0.23258466
visec_hf_001030,25,north,angry,-0.19523281,-0.12356326
visec_hf_001031,0,south,angry,0.80110556,0.18532938
visec_hf_001032,14,north,angry,0.35308346,-0.84404576
visec_hf_001033,96,south,angry,0.4246661,0.2720336
visec_hf_001034,0,south,angry,0.56520736,0.78866464
visec_hf_001035,57,north,neutral,-0.8974006,-0.045838445
visec_hf_001036,32,south,sad,-0.7612007,0.8777482
visec_hf_001037,14,north,angry,-0.87215966,0.9486802
visec_hf_001038,75,north,happy,-0.19551276,-0.8156565
visec_hf_001039,0,south,happy,0.8265071,-0.55485374
visec_hf_001040,4,south,sad,-0.7165566,-0.3097225
visec_hf_001041,16,north,sad,-0.23279275,-0.7782687
visec_hf_001042,0,south,happy,0.8905939,0.14201166
visec_hf_001043,38,south,happy,-0.36889094,-1.1032506
visec_hf_001044,2,south,sad,1.166433,-0.4237874
visec_hf_001045,28,south,neutral,-0.6623987,-0.53426206
visec_hf_001046,0,south,neutral,0.18642597,0.17923924
visec_hf_001047,6,central,happy,1.0971332,0.24946159
visec_hf_001048,0,south,angry,-0.091210015,0.6577074
visec_hf_001049,15,south,neutral,-0.48245305,-1.1305494
visec_hf_001050,15,south,angry,-0.8905901,0.66851056
visec_hf_001051,14,north,neutral,-0.5129287,-0.3163017
visec_hf_001052,57,north,angry,-0.8633536,0.93559206
visec_hf_001053,0,south,sad,0.4730709,0.056276068
visec_hf_001054,0,south,angry,0.8607085,-0.5698952
visec_hf_001055,73,north,angry,-0.4195966,0.7824082
visec_hf_001056,25,north,happy,-0.21919757,-0.12044498
visec_hf_001057,34,north,angry,-0.08573544,-0.94799954
visec_hf_001058,0,south,angry,0.43427277,0.9551837
visec_hf_001059,0,south,neutral,-0.055537123,0.23036101
visec_hf_001060,29,north,neutral,-0.5566552,-0.075053744
visec_hf_001061,0,south,happy,0.8882759,-0.5019896
visec_hf_001062,5,south,neutral,-0.12508345,-0.49031192
visec_hf_001063,22,north,angry,0.48227483,0.19618423
visec_hf_001064,15,south,angry,-1.001455,-0.21426223
visec_hf_001065,13,south,angry,-1.096443,0.51408744
visec_hf_001066,87,north,happy,-0.66213405,-1.440584
visec_hf_001067,16,north,sad,-0.62824273,-0.007910321
visec_hf_001068,14,north,angry,0.15273423,0.13585857
visec_hf_001069,113,south,angry,-0.9705446,0.7658879
visec_hf_001070,0,south,angry,1.2253928,-0.5158317
visec_hf_001071,0,south,angry,1.1130489,0.17234568
visec_hf_001072,3,north,sad,-0.5294685,0.5451249
visec_hf_001073,12,north,angry,-0.023824513,0.08729701
visec_hf_001074,0,south,happy,1.2409033,-0.07401748
visec_hf_001075,69,central,angry,-0.7750913,-0.36192465
visec_hf_001077,0,south,happy,0.11239395,-0.72295904
visec_hf_001078,0,south,angry,1.3084017,-0.6776373
visec_hf_001079,15,south,neutral,-1.0651472,-0.35016203
visec_hf_001080,51,south,happy,-0.3192268,0.18010211
visec_hf_001081,0,south,angry,0.7173155,0.60194945
visec_hf_001082,25,north,happy,-0.97160643,0.4540733
visec_hf_001083,98,north,angry,-0.6537743,0.77649194
visec_hf_001084,26,north,happy,-0.5292657,-0.3421901
visec_hf_001085,0,south,angry,0.996177,0.1872122
visec_hf_001086,3,north,sad,-0.83433527,0.36708254
visec_hf_001087,37,central,neutral,-0.53869945,-0.392359
visec_hf_001088,39,south,neutral,-0.61790794,-0.030841913
visec_hf_001089,3,north,happy,-0.20225796,0.56041574
visec_hf_001090,111,south,neutral,0.0022297436,-0.060575202
visec_hf_001091,113,south,neutral,-0.75542516,-0.6811846
visec_hf_001092,29,north,neutral,-0.69621444,0.94848937
visec_hf_001093,2,south,sad,0.8662899,0.18898998
visec_hf_001094,0,south,sad,0.6768273,-0.047785293
visec_hf_001095,0,south,angry,0.7960749,0.45651844
visec_hf_001096,38,south,happy,-0.6063366,-0.999946
visec_hf_001097,0,south,angry,1.1633785,0.00057413377
visec_hf_001098,0,south,neutral,0.021219386,0.39018404
visec_hf_001099,0,south,angry,0.9196546,0.4594673
visec_hf_001100,0,south,angry,1.4225442,-0.25914893
visec_hf_001101,1,south,neutral,-0.9695753,0.34330437
visec_hf_001102,0,south,angry,0.4727288,0.10225039
visec_hf_001103,0,south,angry,0.68065083,0.2687859
visec_hf_001104,27,north,neutral,-0.7986797,-0.35598764
visec_hf_001105,15,south,happy,-0.87820613,-0.46222216
visec_hf_001106,12,north,happy,-0.51811403,-0.6424162
visec_hf_001107,6,central,happy,-0.26838544,1.167041
visec_hf_001108,15,south,happy,-0.86879516,-0.443287
visec_hf_001109,2,south,sad,0.52829814,-0.036972202
visec_hf_001110,0,south,angry,0.77441275,-0.7621608
visec_hf_001111,16,north,neutral,-0.67571783,-0.7145271
visec_hf_001112,29,north,angry,0.028323848,0.8392795
visec_hf_001113,0,south,happy,-0.046621427,0.17010403
visec_hf_001115,27,north,neutral,-0.90051454,-0.24142343
visec_hf_001116,49,south,neutral,-0.35706002,0.66993475
visec_hf_001117,0,south,happy,1.2936882,-0.26223177
visec_hf_001118,0,south,sad,0.24336341,-0.3133782
visec_hf_001119,12,north,happy,-0.5334212,-0.18132222
visec_hf_001120,0,south,sad,1.1230353,0.22226526
visec_hf_001121,24,south,angry,-0.60213,-0.485905
visec_hf_001122,12,north,happy,-0.32198337,-0.29151383
visec_hf_001123,83,south,sad,0.17933384,-1.1581211
visec_hf_001124,45,south,sad,-0.62507266,0.94607025
visec_hf_001125,14,north,happy,0.04264326,-0.0149812475
visec_hf_001126,0,south,sad,0.2711655,0.80035245
visec_hf_001127,64,south,happy,-0.5966023,-0.58441526
visec_hf_001129,6,central,happy,-0.37362066,1.1504209
visec_hf_001130,0,south,sad,0.00088202936,-0.5667032
visec_hf_001131,49,south,sad,0.87630284,-0.14471748
visec_hf_001132,0,south,happy,0.6703555,0.20830016
visec_hf_001133,82,south,neutral,0.0044459635,-0.26217628
visec_hf_001134,2,south,neutral,0.26305616,0.39380857
visec_hf_001135,0,south,sad,0.4893529,0.2970641
visec_hf_001136,25,north,happy,-0.3373222,-1.3767526
visec_hf_001137,4,south,neutral,-0.5292138,-0.89561796
visec_hf_001138,0,south,happy,0.2230184,0.46489608
visec_hf_001139,0,south,neutral,-0.30703995,0.4467566
visec_hf_001140,87,north,happy,0.35291427,0.31604707
visec_hf_001141,15,south,neutral,-0.9935175,0.5270394
visec_hf_001142,6,central,happy,-0.6858224,0.9589883
visec_hf_001143,6,central,happy,0.831485,0.92132896
visec_hf_001144,0,south,neutral,-0.46317297,0.070243135
visec_hf_001145,0,south,angry,0.9555963,-0.31365395
visec_hf_001146,38,south,neutral,-1.1790814,0.41393802
visec_hf_001147,15,south,happy,-0.9392034,0.72747445
visec_hf_001148,6,central,happy,0.9694576,-0.5427375
visec_hf_001149,111,south,sad,-0.7834313,0.8460152
visec_hf_001150,21,south,happy,-0.77399945,0.6375296
visec_hf_001151,16,north,sad,-0.019850975,-0.08369431
visec_hf_001152,24,south,angry,-0.5213981,-0.5419686
visec_hf_001153,0,south,sad,0.1074891,-0.12488905
visec_hf_001154,2,south,sad,1.274812,0.32277727
visec_hf_001155,72,central,neutral,-0.79319704,0.54010874
visec_hf_001156,57,north,neutral,-0.59859335,-0.4688263
visec_hf_001157,0,south,happy,0.12789264,0.03449439
visec_hf_001158,10,north,sad,-0.735781,-0.25842994
visec_hf_001159,114,south,angry,0.61314297,0.36009184
visec_hf_001160,6,central,neutral,0.6005697,1.0690857
visec_hf_001161,6,central,happy,-0.3392668,1.1237904
visec_hf_001162,6,central,neutral,0.07400684,1.1389883
visec_hf_001163,0,south,neutral,1.1030519,0.36489353
visec_hf_001164,87,north,angry,0.6853519,0.21299972
visec_hf_001165,0,south,neutral,-0.40448704,0.11996461
visec_hf_001166,0,south,neutral,0.24872719,0.043416023
visec_hf_001167,0,south,happy,1.1075238,-0.17790604
visec_hf_001168,0,south,angry,0.44515395,-0.9100972
visec_hf_001169,0,south,happy,0.16629787,0.1856483
visec_hf_001170,12,north,happy,-0.25857815,0.7853328
visec_hf_001171,0,south,neutral,0.1850774,0.30552137
visec_hf_001172,0,south,neutral,0.61082697,0.35357088
visec_hf_001173,62,south,happy,-0.8941921,0.5128208
visec_hf_001174,0,south,happy,0.09553609,-0.65211916
visec_hf_001175,15,south,neutral,-0.9202183,-0.52880985
visec_hf_001176,0,south,angry,0.68601537,-0.35460782
visec_hf_001177,0,south,neutral,0.17992797,0.3182085
visec_hf_001178,97,south,neutral,-0.3584099,-0.72212946
visec_hf_001179,0,south,sad,0.12344698,0.27108717
visec_hf_001180,0,south,happy,-0.22497818,-0.1415525
visec_hf_001181,0,south,sad,-0.4447,-0.5515749
visec_hf_001182,0,south,angry,0.076634064,-0.20866536
visec_hf_001183,0,south,happy,0.85074776,-0.67627394
visec_hf_001184,37,central,neutral,-0.44451177,-0.7009862
visec_hf_001185,0,south,happy,-0.08665867,-0.14550771
visec_hf_001186,0,south,neutral,0.80611664,0.58222115
visec_hf_001187,57,north,happy,-1.1024199,-0.6692239
visec_hf_001188,0,south,neutral,-0.29907414,0.25694987
visec_hf_001189,0,south,neutral,-0.25592637,0.17650591
visec_hf_001190,64,south,angry,-0.48537982,-0.8178538
visec_hf_001191,15,south,happy,-1.0420074,-0.41284987
visec_hf_001192,12,north,angry,-0.2897047,-0.6147353
visec_hf_001193,23,south,sad,-0.5987486,0.8777211
visec_hf_001194,0,south,sad,0.18913665,0.19901606
visec_hf_001196,0,south,happy,-0.13255686,-0.17987621
visec_hf_001197,0,south,happy,0.89082724,-0.17086132
visec_hf_001198,6,central,neutral,0.9186528,0.09855252
visec_hf_001199,6,central,happy,-0.20132582,0.987483
visec_hf_001200,0,south,sad,0.6658221,-0.76256937
visec_hf_001201,115,south,neutral,-0.3280292,-0.6031115
visec_hf_001202,102,south,sad,-0.324596,-0.77143526
visec_hf_001203,0,south,angry,1.3784807,-0.38812533
visec_hf_001204,6,central,neutral,-0.2662607,0.3391665
visec_hf_001205,29,north,neutral,-0.4161859,-0.32253078
visec_hf_001206,5,south,happy,-0.6165355,-0.046564646
visec_hf_001207,0,south,angry,1.238283,-0.44921854
visec_hf_001208,39,south,happy,-0.75342375,-0.44900727
visec_hf_001209,104,north,neutral,-0.5386255,0.10917134
visec_hf_001210,0,south,neutral,-0.30413792,0.17526351
visec_hf_001211,0,south,sad,0.875243,0.4118396
visec_hf_001212,0,south,sad,0.101315096,0.36139497
visec_hf_001213,72,central,angry,-0.9406722,0.6190858
visec_hf_001214,0,south,angry,1.0856069,-0.26701385
visec_hf_001215,44,south,neutral,-0.1093091,0.14441742
visec_hf_001216,6,central,neutral,0.77751875,1.0655726
visec_hf_001217,12,north,angry,0.7036086,-0.7977736
visec_hf_001218,0,south,neutral,0.1674899,0.14983429
visec_hf_001219,0,south,sad,0.8789755,0.6571043
visec_hf_001220,61,north,sad,-0.5763187,-0.8344871
visec_hf_001221,29,north,neutral,-0.27919388,0.78826576
visec_hf_001222,0,south,angry,0.3773462,-0.5577721
visec_hf_001223,0,south,neutral,0.12778932,0.45424977
visec_hf_001224,0,south,sad,0.05337003,0.6918812
visec_hf_001225,0,south,sad,0.4427791,-0.36421654
visec_hf_001226,0,south,neutral,0.70713323,0.60910225
visec_hf_001227,77,north,neutral,-0.32262036,0.8948701
visec_hf_001228,38,south,sad,-0.80046946,-0.5757913
visec_hf_001229,0,south,angry,1.0128417,-0.14626753
visec_hf_001230,0,south,angry,0.3839675,1.0079967
visec_hf_001231,0,south,angry,0.58069783,0.13814035
visec_hf_001232,2,south,sad,1.074027,0.09425332
visec_hf_001233,0,south,angry,0.49603018,0.0075826393
visec_hf_001234,15,south,sad,-0.56641626,-0.8307985
visec_hf_001235,116,central,neutral,-0.8058037,0.7337067
visec_hf_001236,4,south,neutral,-0.605778,-1.3062928
visec_hf_001237,4,south,neutral,-0.5264755,-0.78999126
visec_hf_001238,117,north,happy,-0.503578,0.36902082
visec_hf_001239,118,south,angry,-0.7086444,0.10936555
visec_hf_001240,0,south,angry,0.49318123,-0.7326242
visec_hf_001241,0,south,angry,1.1829896,-0.1256861
visec_hf_001242,93,south,happy,-0.8502033,-0.3844837
visec_hf_001243,0,south,happy,0.47711128,0.59935725
visec_hf_001244,49,south,sad,0.6509884,0.9502734
visec_hf_001245,109,south,sad,-0.6705761,0.24368702
visec_hf_001246,0,south,angry,0.17766212,0.31623712
visec_hf_001247,16,north,sad,-0.89486676,-0.48172912
visec_hf_001248,28,south,neutral,-1.02931,-1.1169028
visec_hf_001249,0,south,angry,0.5761207,-0.289954
visec_hf_001250,0,south,happy,0.16436939,-0.6778628
visec_hf_001251,0,south,sad,0.6517248,0.095274806
visec_hf_001252,0,south,neutral,0.14639714,0.09969829
visec_hf_001253,53,south,happy,-0.6842277,1.0168942
visec_hf_001254,29,north,neutral,-0.5244999,-0.9364952
visec_hf_001255,15,south,neutral,-1.0498457,0.2171303
visec_hf_001256,96,south,angry,0.780896,0.26737264
visec_hf_001257,0,south,neutral,0.57802385,0.06130284
visec_hf_001258,0,south,neutral,0.81304264,0.2757388
visec_hf_001259,0,south,neutral,0.6157082,0.3199543
visec_hf_001260,44,south,neutral,-0.92212003,-0.4269595
visec_hf_001261,49,south,sad,0.24866685,0.6292564
visec_hf_001262,71,south,sad,-0.8815323,0.5077188
visec_hf_001263,0,south,neutral,0.26796776,0.1224076
visec_hf_001264,14,north,neutral,0.4541866,-0.07887418
visec_hf_001265,0,south,happy,0.4962111,-0.23450689
visec_hf_001266,0,south,angry,0.7104465,0.36869693
visec_hf_001267,0,south,sad,0.54615927,0.44331664
visec_hf_001268,1,south,happy,-1.0009699,-0.1371973
visec_hf_001269,0,south,sad,0.95347,0.46080568
visec_hf_001270,15,south,sad,-0.8024704,-0.9362304
visec_hf_001271,58,south,neutral,-1.1487981,0.25496295
visec_hf_001272,23,south,neutral,-0.3509028,-0.5264212
visec_hf_001273,0,south,angry,0.7255096,0.33867687
visec_hf_001274,0,south,angry,1.1238068,0.025749093
visec_hf_001275,0,south,neutral,0.1959852,0.38349575
visec_hf_001276,0,south,angry,1.3177129,-0.15946884
visec_hf_001277,0,south,neutral,0.69538945,0.3784724
visec_hf_001278,39,south,happy,-0.34472713,1.0648701
visec_hf_001279,0,south,neutral,0.51008767,0.27609664
visec_hf_001280,0,south,happy,0.44649467,0.30604517
visec_hf_001281,6,central,neutral,-0.21113913,1.0102538
visec_hf_001282,0,south,neutral,-0.069628865,0.34933537
visec_hf_001284,0,south,happy,0.077985205,0.510787
visec_hf_001285,0,south,angry,0.71523684,-0.119790666
visec_hf_001286,69,central,angry,-0.112776496,-0.28667256
visec_hf_001287,47,north,neutral,-0.9435242,1.0094261
visec_hf_001288,0,south,angry,1.1449023,-0.43155017
visec_hf_001289,24,south,angry,-0.5815191,-0.001923323
visec_hf_001290,12,north,sad,-0.28561354,-0.2363154
visec_hf_001291,119,central,neutral,-0.5067887,-0.25513986
visec_hf_001292,14,north,angry,0.64165175,-0.045245532
visec_hf_001293,4,south,neutral,-0.7322398,-0.04916811
visec_hf_001294,0,south,sad,0.2328039,-0.8560759
visec_hf_001295,46,north,happy,-0.95237124,-0.19158262
visec_hf_001296,115,south,sad,-0.27794695,-0.23748985
visec_hf_001297,0,south,angry,0.78847885,-0.6573442
visec_hf_001298,0,south,sad,0.6161262,0.47881392
visec_hf_001299,0,south,happy,0.66044694,-0.34546292
visec_hf_001300,3,north,sad,-0.5471247,-0.09805739
visec_hf_001301,6,central,neutral,0.8727504,-0.14972909
visec_hf_001302,36,north,neutral,-0.9402689,-0.44650492
visec_hf_001303,19,north,sad,-0.56449044,-0.368117
visec_hf_001304,6,central,happy,-0.68916166,1.0581774
visec_hf_001305,0,south,neutral,0.8925259,0.53310275
visec_hf_001306,47,north,happy,-1.0077066,0.6563031
visec_hf_001307,0,south,angry,0.13021864,0.17842454
visec_hf_001308,98,north,neutral,-0.26724854,-0.6173133
visec_hf_001309,0,south,neutral,0.29544157,0.35586518
visec_hf_001310,41,north,angry,-0.8162064,0.9838021
visec_hf_001311,10,north,sad,-0.59255886,-0.48790663
visec_hf_001312,14,north,happy,-1.0210447,0.9903738
visec_hf_001313,16,north,sad,-0.69791514,-0.49079582
visec_hf_001314,120,south,angry,-0.5705747,-0.49739915
visec_hf_001315,106,central,neutral,-0.44278038,-0.7401208
visec_hf_001316,0,south,angry,0.5353406,0.45135784
visec_hf_001317,121,north,sad,-0.55903137,0.23902716
visec_hf_001318,6,central,happy,0.5419113,0.9550437
visec_hf_001319,45,south,angry,-0.28320295,0.9139451
visec_hf_001320,0,south,neutral,-0.62916154,0.24295305
visec_hf_001321,51,south,sad,-0.8277464,-0.25840464
visec_hf_001322,2,south,sad,-0.90200627,0.26209185
visec_hf_001323,56,south,sad,1.1257392,0.35387546
visec_hf_001324,0,south,angry,0.81011266,0.07489066
visec_hf_001325,15,south,sad,-0.7356586,-0.66357696
visec_hf_001326,0,south,sad,-0.31391338,-0.67465174
visec_hf_001327,0,south,neutral,-0.18858731,0.25101426
visec_hf_001328,0,south,neutral,-0.22459486,-0.025720581
visec_hf_001329,8,south,neutral,-0.13012193,-1.0000875
visec_hf_001330,36,north,neutral,-0.6435049,-0.16839176
visec_hf_001332,15,south,happy,-0.4761733,-1.3119351
visec_hf_001333,0,south,angry,1.1128417,0.08695143
visec_hf_001334,0,south,angry,1.1008259,0.1647453
visec_hf_001335,19,north,neutral,-0.52448833,-0.22719146
visec_hf_001336,0,south,happy,0.3724279,0.2921791
visec_hf_001337,0,south,neutral,0.05838276,0.2102333
visec_hf_001338,0,south,neutral,0.640034,0.37670362
visec_hf_001339,57,north,neutral,-0.56139547,-0.73792773
visec_hf_001340,0,south,angry,1.2491355,-0.5854647
visec_hf_001341,0,south,angry,1.0765132,-0.14355072
visec_hf_001342,0,south,angry,0.9369054,0.3188287
visec_hf_001343,0,south,happy,0.8151175,-0.34219348
visec_hf_001344,0,south,angry,1.5471206,-0.24654387
visec_hf_001345,122,south,angry,-0.52498716,-0.24832724
visec_hf_001346,5,south,neutral,-0.8595365,0.8906581
visec_hf_001347,0,south,happy,-0.29409507,0.015238471
visec_hf_001348,32,south,sad,-0.34122863,-0.11057791
visec_hf_001349,107,north,sad,-0.47666985,-0.19290487
visec_hf_001350,27,north,neutral,-0.8010229,-1.1024821
visec_hf_001351,12,north,happy,-0.51980186,0.5955569
visec_hf_001352,0,south,neutral,0.4027103,0.3981747
visec_hf_001353,0,south,happy,1.1070929,-0.41496217
visec_hf_001355,116,central,happy,-0.94401646,0.8771887
visec_hf_001356,29,north,angry,-0.31464118,0.9586136
visec_hf_001357,0,south,happy,1.1963245,-0.45813942
visec_hf_001358,46,north,sad,-1.0564321,0.51767033
visec_hf_001359,0,south,angry,0.5744434,0.59077096
visec_hf_001360,6,central,neutral,-0.19905964,1.1891036
visec_hf_001361,0,south,angry,1.1271696,0.49427316
visec_hf_001362,0,south,neutral,-0.53304464,0.2257535
visec_hf_001363,0,south,angry,0.7431339,0.23344013
visec_hf_001364,0,south,angry,0.09499085,0.40093437
visec_hf_001365,1,south,neutral,-0.78555363,-0.25573754
visec_hf_001366,27,north,happy,-1.075148,0.56533474
visec_hf_001367,33,central,happy,-0.99069923,0.9241433
visec_hf_001368,0,south,happy,0.060679942,0.4642964
visec_hf_001369,0,south,angry,0.90756446,0.32800293
visec_hf_001370,24,south,angry,-0.39642337,-0.41782522
visec_hf_001371,0,south,happy,0.13668971,-0.25149658
visec_hf_001372,14,north,angry,-0.17091297,0.6589776
visec_hf_001373,0,south,sad,-0.16333194,-0.04792661
visec_hf_001374,59,south,angry,-0.114208564,0.8602662
visec_hf_001375,0,south,happy,1.0348083,0.02514245
visec_hf_001376,64,south,neutral,-0.5481057,-0.736328
visec_hf_001377,87,north,neutral,-0.17785878,-1.1272037
visec_hf_001378,2,south,angry,0.8780621,0.6376451
visec_hf_001379,0,south,neutral,-0.28479347,0.24473761
visec_hf_001380,26,north,neutral,-0.71266913,-0.9021194
visec_hf_001381,0,south,angry,1.0019267,-0.4146189
visec_hf_001382,49,south,sad,0.91061926,0.29283804
visec_hf_001383,4,south,happy,-0.99637824,-0.19039951
visec_hf_001384,50,north,angry,-0.22038475,-1.185279
visec_hf_001385,0,south,sad,0.36587515,0.5812683
visec_hf_001386,0,south,angry,1.1827428,-0.65324605
visec_hf_001387,0,south,angry,0.13326369,0.28465083
visec_hf_001388,0,south,angry,0.4894289,-0.0012158992
visec_hf_001389,38,south,angry,-0.7965276,-0.469146
visec_hf_001390,0,south,angry,1.5496526,-0.6153846
visec_hf_001391,0,south,sad,0.13618942,-0.09449865
visec_hf_001392,0,south,angry,0.08663446,-0.5913468
visec_hf_001393,3,north,sad,-0.5508848,-0.48500422
visec_hf_001394,15,south,sad,-0.44386443,-1.0396022
visec_hf_001395,0,south,sad,-0.8647062,1.1251442
visec_hf_001396,12,north,angry,0.03522465,0.28778297
visec_hf_001397,0,south,angry,-0.26435944,0.936367
visec_hf_001398,57,north,neutral,-0.8830458,-0.23004454
visec_hf_001399,5,south,angry,-0.24018125,0.8887789
visec_hf_001400,27,north,sad,-0.5732376,-1.1525085
visec_hf_001401,0,south,sad,0.8349021,0.23153213
visec_hf_001402,0,south,angry,0.9557606,0.024061987
visec_hf_001403,52,north,angry,0.694241,0.4301898
visec_hf_001404,0,south,happy,0.89312357,0.05850068
visec_hf_001405,32,south,happy,-0.89122283,0.91760916
visec_hf_001406,0,south,neutral,0.34603465,0.325452
visec_hf_001407,9,south,sad,1.5566943,-0.31961358
visec_hf_001408,0,south,sad,0.32143366,0.29278627
visec_hf_001409,6,central,neutral,0.56946486,0.35616
visec_hf_001411,9,south,sad,0.6501669,-0.6201955
visec_hf_001412,115,south,neutral,-0.2223818,-0.08449999
visec_hf_001413,0,south,happy,1.0542065,0.42241117
visec_hf_001414,0,south,sad,0.96608526,-0.44651026
visec_hf_001415,0,south,angry,1.0813143,-0.04633692
visec_hf_001416,0,south,angry,1.1202651,0.31336254
visec_hf_001417,50,north,happy,-0.56348526,-0.40780702
visec_hf_001418,0,south,happy,0.1647343,-0.78441447
visec_hf_001419,0,south,angry,0.72686136,0.7944443
visec_hf_001420,83,south,happy,-0.34464028,0.8995857
visec_hf_001421,0,south,angry,0.8918372,-0.5016055
visec_hf_001422,15,south,happy,-0.603536,-0.8905356
visec_hf_001423,70,south,sad,-0.92042565,-0.42333263
visec_hf_001424,0,south,angry,1.3731138,-0.6561696
visec_hf_001425,6,central,happy,-0.2856038,0.9385158
visec_hf_001426,14,north,happy,-0.092259146,0.1475199
visec_hf_001427,101,central,neutral,-0.39117068,-1.3634307
visec_hf_001428,10,north,sad,-0.82224834,-0.24383421
visec_hf_001429,56,south,neutral,-1.0067302,0.39783046
visec_hf_001430,0,south,happy,-0.6041484,-0.8573297
visec_hf_001431,57,north,sad,-0.62928134,-1.0982611
visec_hf_001432,0,south,angry,1.0261734,-0.9642017
visec_hf_001433,0,south,angry,0.88945866,-0.097607225
visec_hf_001434,15,south,neutral,-0.83395183,-0.20961413
visec_hf_001435,47,north,happy,-0.77763397,-0.33839214
visec_hf_001436,0,south,sad,-0.29956412,-0.78558534
visec_hf_001437,0,south,sad,0.6095962,0.58520687
visec_hf_001438,36,north,neutral,-0.7669991,-0.5982817
visec_hf_001439,0,south,sad,0.8215171,0.31361914
visec_hf_001440,46,north,angry,-0.6700745,-0.9311973
visec_hf_001441,0,south,sad,0.190598,0.26672143
visec_hf_001442,15,south,angry,-0.92913765,0.72917336
visec_hf_001443,12,north,angry,-0.5420447,0.39258564
visec_hf_001444,4,south,neutral,-0.9246571,0.51676875
visec_hf_001445,0,south,happy,0.903206,-0.26153082
visec_hf_001446,59,south,neutral,-0.64087325,-0.87649906
visec_hf_001447,0,south,angry,1.0190524,-0.05620584
visec_hf_001448,13,south,angry,0.42103308,-0.44287837
visec_hf_001449,12,north,happy,-0.8162578,-1.2991712
visec_hf_001450,0,south,sad,-0.12983006,-0.22808035
visec_hf_001451,0,south,sad,0.19216678,-0.43097222
visec_hf_001452,13,south,angry,0.47940516,-0.0657567
visec_hf_001453,0,south,angry,0.65372384,0.025680391
visec_hf_001454,0,south,happy,0.63963884,0.06178304
visec_hf_001455,0,south,happy,-0.39384532,1.0469577
visec_hf_001456,0,south,angry,0.8739209,0.057249248
visec_hf_001457,29,north,happy,-0.34558678,-0.4994398
visec_hf_001458,63,south,angry,-0.54647976,-0.1736844
visec_hf_001459,73,north,happy,-0.42566022,0.8813462
visec_hf_001460,52,north,happy,0.51526654,0.34905544
visec_hf_001461,54,north,happy,-0.9069178,0.77880687
visec_hf_001462,0,south,angry,0.41735587,-0.57416266
visec_hf_001463,14,north,happy,0.5809422,-0.60072273
visec_hf_001464,106,central,happy,0.049132086,0.87191087
visec_hf_001465,86,south,sad,-0.6195642,-0.7188024
visec_hf_001466,0,south,angry,1.2619408,-0.75288576
visec_hf_001467,0,south,angry,1.415942,-0.6559686
visec_hf_001468,44,south,neutral,-0.83104175,0.7788026
visec_hf_001469,0,south,angry,0.9025768,0.5449968
visec_hf_001470,37,central,neutral,-0.7289392,-0.11059922
visec_hf_001471,0,south,angry,0.106207065,0.41234258
visec_hf_001472,0,south,sad,0.41282937,-0.4103972
visec_hf_001473,0,south,neutral,0.58333534,0.38863894
visec_hf_001474,13,south,angry,0.15759614,-0.23902372
visec_hf_001475,0,south,happy,0.14731929,-0.5897605
visec_hf_001476,0,south,angry,1.2242931,0.07877759
visec_hf_001477,0,south,angry,0.6546221,0.38773704
visec_hf_001478,26,north,angry,-0.43435472,0.20343536
visec_hf_001479,0,south,happy,0.91264254,-0.2418128
visec_hf_001480,0,south,angry,1.0337951,-0.056902952
visec_hf_001481,15,south,neutral,-0.8762682,-0.45789918
visec_hf_001482,0,south,neutral,-0.2829419,0.059178766
visec_hf_001483,0,south,angry,0.8166875,1.0301276
visec_hf_001484,0,south,angry,0.39648712,-0.09921234
visec_hf_001485,102,south,sad,-0.39097118,-0.67807376
visec_hf_001486,72,central,neutral,-1.01679,0.48608974
visec_hf_001487,39,south,neutral,-0.89455044,0.26728594
visec_hf_001488,28,south,happy,-0.3825154,-0.5554072
visec_hf_001489,15,south,neutral,-1.0450867,0.5715551
visec_hf_001490,0,south,sad,0.21540104,-0.26422977
visec_hf_001491,0,south,neutral,0.5742823,0.38915488
visec_hf_001492,0,south,neutral,0.614675,0.3100689
visec_hf_001493,123,south,neutral,0.45638108,-0.37267277
visec_hf_001494,25,north,happy,0.5971967,0.72779596
visec_hf_001495,47,north,happy,-1.0442818,0.6026366
visec_hf_001496,101,central,neutral,-0.86302817,-0.3023371
visec_hf_001497,22,north,angry,-0.74289054,1.0458533
visec_hf_001498,93,south,angry,-0.1873369,-0.56845516
visec_hf_001499,0,south,angry,0.3438028,-0.5257087
visec_hf_001500,0,south,angry,0.3925742,0.16417451
visec_hf_001501,0,south,angry,-0.19648933,-0.26758337
visec_hf_001502,0,south,sad,0.56401926,0.53447515
visec_hf_001503,110,south,sad,0.5138584,0.2549632
visec_hf_001504,63,south,angry,-0.87107074,0.30643216
visec_hf_001506,16,north,sad,-0.2978487,-0.8642146
visec_hf_001507,40,north,angry,-0.24733338,0.8599761
visec_hf_001508,58,south,neutral,-0.60077196,-0.42541453
visec_hf_001509,39,south,neutral,-0.4653275,-0.8096276
visec_hf_001510,0,south,happy,0.40877753,-0.7291521
visec_hf_001511,0,south,sad,0.7082548,0.07785283
visec_hf_001512,75,north,neutral,-0.66068774,-0.37822562
visec_hf_001513,0,south,angry,0.19091679,0.6782725
visec_hf_001514,0,south,happy,0.10853456,-0.87069523
visec_hf_001515,22,north,happy,-0.13568306,-0.4678885
visec_hf_001516,0,south,angry,0.77583987,-0.23019253
visec_hf_001517,0,south,angry,1.28587,0.21822739
visec_hf_001518,0,south,sad,0.6898088,0.48479185
visec_hf_001519,0,south,angry,1.4270043,-0.154758
visec_hf_001520,6,central,happy,0.11363762,0.18668032
visec_hf_001521,57,north,sad,-0.59813005,-1.0331167
visec_hf_001522,60,north,happy,-0.70607144,0.050732818
visec_hf_001523,0,south,neutral,-0.16056292,-0.048985813
visec_hf_001524,49,south,neutral,0.10295679,-1.1822475
visec_hf_001525,16,north,sad,-0.58126533,0.59899133
visec_hf_001526,0,south,neutral,0.4474299,0.25029948
visec_hf_001527,29,north,happy,0.23603036,-0.11427372
visec_hf_001528,4,south,neutral,-1.021197,-0.20883611
visec_hf_001529,52,north,angry,-0.2167353,0.9441459
visec_hf_001531,0,south,angry,0.9542174,0.7263766
visec_hf_001532,36,north,neutral,-0.5804399,-1.3054576
visec_hf_001533,0,south,angry,0.86700857,0.35813755
visec_hf_001534,40,north,happy,-0.815467,0.6936808
visec_hf_001535,0,south,sad,1.8112205,-0.024481794
visec_hf_001536,15,south,happy,-0.76699805,-0.3349189
visec_hf_001537,15,south,neutral,-0.9567405,-0.41677326
visec_hf_001538,19,north,neutral,-0.34121746,-0.95345163
visec_hf_001539,12,north,neutral,0.2271251,-0.06018847
visec_hf_001540,0,south,angry,1.2116662,0.096303016
visec_hf_001541,57,north,sad,-0.9557212,-0.623537
visec_hf_001542,27,north,happy,-1.0664717,0.597389
visec_hf_001543,30,north,sad,-1.0182921,-0.4591009
visec_hf_001544,6,central,happy,-0.033379618,1.0940433
visec_hf_001545,107,north,sad,-0.6901912,-0.0014433977
visec_hf_001546,0,south,happy,-0.070587374,0.9892282
visec_hf_001547,90,north,neutral,-0.84506726,-0.061374046
visec_hf_001548,27,north,neutral,-0.95339674,0.45070273
visec_hf_001549,0,south,happy,0.52476,0.25506932
visec_hf_001550,0,south,angry,0.6474287,0.17381695
visec_hf_001551,15,south,sad,-0.77747446,-0.9242294
visec_hf_001552,15,south,neutral,-0.92251605,-1.1878875
visec_hf_001553,0,south,sad,0.687944,0.07375564
visec_hf_001554,0,south,neutral,-0.009112338,0.21206513
visec_hf_001555,29,north,happy,-0.77194875,0.95203227
visec_hf_001556,1,south,neutral,-0.89541006,0.21098697
visec_hf_001557,57,north,neutral,-0.66649896,-0.91753143
visec_hf_001558,54,north,neutral,0.27961138,-0.2691452
visec_hf_001559,16,north,happy,-0.32178068,-0.79915583
visec_hf_001560,0,south,happy,-0.2556067,-0.93015593
visec_hf_001561,0,south,sad,0.61595964,-0.040735435
visec_hf_001562,12,north,angry,-0.27071536,-1.0277449
visec_hf_001563,2,south,neutral,0.17310657,0.25204098
visec_hf_001564,57,north,happy,-0.90569675,-0.112387836
visec_hf_001565,60,north,neutral,-0.3170479,-0.31660104
visec_hf_001566,36,north,neutral,-1.4020845,0.27531353
visec_hf_001567,0,south,angry,0.9738225,-0.29286635
visec_hf_001568,0,south,sad,0.6273937,-0.5203177
visec_hf_001569,0,south,angry,1.0572354,-0.011068733
visec_hf_001570,102,south,sad,-0.5385933,-0.6270392
visec_hf_001571,0,south,neutral,0.84966934,0.33737618
visec_hf_001572,27,north,neutral,-0.7113046,-1.0456547
visec_hf_001573,0,south,angry,0.78458357,0.19873597
visec_hf_001574,70,south,sad,0.3489963,0.3330263
visec_hf_001575,99,south,happy,-0.86329883,0.49673888
visec_hf_001576,0,south,angry,0.5745627,0.62151295
visec_hf_001577,0,south,angry,0.48091233,0.4687315
visec_hf_001578,96,south,sad,0.13376501,0.57020897
visec_hf_001579,93,south,angry,-0.8539183,-0.15818174
visec_hf_001580,71,south,sad,-0.16762924,-0.9066516
visec_hf_001581,0,south,happy,0.016063275,0.63259155
visec_hf_001582,0,south,happy,-0.5002655,-0.17879637
visec_hf_001583,85,south,sad,-0.8892683,-0.09250207
visec_hf_001584,62,south,angry,-0.9535272,0.9709968
visec_hf_001585,0,south,neutral,0.1272386,0.1682517
visec_hf_001586,72,central,happy,-0.5649852,-0.3435874
visec_hf_001587,0,south,neutral,0.7784453,0.40756828
visec_hf_001588,0,south,angry,-0.013437335,1.1776638
visec_hf_001589,0,south,sad,1.0660812,-0.43862373
visec_hf_001590,25,north,neutral,-0.4975695,-0.28906772
visec_hf_001591,14,north,happy,0.25105482,-1.0159354
visec_hf_001592,6,central,neutral,0.75399864,1.1298892
visec_hf_001593,44,south,sad,-0.7074071,1.0167432
visec_hf_001594,0,south,happy,0.2360043,-1.0403287
visec_hf_001595,58,south,sad,0.9417688,0.22501108
visec_hf_001596,40,north,happy,-0.6800487,-0.010897002
visec_hf_001597,0,south,angry,1.20619,0.062362455
visec_hf_001598,0,south,happy,1.0309162,-0.37635347
visec_hf_001599,10,north,sad,-0.76310134,-0.25557995
visec_hf_001600,0,south,happy,0.28845733,0.1783404
visec_hf_001601,14,north,happy,-0.31079414,0.0414427
visec_hf_001602,0,south,sad,-0.149102,-0.13797139
visec_hf_001603,0,south,angry,1.3308882,-0.3046132
visec_hf_001604,82,south,neutral,-1.0020308,0.29344836
visec_hf_001605,0,south,sad,-0.101327166,-0.6744506
visec_hf_001606,0,south,neutral,0.07510915,0.27748752
visec_hf_001607,0,south,angry,0.5388945,0.123658106
visec_hf_001608,0,south,neutral,-0.40749815,0.019347921
visec_hf_001609,0,south,angry,0.37254992,-0.26899952
visec_hf_001610,59,south,neutral,0.074064575,-0.8573431
visec_hf_001611,0,south,angry,0.9168923,0.4074257
visec_hf_001612,0,south,angry,1.1586124,0.2203574
visec_hf_001613,16,north,neutral,-0.8747807,-0.47344768
visec_hf_001614,0,south,neutral,0.45404655,0.3927784
visec_hf_001615,6,central,happy,0.22651328,1.1672264
visec_hf_001616,15,south,neutral,-0.6685212,-0.35775787
visec_hf_001618,4,south,angry,-0.66043794,0.5523551
visec_hf_001619,4,south,neutral,-0.8771178,-0.041162208
visec_hf_001620,18,north,angry,-0.7476156,-0.3887686
visec_hf_001621,0,south,happy,0.4019925,0.09025674
visec_hf_001622,6,central,happy,0.9902837,0.65002614
visec_hf_001623,44,south,happy,-0.12480856,-0.14533429
visec_hf_001624,55,south,angry,0.91342235,-1.0235707
visec_hf_001625,15,south,happy,-1.0914451,-0.12621348
visec_hf_001626,0,south,sad,0.039174147,-0.013029066
visec_hf_001627,94,central,happy,-1.1297853,0.27731806
visec_hf_001628,111,south,angry,-0.7948698,1.0467919
visec_hf_001629,2,south,neutral,-0.18854043,0.09861227
visec_hf_001630,40,north,angry,0.1903126,-0.8316969
visec_hf_001631,117,north,happy,-0.8018848,0.99422246
visec_hf_001632,45,south,angry,-0.38576552,1.0327226
visec_hf_001634,0,south,sad,0.2612584,-0.8094215
visec_hf_001635,58,south,sad,-0.59983766,-0.829988
visec_hf_001636,0,south,neutral,0.44491825,0.53612596
visec_hf_001637,88,south,sad,-0.8117515,-0.6959703
visec_hf_001638,0,south,neutral,-0.2602653,0.115081996
visec_hf_001639,38,south,happy,-0.8325228,-1.0860007
visec_hf_001640,0,south,angry,0.7464719,-0.081711054
visec_hf_001641,0,south,angry,0.68442196,0.38333446
visec_hf_001642,0,south,sad,-0.44044265,-0.37908655
visec_hf_001643,108,north,neutral,-0.9257381,1.0036062
visec_hf_001644,6,central,happy,-0.45771345,1.167729
visec_hf_001645,0,south,neutral,0.30090836,0.46341503
visec_hf_001646,0,south,angry,1.0780905,-0.5297779
visec_hf_001647,52,north,sad,-0.057424303,0.79355186
visec_hf_001648,19,north,neutral,-0.6735068,0.25613448
visec_hf_001649,0,south,sad,0.048331726,-0.574969
visec_hf_001650,0,south,sad,-0.39006224,-0.8151356
visec_hf_001651,86,south,sad,-0.48551363,-0.2734037
visec_hf_001652,38,south,neutral,-0.66436976,-0.8260191
visec_hf_001653,0,south,happy,1.1228205,-0.24377663
visec_hf_001654,120,south,angry,-0.59401315,-0.3550343
visec_hf_001655,3,north,sad,-1.0666039,0.06253339
visec_hf_001656,14,north,happy,0.068074584,-0.9049359
visec_hf_001657,53,south,neutral,-0.019856941,-0.83808714
visec_hf_001658,29,north,happy,-0.4455811,0.42003873
visec_hf_001659,0,south,angry,0.7411249,-0.78695744
visec_hf_001660,110,south,sad,-0.66255736,-0.039958663
visec_hf_001661,23,south,angry,-0.0031154805,-0.8060965
visec_hf_001662,1,south,sad,-0.5607624,-0.48690334
visec_hf_001663,3,north,sad,-0.7383592,-0.8232123
visec_hf_001664,111,south,neutral,-0.3102033,0.031913944
visec_hf_001665,60,north,happy,-0.39462,0.05828751
visec_hf_001666,0,south,angry,0.8100706,0.33454883
visec_hf_001667,36,north,neutral,-0.59420985,-1.1124609
visec_hf_001668,0,south,neutral,0.7783312,0.43353882
visec_hf_001669,0,south,neutral,-0.29233938,0.05669436
visec_hf_001670,0,south,neutral,0.115593724,0.108075604
visec_hf_001671,0,south,angry,0.41602552,0.8476117
visec_hf_001672,0,south,happy,0.11446972,0.2679245
visec_hf_001673,15,south,neutral,-1.2127937,0.3726216
visec_hf_001674,23,south,sad,-0.9549531,1.0033029
visec_hf_001675,99,south,sad,-0.53266525,-0.3928223
visec_hf_001676,19,north,neutral,-0.6513578,-0.81504107
visec_hf_001677,104,north,neutral,-0.93619764,0.9037541
visec_hf_001678,38,south,happy,-0.66657734,-0.49208814
visec_hf_001679,27,north,neutral,-1.1702299,-0.20576857
visec_hf_001680,111,south,neutral,-0.21887934,-0.34340042
visec_hf_001681,6,central,neutral,0.9420353,1.0163764
visec_hf_001682,0,south,happy,0.992871,-0.027773716
visec_hf_001683,61,north,neutral,-0.65219784,-1.024846
visec_hf_001684,108,north,neutral,-0.6235299,0.7212635
visec_hf_001685,0,south,neutral,-0.0685216,0.023555525
visec_hf_001686,0,south,neutral,0.4394716,0.33519948
visec_hf_001687,124,south,neutral,-0.80993015,-0.009897082
visec_hf_001688,0,south,neutral,-0.31407297,0.058542658
visec_hf_001689,0,south,angry,0.9994514,-0.02010957
visec_hf_001690,47,north,happy,-0.62710893,-0.30014998
visec_hf_001691,12,north,happy,-0.49699277,-1.2114877
visec_hf_001692,0,south,neutral,0.61059415,0.51410687
visec_hf_001693,6,central,happy,-0.74344796,1.1091346
visec_hf_001694,0,south,sad,0.37830558,0.10555935
visec_hf_001695,120,south,angry,-0.6503932,-0.98801315
visec_hf_001696,0,south,happy,0.2601129,0.4301878
visec_hf_001697,12,north,neutral,-0.31732133,-1.0843049
visec_hf_001698,0,south,neutral,0.22421399,0.21328586
visec_hf_001699,0,south,angry,0.9808086,0.41508213
visec_hf_001700,15,south,neutral,-0.90736276,-0.8638072
visec_hf_001701,99,south,sad,-0.71620184,-0.76025045
visec_hf_001702,0,south,neutral,0.17508942,0.12568435
visec_hf_001703,90,north,neutral,-0.8470632,-0.033792775
visec_hf_001704,86,south,sad,-0.778688,0.4135557
visec_hf_001705,15,south,happy,-0.8916847,-0.5716981
visec_hf_001706,0,south,happy,1.0058248,-0.09278307
visec_hf_001707,23,south,angry,-0.72308594,0.053083926
visec_hf_001708,0,south,angry,0.2347798,-0.6859592
visec_hf_001709,0,south,neutral,0.17570151,-0.04570525
visec_hf_001710,15,south,happy,-1.1097822,0.34373447
visec_hf_001711,10,north,sad,-0.76609796,-0.38148746
visec_hf_001712,0,south,happy,-0.23091553,-0.22025304
visec_hf_001713,113,south,neutral,-0.4156582,-0.28442267
visec_hf_001714,0,south,angry,0.3193074,0.11787088
visec_hf_001715,0,south,angry,1.2444848,-0.022947257
visec_hf_001716,59,south,neutral,0.15641722,-0.7240194
visec_hf_001717,15,south,neutral,-0.90445703,-0.45056245
visec_hf_001718,0,south,sad,-0.11605044,-0.34544364
visec_hf_001719,0,south,sad,-0.4605538,0.08545756
visec_hf_001720,14,north,angry,0.5606376,0.44241247
visec_hf_001721,6,central,neutral,0.14378,-0.20062324
visec_hf_001722,58,south,angry,-0.5345864,-0.14694294
visec_hf_001723,0,south,sad,0.29771385,0.3317756
visec_hf_001724,0,south,angry,0.9843836,-0.25600255
visec_hf_001725,24,south,angry,-0.48657513,-0.67034245
visec_hf_001726,40,north,happy,-0.36106914,0.52579445
visec_hf_001727,2,south,sad,0.7019012,0.4954241
visec_hf_001728,0,south,sad,-0.27463713,0.74577636
visec_hf_001729,87,north,happy,-0.11988588,-1.2317294
visec_hf_001730,4,south,neutral,-1.1690195,0.38017523
visec_hf_001731,6,central,happy,1.2331728,-0.31002727
visec_hf_001732,0,south,neutral,0.23740776,0.29608938
visec_hf_001733,33,central,neutral,-0.5698737,0.6967786
visec_hf_001734,24,south,angry,-0.2780153,-0.0016154583
visec_hf_001735,0,south,sad,1.3626139,-0.30274203
visec_hf_001736,70,south,sad,-0.8972299,-0.8549333
visec_hf_001737,84,north,neutral,-0.9210318,0.62987816
visec_hf_001738,0,south,angry,0.592627,-1.0874413
visec_hf_001739,0,south,sad,0.23589717,0.40542397
visec_hf_001740,0,south,sad,-0.15077883,0.1916353
visec_hf_001741,0,south,angry,1.0929375,0.049984917
visec_hf_001742,125,north,sad,0.43603057,0.3808443
visec_hf_001743,116,central,happy,-0.482028,-1.0475947
visec_hf_001744,75,north,neutral,-1.0479391,-0.6749135
visec_hf_001745,126,central,neutral,-0.9942936,-0.08226984
visec_hf_001746,2,south,angry,-0.5307394,1.0471205
visec_hf_001747,0,south,neutral,0.4115672,0.32573417
visec_hf_001748,82,south,sad,-1.0397451,-0.12174137
visec_hf_001749,0,south,sad,-0.24833114,-0.14867884
visec_hf_001750,15,south,happy,-0.9542358,0.9100514
visec_hf_001751,29,north,happy,-0.9550203,0.98786956
visec_hf_001752,0,south,happy,-0.4079787,-1.1372831
visec_hf_001753,0,south,angry,1.0531245,0.3051298
visec_hf_001754,0,south,angry,0.56331825,0.34296906
visec_hf_001755,2,south,sad,1.1795125,0.03969704
visec_hf_001756,0,south,angry,0.6136022,0.4391671
visec_hf_001757,0,south,sad,0.37631536,0.39653102
visec_hf_001758,44,south,angry,-0.15539035,0.9657052
visec_hf_001759,0,south,angry,0.6334426,0.17720653
visec_hf_001760,12,north,sad,-0.56890756,-0.18297139
visec_hf_001761,0,south,sad,0.43382725,-0.8514865
visec_hf_001762,32,south,neutral,-0.5939932,0.67193925
visec_hf_001763,22,north,happy,0.077559434,0.44065073
visec_hf_001764,0,south,angry,0.76510966,0.11197574
visec_hf_001765,0,south,angry,-0.39219946,1.0354625
visec_hf_001766,52,north,neutral,-0.5060193,-0.0064994628
visec_hf_001767,95,north,happy,-0.68431896,0.6625477
visec_hf_001768,0,south,neutral,-0.33081108,-0.048057746
visec_hf_001769,15,south,happy,-0.7254112,-0.6604988
visec_hf_001770,60,north,happy,-0.3699864,-0.04093894
visec_hf_001771,14,north,angry,-0.36090285,0.9578176
visec_hf_001772,80,north,sad,-0.48784867,-0.7374732
visec_hf_001773,63,south,angry,-0.14443067,-0.69234097
visec_hf_001774,6,central,happy,1.0869615,0.6741325
visec_hf_001775,70,south,sad,-0.34563407,-0.2702507
visec_hf_001776,127,north,neutral,-0.562439,-0.7093442
visec_hf_001777,87,north,happy,0.5284215,-0.95316905
visec_hf_001778,0,south,neutral,-0.5688296,-0.057313
visec_hf_001779,0,south,happy,-0.11234325,-0.4481054
visec_hf_001780,12,north,angry,-0.30700636,0.6507658
visec_hf_001781,0,south,neutral,0.6570763,0.45682168
visec_hf_001782,12,north,angry,-0.4597918,0.6659358
visec_hf_001783,14,north,angry,-0.1627912,0.69171524
visec_hf_001784,56,south,happy,-0.46249908,-0.56983626
visec_hf_001785,0,south,sad,0.54836226,0.12615669
visec_hf_001786,6,central,neutral,0.76649016,0.3161194
visec_hf_001787,0,south,neutral,-0.2838188,0.122171454
visec_hf_001788,0,south,sad,0.8346036,0.35302436
visec_hf_001789,0,south,angry,1.3540974,-0.7489229
visec_hf_001790,15,south,sad,-0.9212608,-0.52423525
visec_hf_001791,6,central,happy,-0.027432097,0.6416671
visec_hf_001792,113,south,neutral,-0.663518,0.01879968
visec_hf_001793,63,south,angry,-0.014729602,-0.8035256
visec_hf_001794,26,north,angry,-0.26824838,-0.88046396
visec_hf_001795,103,north,neutral,-1.0760142,0.44590017
visec_hf_001796,63,south,neutral,-0.9569084,-1.0254518
visec_hf_001798,94,central,happy,-0.99496615,0.5163629
visec_hf_001799,0,south,sad,-0.8017752,0.030909266
visec_hf_001800,0,south,neutral,0.8793184,0.26955056
visec_hf_001801,0,south,angry,1.1193991,0.44380674
visec_hf_001802,0,south,angry,1.2480578,-0.5072702
visec_hf_001803,14,north,angry,0.7727963,-0.59693736
visec_hf_001804,0,south,neutral,0.89940536,0.41306737
visec_hf_001806,0,south,sad,-0.50775945,-0.07810646
visec_hf_001807,0,south,angry,1.3823907,-0.08340327
visec_hf_001809,0,south,angry,0.76626533,-0.026975721
visec_hf_001810,0,south,sad,0.71410555,-0.49465853
visec_hf_001811,24,south,angry,-0.23486212,-0.2751915
visec_hf_001812,0,south,neutral,0.530851,0.34357035
visec_hf_001813,0,south,angry,1.1918107,-0.5526715
visec_hf_001814,74,north,neutral,-0.34567246,-1.1526265
visec_hf_001815,0,south,angry,0.30157563,0.12680036
visec_hf_001816,1,south,neutral,-0.8200331,-0.5726374
visec_hf_001817,0,south,sad,-0.601982,-0.076757975
visec_hf_001818,57,north,sad,-0.8392744,-0.66415423
visec_hf_001819,64,south,angry,-0.63448566,0.0068620914
visec_hf_001820,22,north,angry,0.018604705,0.51395565
visec_hf_001821,2,south,sad,0.7362728,-0.22666149
visec_hf_001822,12,north,angry,-1.0295225,0.93668437
visec_hf_001823,0,south,happy,0.33715487,0.3515615
visec_hf_001824,83,south,sad,1.2110014,-0.58882093
visec_hf_001825,0,south,happy,0.7035412,-0.76699966
visec_hf_001826,27,north,sad,-0.8951072,-0.054951206
visec_hf_001828,0,south,angry,0.50788516,0.32788867
visec_hf_001829,44,south,neutral,-0.49533805,0.61912173
visec_hf_001830,12,north,angry,0.40233225,-0.6413482
visec_hf_001831,0,south,happy,-0.09831726,-0.6411065
visec_hf_001832,12,north,happy,-0.5945112,0.89223033
visec_hf_001833,0,south,angry,1.13732,0.48543665
visec_hf_001834,0,south,sad,0.5140668,0.56932825
visec_hf_001835,111,south,neutral,-0.35970142,-0.6331661
visec_hf_001836,15,south,neutral,-1.2365181,0.483215
visec_hf_001838,49,south,sad,0.20140694,-0.6854857
visec_hf_001839,102,south,sad,-0.14046605,-0.46477556
visec_hf_001840,0,south,sad,0.34508097,0.2207628
visec_hf_001841,0,south,angry,0.73035145,-0.001782275
visec_hf_001842,0,south,happy,0.3342144,-0.24676464
visec_hf_001844,0,south,happy,0.34203234,0.116076574
visec_hf_001845,29,north,angry,0.11388919,0.99547863
visec_hf_001846,0,south,neutral,0.43059763,0.2972661
visec_hf_001847,2,south,neutral,0.6973294,0.12947375
visec_hf_001848,6,central,happy,0.67623854,0.69166166
visec_hf_001850,0,south,angry,1.1626221,-0.4403859
visec_hf_001851,14,north,angry,-0.5471762,0.91845703
visec_hf_001852,0,south,happy,1.6490896,-0.4646635
visec_hf_001853,0,south,angry,0.9683605,0.31944028
visec_hf_001854,0,south,sad,0.34878057,-0.107274994
visec_hf_001855,0,south,angry,0.8619362,0.20047566
visec_hf_001856,33,central,neutral,-0.39512378,0.67730814
visec_hf_001857,0,south,angry,0.80062073,-0.9192172
visec_hf_001858,0,south,neutral,1.0470221,0.55651927
visec_hf_001859,0,south,happy,0.9719477,-0.17232668
visec_hf_001860,91,north,neutral,-0.41425583,-1.0237715
visec_hf_001861,69,central,neutral,-0.27357772,-0.6000094
visec_hf_001862,128,south,neutral,-0.8820449,-0.2779046
visec_hf_001863,0,south,happy,0.23776588,0.23665294
visec_hf_001864,14,north,angry,0.21360284,-0.06401459
visec_hf_001865,0,south,neutral,0.619338,0.32888162
visec_hf_001866,0,south,angry,1.0752331,0.028592467
visec_hf_001867,14,north,neutral,-0.198599,-1.2063508
visec_hf_001868,0,south,happy,1.4496439,-0.50017166
visec_hf_001869,6,central,neutral,-0.034853842,0.38148868
visec_hf_001870,0,south,neutral,0.28349164,0.2944982
visec_hf_001871,0,south,happy,-0.09469657,0.16086787
visec_hf_001872,0,south,sad,1.0736066,-0.44887474
visec_hf_001873,0,south,angry,1.0236801,0.18021758
visec_hf_001874,0,south,happy,0.24936722,-0.1592275
visec_hf_001875,0,south,neutral,-0.049018692,0.50481373
visec_hf_001876,72,central,angry,-0.09963966,0.24942586
visec_hf_001878,129,central,happy,0.013277737,0.21680087
visec_hf_001879,0,south,sad,-0.36580905,0.10531759
visec_hf_001880,0,south,angry,0.6149423,-0.28554532
visec_hf_001881,0,south,sad,0.030844362,-0.50622505
visec_hf_001882,57,north,angry,-0.66318053,-0.52879703
visec_hf_001883,0,south,neutral,0.7251626,0.58278006
visec_hf_001884,125,north,sad,-0.4906485,0.9030691
visec_hf_001885,130,south,happy,-0.6678872,-0.41865847
visec_hf_001886,0,south,angry,0.9354007,-0.43298954
visec_hf_001887,53,south,happy,-0.8385838,0.8926488
visec_hf_001888,3,north,neutral,-0.64779514,0.86547124
visec_hf_001889,49,south,sad,-0.38591743,-0.12584448
visec_hf_001890,0,south,angry,0.2240765,-0.16823877
visec_hf_001891,0,south,angry,1.2737466,-0.11481861
visec_hf_001892,67,north,happy,-0.9539339,-0.31218913
visec_hf_001893,0,south,neutral,0.4117007,0.45096353
visec_hf_001894,47,north,happy,-0.7954909,0.5027702
visec_hf_001895,0,south,happy,-0.21290784,-0.8219675
visec_hf_001896,15,south,neutral,-0.68306977,-0.48839766
visec_hf_001897,0,south,angry,1.7087207,-0.4582566
visec_hf_001898,0,south,angry,0.7326118,-0.6431674
visec_hf_001899,30,north,sad,-0.581058,-0.43470332
visec_hf_001900,6,central,happy,0.3776892,1.0985919
visec_hf_001901,40,north,happy,-0.7715667,1.002883
visec_hf_001902,10,north,neutral,-0.8704256,-0.20189029
visec_hf_001903,0,south,neutral,0.6794499,0.5636163
visec_hf_001904,0,south,angry,1.0346484,-0.35470882
visec_hf_001905,0,south,angry,0.8731191,0.44597256
visec_hf_001906,0,south,happy,0.3422001,-0.021953698
visec_hf_001907,131,north,neutral,-0.35855693,-0.79110175
visec_hf_001908,87,north,happy,-0.0856979,0.15765746
visec_hf_001909,0,south,angry,0.9166234,0.6358052
visec_hf_001910,0,south,angry,1.5804776,-0.12540561
visec_hf_001911,0,south,sad,0.005318717,0.1743617
visec_hf_001912,0,south,neutral,0.7482043,0.47455952
visec_hf_001913,4,south,neutral,-0.969979,-0.04663523
visec_hf_001914,60,north,neutral,-0.4628927,-0.95322275
visec_hf_001916,25,north,happy,-0.90639323,0.88380516
visec_hf_001917,0,south,angry,1.4024166,-0.45516092
visec_hf_001918,0,south,angry,0.85621715,0.0015270557
visec_hf_001919,0,south,neutral,0.2688358,0.44258028
visec_hf_001920,76,south,neutral,-1.1921674,-0.46009985
visec_hf_001921,8,south,neutral,-0.5377525,-0.45466575
visec_hf_001922,0,south,sad,0.010706808,0.8737748
visec_hf_001923,26,north,neutral,-0.59281,-0.44855532
visec_hf_001924,132,north,happy,-0.6438949,-0.41505352
visec_hf_001925,32,south,neutral,-0.24018733,-0.6653183
visec_hf_001926,0,south,angry,1.3150185,-0.035926025
visec_hf_001927,0,south,angry,0.4201171,-0.8207821
visec_hf_001928,23,south,sad,-0.28083912,-0.14516492
visec_hf_001929,2,south,happy,-0.16557112,-0.6232351
visec_hf_001930,15,south,angry,-0.9225553,-0.15085481
visec_hf_001931,53,south,happy,0.37079868,-0.25595203
visec_hf_001932,0,south,angry,0.8182429,-0.4007513
visec_hf_001933,27,north,sad,-0.8341785,0.1934964
visec_hf_001934,0,south,angry,1.3065056,-0.6534944
visec_hf_001935,0,south,neutral,0.03270178,0.3896337
visec_hf_001936,59,south,angry,-0.1271594,-0.2873603
visec_hf_001937,0,south,happy,0.8529484,-0.05484167
visec_hf_001938,0,south,angry,1.377898,-0.52622736
visec_hf_001939,0,south,sad,0.14757836,0.029302988
visec_hf_001940,0,south,sad,-0.306568,-0.39492807
visec_hf_001941,0,south,sad,0.56497246,-0.49040568
visec_hf_001942,91,north,sad,-0.59869885,-0.18261017
visec_hf_001943,101,central,happy,-0.95338416,0.51107025
visec_hf_001944,0,south,neutral,-0.03879714,0.35049662
visec_hf_001945,27,north,neutral,-0.46630225,-1.2233711
visec_hf_001946,83,south,happy,-0.8327666,0.74316144
visec_hf_001947,0,south,happy,0.155006,-0.48518357
visec_hf_001948,22,north,neutral,-0.057363555,-0.9149399
visec_hf_001949,0,south,angry,0.9773946,-0.108172216
visec_hf_001950,0,south,happy,0.8352298,-0.4966215
visec_hf_001951,115,south,neutral,-0.3521037,-0.46101344
visec_hf_001952,0,south,happy,0.9760156,-0.27330002
visec_hf_001953,0,south,neutral,-0.3168629,0.22121502
visec_hf_001954,0,south,angry,0.27873003,0.514688
visec_hf_001955,0,south,neutral,0.44854936,0.544815
visec_hf_001956,0,south,sad,-0.68165696,-1.1740594
visec_hf_001957,12,north,sad,-1.1772314,-0.45776984
visec_hf_001959,0,south,happy,0.39371634,-0.40498576
visec_hf_001960,0,south,happy,-0.18517795,-0.061028656
visec_hf_001961,14,north,angry,-0.1600429,-0.14235255
visec_hf_001962,49,south,happy,-0.66479766,-0.2592497
visec_hf_001963,83,south,sad,0.83741444,0.13210256
visec_hf_001964,0,south,angry,0.44445845,-0.1675207
visec_hf_001965,0,south,sad,0.2207322,-0.089056455
visec_hf_001966,0,south,sad,0.4741478,0.44259423
visec_hf_001967,0,south,angry,1.4848675,-0.65730566
visec_hf_001968,49,south,neutral,-0.25204867,-0.5568665
visec_hf_001969,29,north,happy,-0.38296306,0.25951082
visec_hf_001970,23,south,neutral,-0.37656152,-1.0919917
visec_hf_001971,0,south,angry,0.9759765,-0.6064992
visec_hf_001972,29,north,angry,-0.65191936,0.9972909
visec_hf_001973,0,south,angry,0.3202468,0.38699558
visec_hf_001974,0,south,angry,0.90002567,-0.2343354
visec_hf_001975,114,south,neutral,-0.46828148,0.04120353
visec_hf_001977,105,south,sad,-0.17043912,-0.4969847
visec_hf_001978,26,north,angry,0.46304148,-0.027273223
visec_hf_001979,52,north,happy,0.17993218,-0.8197804
visec_hf_001980,6,central,neutral,-0.3875856,1.0556777
visec_hf_001981,72,central,angry,-0.7921784,-0.085054554
visec_hf_001982,0,south,angry,0.5565776,-0.23545907
visec_hf_001983,0,south,neutral,0.28735402,0.343104
visec_hf_001984,112,south,happy,-0.62270623,-0.10906987
visec_hf_001985,88,south,sad,-0.4386258,0.060643107
visec_hf_001986,0,south,happy,-0.19869135,0.062019527
visec_hf_001987,0,south,happy,0.04866021,-0.17845921
visec_hf_001988,50,north,happy,-0.2963678,-0.46529064
visec_hf_001989,0,south,neutral,0.29782298,0.30337372
visec_hf_001990,87,north,neutral,-0.24314366,-0.35123158
visec_hf_001991,25,north,angry,-0.22704472,-1.231035
visec_hf_001992,0,south,angry,0.8099779,-0.6191015
visec_hf_001993,0,south,angry,0.74014765,0.14927322
visec_hf_001994,3,north,neutral,-1.0104647,-0.28271416
visec_hf_001995,59,south,angry,0.609668,-0.55492455
visec_hf_001996,0,south,angry,0.46771127,-0.5016304
visec_hf_001997,2,south,sad,0.37185878,-0.8349582
visec_hf_001998,6,central,happy,0.29366088,0.105176285
visec_hf_001999,96,south,sad,0.19642586,0.7257143
visec_hf_002000,98,north,sad,-1.3866365,0.2195269
visec_hf_002001,0,south,sad,0.13313869,0.51013017
visec_hf_002003,0,south,sad,-0.376369,-1.2432916
visec_hf_002004,111,south,neutral,-0.34185192,0.084712915
visec_hf_002005,97,south,neutral,-0.73988074,-1.0260204
visec_hf_002006,40,north,happy,0.5812912,0.10472873
visec_hf_002007,0,south,angry,0.89425886,0.42562637
visec_hf_002008,15,south,neutral,-0.7801465,-0.93673664
visec_hf_002009,24,south,angry,-0.3744301,-0.5610765
visec_hf_002010,14,north,neutral,-0.40945068,0.8578018
visec_hf_002011,24,south,angry,-0.56376904,-0.5846556
visec_hf_002012,58,south,sad,-0.27162758,0.5677428
visec_hf_002013,40,north,sad,-0.5342258,-0.06642656
visec_hf_002014,0,south,angry,0.3546778,-0.9155107
visec_hf_002015,0,south,angry,-0.49739608,1.02374
visec_hf_002016,45,south,angry,-0.8544534,1.0721761
visec_hf_002017,8,south,sad,-0.31590748,0.88274884
visec_hf_002018,37,central,neutral,-0.774145,0.74441326
visec_hf_002019,124,south,angry,-0.28770494,-0.991795
visec_hf_002020,53,south,neutral,-0.40876132,-0.9140812
visec_hf_002021,0,south,sad,-0.24626753,-0.8333895
visec_hf_002022,0,south,happy,-0.03306175,0.29287726
visec_hf_002023,29,north,angry,-0.8254216,1.0718756
visec_hf_002024,0,south,happy,0.35115075,-0.8423414
visec_hf_002025,4,south,neutral,-0.9676253,-0.22116005
visec_hf_002026,0,south,angry,0.9446425,-0.47239166
visec_hf_002027,0,south,happy,0.6079417,0.5743416
visec_hf_002028,6,central,neutral,0.8565223,0.9677096
visec_hf_002029,25,north,happy,-0.76309425,-0.567709
visec_hf_002030,24,south,angry,-0.40124977,-1.0844343
visec_hf_002031,42,south,angry,0.25368655,0.40726987
visec_hf_002032,0,south,happy,0.32071728,-0.091413274
visec_hf_002033,0,south,happy,0.2015105,0.55667365
visec_hf_002034,3,north,sad,-0.4502515,0.37891448
visec_hf_002035,0,south,happy,-0.061158247,0.24802566
visec_hf_002036,85,south,neutral,-1.0160595,-0.15340471
visec_hf_002037,6,central,neutral,0.58492786,0.6231535
visec_hf_002038,1,south,neutral,-0.83587176,0.89064854
visec_hf_002039,0,south,angry,0.7708146,0.26059264
visec_hf_002040,51,south,happy,-0.7833236,0.8509843
visec_hf_002041,0,south,happy,-0.26838616,0.0698924
visec_hf_002042,53,south,neutral,-0.5354868,0.16001174
visec_hf_002043,0,south,happy,0.07962449,-0.71967095
visec_hf_002044,0,south,angry,0.73680353,-0.16070998
visec_hf_002045,4,south,neutral,-1.086276,-0.3325629
visec_hf_002046,15,south,happy,-0.8591232,-0.39303827
visec_hf_002047,58,south,sad,-0.988968,-0.37027425
visec_hf_002048,0,south,neutral,-0.24328807,0.28676954
visec_hf_002049,15,south,neutral,-1.0238084,-0.3292434
visec_hf_002050,19,north,neutral,-0.69678664,-0.049881984
visec_hf_002051,15,south,neutral,-0.86323375,-0.03324072
visec_hf_002052,4,south,neutral,-0.81876796,-0.16720681
visec_hf_002053,28,south,happy,-0.38270032,0.83551323
visec_hf_002054,0,south,happy,-0.06005516,0.15413107
visec_hf_002055,28,south,neutral,-0.5913482,-0.9997429
visec_hf_002057,38,south,neutral,-0.6010195,-0.79012555
visec_hf_002058,123,south,neutral,-0.05346999,0.16196819
visec_hf_002059,0,south,neutral,0.7530565,0.19707662
visec_hf_002060,0,south,happy,1.0196764,0.5175247
visec_hf_002061,0,south,sad,0.10304973,0.0075666155
visec_hf_002062,0,south,happy,0.5731627,-0.42146564
visec_hf_002063,12,north,happy,0.04890946,-0.36860994
visec_hf_002064,127,north,neutral,-0.8457165,-0.20327364
visec_hf_002065,0,south,sad,0.29661053,-0.17039157
visec_hf_002066,1,south,neutral,-0.86659294,-0.010564192
visec_hf_002068,5,south,angry,-0.15583219,-0.16611418
visec_hf_002069,10,north,neutral,-0.6782706,-0.5990243
visec_hf_002070,26,north,happy,-0.6941626,-0.52946043
visec_hf_002071,0,south,neutral,0.09800461,0.17441715
visec_hf_002072,0,south,happy,1.029511,0.20737417
visec_hf_002073,0,south,angry,0.5811918,0.38415837
visec_hf_002074,19,north,neutral,-1.0042049,0.6965811
visec_hf_002075,0,south,neutral,0.084861994,0.50572854
visec_hf_002076,98,north,neutral,-0.7604136,-0.4216926
visec_hf_002077,0,south,sad,0.0027771394,0.40551466
visec_hf_002078,0,south,sad,0.92344546,0.3780801
visec_hf_002079,28,south,neutral,-0.9239183,-0.90242225
visec_hf_002080,0,south,angry,0.9617986,-0.13239451
visec_hf_002081,15,south,neutral,-0.98215,0.54057574
visec_hf_002082,121,north,happy,-0.79580575,-1.0676906
visec_hf_002083,29,north,happy,-0.68277264,0.10492473
visec_hf_002085,49,south,sad,-0.87985563,0.7415496
visec_hf_002086,0,south,neutral,0.03339372,0.18920943
visec_hf_002087,0,south,angry,0.92285764,0.21193102
visec_hf_002088,26,north,neutral,-0.6922704,-0.94952834
visec_hf_002089,14,north,angry,0.28045762,-0.08803723
visec_hf_002090,52,north,angry,-0.6151539,0.98206633
visec_hf_002091,108,north,neutral,-0.27299365,-0.34565172
visec_hf_002092,128,south,neutral,-0.6290273,-0.80201846
visec_hf_002093,0,south,happy,0.17951186,-0.48215514
visec_hf_002094,0,south,angry,0.838623,0.5045622
visec_hf_002095,0,south,angry,0.016192896,0.087484054
visec_hf_002096,0,south,neutral,0.12971427,0.087836005
visec_hf_002097,0,south,happy,0.7865623,0.38154945
visec_hf_002098,27,north,neutral,-1.440223,0.40671143
visec_hf_002099,57,north,sad,-1.0397625,-0.49762723
visec_hf_002100,39,south,sad,-0.87635916,-0.22559589
visec_hf_002101,12,north,neutral,-0.22094354,0.8192297
visec_hf_002102,0,south,sad,0.88411254,0.23763524
visec_hf_002103,2,south,sad,0.0066737384,0.9732296
visec_hf_002104,0,south,neutral,0.7609623,0.333293
visec_hf_002105,26,north,sad,-0.8015631,-0.53968406
visec_hf_002106,0,south,happy,0.14362656,0.3604702
visec_hf_002107,0,south,angry,1.0281379,-1.0118618
visec_hf_002108,133,south,neutral,-0.72231376,-0.2985997
visec_hf_002109,0,south,angry,1.055299,-0.27910507
visec_hf_002110,53,south,neutral,-0.5038118,-0.52481055
visec_hf_002111,0,south,angry,0.865768,-0.06711912
visec_hf_002112,0,south,angry,1.0142962,-0.7212047
visec_hf_002113,0,south,sad,-0.102080636,0.55090445
visec_hf_002114,15,south,neutral,-0.19532074,-1.3402828
visec_hf_002116,0,south,happy,-0.7335726,0.7463783
visec_hf_002117,0,south,sad,0.31091878,0.32377142
visec_hf_002118,96,south,sad,0.82679266,0.000673922
visec_hf_002119,2,south,angry,0.81153095,0.3777682
visec_hf_002120,0,south,neutral,0.18294029,0.35242057
visec_hf_002121,0,south,angry,1.2402244,0.00805124
visec_hf_002122,0,south,happy,0.28847793,0.5145529
visec_hf_002123,0,south,angry,0.9671422,-0.16217099
visec_hf_002124,0,south,happy,0.30567113,0.34998077
visec_hf_002125,0,south,angry,0.7642437,-0.8186115
visec_hf_002126,0,south,neutral,0.093083695,0.26205993
visec_hf_002127,0,south,angry,0.8991524,0.10477409
visec_hf_002128,0,south,neutral,-0.25115308,0.39734104
visec_hf_002129,0,south,happy,0.055516005,-0.66376835
visec_hf_002130,38,south,happy,-0.7313561,0.60719025
visec_hf_002131,0,south,neutral,0.5597181,0.22964546
visec_hf_002132,0,south,neutral,0.6993299,0.35908094
visec_hf_002133,0,south,happy,0.08984379,0.46518505
visec_hf_002134,66,north,neutral,-0.9548383,-0.14360686
visec_hf_002135,25,north,neutral,-0.26042116,-0.8165556
visec_hf_002136,87,north,neutral,0.43428472,-0.39293203
visec_hf_002137,12,north,angry,-0.5756477,-0.032784976
visec_hf_002138,0,south,sad,0.59265065,-0.6231693
visec_hf_002139,134,south,sad,-0.038618397,-0.1389221
visec_hf_002140,87,north,neutral,-0.28036615,0.24834688
visec_hf_002141,42,south,neutral,-0.8780162,-0.6781459
visec_hf_002143,23,south,sad,-0.003997829,-0.75545067
visec_hf_002144,38,south,happy,-0.8282361,-0.22587827
visec_hf_002145,0,south,angry,1.3369317,-0.54068786
visec_hf_002147,0,south,sad,0.71694607,0.7711366
visec_hf_002148,0,south,angry,0.60491544,0.107476495
visec_hf_002149,3,north,happy,-0.25604367,-0.21495734
visec_hf_002150,16,north,sad,-0.599119,-0.22101086
visec_hf_002151,24,south,angry,-0.29673094,-0.24342147
visec_hf_002152,69,central,angry,-0.2666854,0.40511853
visec_hf_002153,0,south,happy,-0.062032755,-0.92967945
visec_hf_002154,0,south,happy,0.6302503,0.7401044
visec_hf_002155,0,south,angry,0.8756047,0.33878887
visec_hf_002156,0,south,neutral,0.16071337,0.3302042
visec_hf_002157,64,south,sad,-0.58237547,-1.2170973
visec_hf_002158,0,south,sad,0.3040842,0.010930673
visec_hf_002159,0,south,sad,0.7616645,-0.22776084
visec_hf_002160,32,south,sad,-0.7448603,0.83200336
visec_hf_002161,16,north,sad,-0.38689545,-0.75045794
visec_hf_002162,42,south,sad,0.08860123,-0.18367371
visec_hf_002163,98,north,angry,-0.6828688,0.4252184
visec_hf_002164,135,south,neutral,-0.72917086,0.613145
visec_hf_002165,102,south,sad,-0.43215826,-0.39409077
visec_hf_002166,99,south,happy,-0.21399455,-1.2014251
visec_hf_002167,0,south,neutral,0.42456242,0.19589399
visec_hf_002168,0,south,angry,1.1833076,-0.41389194
visec_hf_002169,25,north,happy,-0.19313827,0.80581135
visec_hf_002170,0,south,angry,0.664818,0.1507083
visec_hf_002171,0,south,angry,0.7342952,0.4194674
visec_hf_002173,49,south,neutral,-0.8468813,0.9158676
visec_hf_002174,0,south,angry,1.2439455,0.37246618
visec_hf_002175,62,south,angry,-1.0198064,0.91029406
visec_hf_002176,108,north,angry,0.012581824,-0.061234064
visec_hf_002177,0,south,sad,-0.10848974,0.45387286
visec_hf_002178,0,south,angry,0.5301045,0.45748505
visec_hf_002179,0,south,angry,0.78508294,0.77945787
visec_hf_002180,61,north,neutral,-0.8390916,-0.29318035
visec_hf_002181,0,south,neutral,0.6475814,0.49115533
visec_hf_002182,14,north,angry,0.94971645,-0.4284972
visec_hf_002183,0,south,angry,0.6710392,-0.6447911
visec_hf_002184,0,south,sad,-0.47692972,-0.97851497
visec_hf_002185,14,north,angry,0.57531,0.30282602
visec_hf_002186,0,south,sad,0.85579926,0.34089586
visec_hf_002187,0,south,sad,0.11603026,0.35942551
visec_hf_002188,0,south,angry,1.2150106,0.0095357075
visec_hf_002189,0,south,sad,0.40276343,-0.6198902
visec_hf_002190,0,south,happy,0.75338256,-0.40295663
visec_hf_002191,0,south,happy,0.86527973,0.21543907
visec_hf_002192,15,south,neutral,-1.1409421,0.69724536
visec_hf_002193,0,south,sad,0.71036404,0.30637658
visec_hf_002194,53,south,sad,-0.75094366,-0.39317936
visec_hf_002195,0,south,angry,1.1892196,-0.77114016
visec_hf_002196,0,south,happy,0.54673886,0.044350706
visec_hf_002197,57,north,angry,-0.8624668,0.66863185
visec_hf_002198,0,south,angry,0.7039009,0.24589519
visec_hf_002199,0,south,sad,1.2007558,-0.47910565
visec_hf_002201,83,south,sad,-0.4986274,0.32157344
visec_hf_002202,0,south,angry,1.2401621,-0.5141077
visec_hf_002203,0,south,neutral,0.7371606,0.42031497
visec_hf_002204,0,south,happy,0.9195868,0.28906882
visec_hf_002205,2,south,sad,0.68239677,0.4257745
visec_hf_002206,24,south,angry,-0.80976963,-0.61296445
visec_hf_002207,2,south,angry,0.5906321,0.03975272
visec_hf_002208,0,south,sad,0.9792287,0.7316456
visec_hf_002209,15,south,sad,-1.0135877,-0.8028112
visec_hf_002210,0,south,neutral,0.19861612,0.18806499
visec_hf_002211,29,north,sad,-0.9215073,-0.25944614
visec_hf_002212,28,south,neutral,-0.88230264,-0.17792691
visec_hf_002213,0,south,angry,1.2648776,-0.66776276
visec_hf_002214,0,south,neutral,0.049964454,0.16973151
visec_hf_002215,0,south,angry,0.49748692,0.80693316
visec_hf_002218,30,north,neutral,-0.8426747,-0.695766
visec_hf_002219,15,south,neutral,-0.711308,0.17449494
visec_hf_002220,0,south,angry,1.5495969,-0.040931676
visec_hf_002221,0,south,angry,0.7667263,0.56105566
visec_hf_002222,59,south,angry,0.5720109,-0.5054309
visec_hf_002223,63,south,neutral,-0.2637783,-1.0756412
visec_hf_002224,5,south,neutral,-0.24222606,-0.2791925
visec_hf_002225,57,north,angry,-0.6799905,-0.37216255
visec_hf_002226,14,north,angry,-0.56298095,0.95097035
visec_hf_002227,0,south,angry,0.35484913,-0.12707636
visec_hf_002228,6,central,happy,0.034112822,1.0466694
visec_hf_002229,0,south,happy,0.39926887,0.4544222
visec_hf_002230,0,south,sad,-0.62407017,0.5061978
visec_hf_002232,0,south,sad,-0.14986849,-0.65378386
visec_hf_002233,0,south,angry,0.8394528,0.85670805
visec_hf_002234,26,north,angry,-0.026648607,-0.8109066
visec_hf_002235,62,south,angry,-0.9415867,0.16893038
visec_hf_002236,85,south,neutral,-0.6268767,-0.492362
visec_hf_002238,21,south,neutral,-0.46955034,-0.99994594
visec_hf_002239,0,south,angry,1.3421643,-0.056761634
visec_hf_002240,39,south,happy,-0.81988615,0.53620154
visec_hf_002241,15,south,happy,-1.0568546,-0.14525807
visec_hf_002242,23,south,sad,-0.26947305,0.30321443
visec_hf_002243,96,south,neutral,-0.10160579,0.11635814
visec_hf_002244,0,south,neutral,0.29288593,0.40285534
visec_hf_002245,3,north,angry,0.16698094,0.18952884
visec_hf_002246,124,south,neutral,-1.1672871,0.25141516
visec_hf_002247,30,north,sad,-0.6423516,-0.035381526
visec_hf_002248,50,north,angry,-0.24150883,0.4152933
visec_hf_002249,12,north,happy,-0.9971448,-0.59888077
visec_hf_002250,6,central,happy,-0.19640136,1.0060529
visec_hf_002251,2,south,neutral,0.2533482,-0.08305908
visec_hf_002252,83,south,sad,-0.4571263,0.568701
visec_hf_002253,0,south,happy,0.39657813,-0.8853558
visec_hf_002254,0,south,sad,-0.5716082,0.7729506
visec_hf_002255,0,south,angry,1.0731492,0.3802833
visec_hf_002256,10,north,neutral,-0.5160841,-1.026027
visec_hf_002257,4,south,happy,-0.7958251,-0.39736128
visec_hf_002258,22,north,angry,-0.33492064,-0.18930687
visec_hf_002259,0,south,angry,1.0922079,-0.51729554
visec_hf_002260,0,south,sad,0.5737773,-0.24055868
visec_hf_002261,26,north,neutral,-0.41783774,-0.78428054
visec_hf_002262,0,south,angry,0.64747286,0.31192493
visec_hf_002263,6,central,neutral,-0.1517456,1.0113986
visec_hf_002264,0,south,angry,1.0991812,0.117617555
visec_hf_002265,12,north,angry,-0.4591268,0.05722195
visec_hf_002266,0,south,angry,1.1887376,-0.5397838
visec_hf_002267,102,south,sad,-0.57666796,0.8579469
visec_hf_002268,3,north,sad,-0.3786365,-0.49875852
visec_hf_002269,3,north,angry,-0.6918108,0.9603319
visec_hf_002270,0,south,angry,0.9942493,-0.71750593
visec_hf_002271,0,south,neutral,0.2700226,0.32835713
visec_hf_002272,44,south,neutral,-0.6354581,0.06486045
visec_hf_002273,14,north,happy,-0.9906678,0.43191728
visec_hf_002274,15,south,happy,-0.8491578,-0.43404078
visec_hf_002275,0,south,angry,0.4657296,-0.24068882
visec_hf_002276,0,south,sad,0.3063606,0.2132167
visec_hf_002277,102,south,sad,-0.37365034,-1.0134342
visec_hf_002278,61,north,neutral,-0.7983415,-0.8030713
visec_hf_002279,54,north,sad,0.5620309,0.73802197
visec_hf_002280,12,north,sad,-0.08328723,-0.41330123
visec_hf_002281,95,north,neutral,-0.97392786,0.9840836
visec_hf_002282,32,south,sad,-0.4229319,-0.35722733
visec_hf_002283,0,south,neutral,0.09665666,0.32864788
visec_hf_002284,46,north,sad,-0.97434783,-0.37258524
visec_hf_002285,6,central,neutral,-0.3006147,1.0858268
visec_hf_002286,15,south,happy,-1.1104382,0.2953799
visec_hf_002287,0,south,happy,1.023247,-0.31398094
visec_hf_002288,0,south,sad,-0.22478275,0.6476709
visec_hf_002289,50,north,angry,-0.7786829,0.88656867
visec_hf_002290,0,south,angry,0.89324677,0.5138123
visec_hf_002291,0,south,angry,0.082957506,-0.00055609556
visec_hf_002293,0,south,angry,0.36112255,-0.39618564
visec_hf_002294,0,south,neutral,0.8623198,0.47426024
visec_hf_002295,15,south,neutral,-0.89952844,0.92272294
visec_hf_002296,52,north,angry,-0.18552409,1.0167179
visec_hf_002298,0,south,neutral,0.16505452,0.39418706
visec_hf_002299,58,south,angry,0.3011538,0.6583113
visec_hf_002300,0,south,angry,1.1856629,0.025833772
visec_hf_002301,128,south,neutral,-0.43383995,-0.78600305
visec_hf_002302,0,south,angry,0.41607752,0.3952472
visec_hf_002303,55,south,neutral,-0.9643941,0.7945661
visec_hf_002304,32,south,neutral,-0.1273162,0.56344235
visec_hf_002305,14,north,neutral,0.10777101,-0.56247383
visec_hf_002306,24,south,angry,-0.13465865,-0.08974189
visec_hf_002307,0,south,neutral,0.28985503,0.3512478
visec_hf_002308,86,south,sad,-0.49243638,0.17503631
visec_hf_002309,0,south,angry,1.3299608,0.39398202
visec_hf_002310,0,south,neutral,-0.022323078,0.16090178
visec_hf_002311,57,north,neutral,-0.52562255,-1.0520625
visec_hf_002312,57,north,angry,0.28514528,0.4928879
visec_hf_002313,38,south,neutral,-0.78661215,-0.088598736
visec_hf_002314,50,north,sad,-0.02926524,-0.7074571
visec_hf_002315,25,north,angry,-0.2982372,0.77358824
visec_hf_002316,0,south,neutral,0.28313622,0.23078083
visec_hf_002317,0,south,neutral,0.13658458,0.2645223
visec_hf_002318,52,north,happy,0.7592901,0.6350232
visec_hf_002319,83,south,sad,0.43798062,-0.6948689
visec_hf_002320,0,south,neutral,-0.021738555,0.28673902
visec_hf_002321,0,south,sad,0.65638155,0.275993
visec_hf_002322,85,south,neutral,-0.94754344,-0.18767092
visec_hf_002323,0,south,neutral,0.47850123,0.31063607
visec_hf_002324,6,central,neutral,1.0053037,1.0299245
visec_hf_002325,0,south,angry,0.6122661,-0.5770458
visec_hf_002327,29,north,angry,-0.7270963,0.8670283
visec_hf_002328,0,south,angry,0.82515556,0.16839613
visec_hf_002329,57,north,angry,-0.99482197,0.24373049
visec_hf_002330,27,north,happy,-0.68046737,-0.3256929
visec_hf_002331,5,south,neutral,-0.29110637,-0.88985336
visec_hf_002332,0,south,sad,0.75459874,0.91971886
visec_hf_002333,55,south,angry,0.2979544,-0.32702094
visec_hf_002334,0,south,happy,0.16474496,-0.17515422
visec_hf_002335,38,south,sad,-0.8430836,-0.6531333
visec_hf_002336,136,south,neutral,-0.28944317,0.18027624
visec_hf_002337,65,central,happy,-0.20206514,0.64761573
visec_hf_002338,0,south,sad,0.6522644,0.12355104
visec_hf_002339,0,south,angry,-0.15593697,0.5237783
visec_hf_002340,57,north,sad,-0.9326895,-0.21103837
visec_hf_002341,0,south,neutral,0.24411294,0.4485609
visec_hf_002342,0,south,neutral,0.12219877,0.17251523
visec_hf_002343,64,south,angry,-0.99571085,-0.77491343
visec_hf_002345,14,north,angry,0.6479276,0.318607
visec_hf_002346,19,north,neutral,-0.7547274,-0.35680574
visec_hf_002347,85,south,neutral,-0.4408305,-1.1592718
visec_hf_002349,0,south,neutral,-0.013715243,0.14759322
visec_hf_002350,0,south,angry,0.98585796,-0.029041994
visec_hf_002351,36,north,neutral,-1.0222032,-0.31636953
visec_hf_002352,114,south,neutral,-0.63302463,0.8705092
visec_hf_002353,0,south,sad,-0.37565362,0.41660812
visec_hf_002354,0,south,happy,0.69698477,0.022605482
visec_hf_002355,6,central,neutral,0.56919676,1.0772237
visec_hf_002356,0,south,neutral,-0.01905965,0.2751301
visec_hf_002357,0,south,neutral,0.6812314,0.38895607
visec_hf_002358,14,north,angry,0.4570423,0.7620773
visec_hf_002359,28,south,happy,-0.29544207,-1.0075834
visec_hf_002360,64,south,angry,-0.4886431,-0.39572287
visec_hf_002361,0,south,angry,0.5172277,0.26138186
visec_hf_002362,0,south,angry,0.14020735,0.46330813
visec_hf_002363,12,north,angry,-0.42909664,0.89493126
visec_hf_002364,0,south,neutral,0.058762703,0.14167452
visec_hf_002365,0,south,happy,0.43718305,0.022481032
visec_hf_002366,2,south,angry,0.7163054,0.46045333
visec_hf_002367,28,south,neutral,-1.053644,0.32616854
visec_hf_002368,42,south,happy,-0.39656776,-0.46148118
visec_hf_002369,0,south,neutral,-0.4713153,0.12748
visec_hf_002370,50,north,sad,-0.50271803,0.9002741
visec_hf_002371,0,south,angry,0.4828071,-0.14947316
visec_hf_002372,0,south,neutral,-0.058462,0.36723205
visec_hf_002373,0,south,neutral,0.22959675,0.33438355
visec_hf_002374,103,north,neutral,-1.0784866,-0.12872988
visec_hf_002375,0,south,angry,0.480408,-0.23729284
visec_hf_002376,15,south,neutral,-0.77559924,-0.56689316
visec_hf_002377,57,north,sad,-0.64502275,-0.59590566
visec_hf_002378,0,south,happy,-0.7311705,0.83377117
visec_hf_002379,0,south,angry,1.0162568,-0.48660183
visec_hf_002380,0,south,happy,0.82383573,-0.18560617
visec_hf_002381,14,north,angry,0.6887292,0.15314445
visec_hf_002383,24,south,neutral,-0.49645793,-1.2301589
visec_hf_002384,0,south,sad,0.67778105,0.35487577
visec_hf_002385,133,south,angry,1.4244136,-0.29739273
visec_hf_002386,0,south,angry,1.0699555,0.3493994
visec_hf_002387,29,north,happy,-0.47297361,0.062291473
visec_hf_002388,0,south,angry,0.93236303,-0.32833248
visec_hf_002389,53,south,happy,-0.06806745,-0.31943753
visec_hf_002390,29,north,neutral,-0.9393315,1.0382533
visec_hf_002391,26,north,happy,-0.39382592,-0.6941884
visec_hf_002392,0,south,happy,0.1955997,0.020211976
visec_hf_002393,0,south,angry,1.137723,0.014418122
visec_hf_002394,14,north,sad,-0.93854064,0.8055312
visec_hf_002395,0,south,neutral,0.22778031,0.5890015
visec_hf_002396,49,south,sad,1.5851164,-0.6415924
visec_hf_002397,0,south,sad,0.5421218,-0.45384428
visec_hf_002398,0,south,angry,1.0266347,-0.105042085
visec_hf_002399,0,south,neutral,0.63225967,0.4037562
visec_hf_002400,0,south,angry,0.5609555,-0.77695274
visec_hf_002401,16,north,sad,-0.32467777,-1.1760421
visec_hf_002402,0,south,sad,1.4215873,0.21616237
visec_hf_002403,27,north,happy,-0.5226026,-1.0943291
visec_hf_002404,32,south,neutral,-0.27782547,-0.72829455
visec_hf_002405,14,north,angry,0.87461483,-0.6411977
visec_hf_002407,44,south,angry,-0.9304919,0.52172637
visec_hf_002408,14,north,happy,-0.032541562,-0.5788232
visec_hf_002409,0,south,angry,1.2611209,-0.44170374
visec_hf_002410,137,north,angry,-0.89005095,1.0138557
visec_hf_002411,0,south,sad,0.24503674,-0.4513835
visec_hf_002412,35,north,angry,-0.609269,-0.53778857
visec_hf_002413,27,north,neutral,-1.0844737,0.2051957
visec_hf_002415,26,north,angry,-0.7154587,-0.30332884
visec_hf_002416,0,south,neutral,0.5299445,0.38166973
visec_hf_002417,72,central,happy,-0.59190875,-0.7646885
visec_hf_002418,0,south,angry,1.0802103,-0.42238384
visec_hf_002419,0,south,angry,0.68941325,0.1499365
visec_hf_002420,14,north,angry,-0.47149396,0.7956753
visec_hf_002421,2,south,neutral,0.16061881,-0.6772917
visec_hf_002422,98,north,neutral,-0.5580489,-0.7024859
visec_hf_002423,0,south,sad,0.2707764,0.11765643
visec_hf_002424,56,south,happy,-0.13461907,0.64400333
visec_hf_002425,14,north,happy,0.87405705,-0.9572727
visec_hf_002426,0,south,neutral,0.19407132,0.01890466
visec_hf_002427,0,south,happy,1.1799802,-0.64455324
visec_hf_002428,49,south,sad,0.68390083,-0.06726622
visec_hf_002429,0,south,neutral,0.8629118,0.26679733
visec_hf_002430,0,south,angry,0.7480097,0.34213167
visec_hf_002431,53,south,neutral,-0.40633458,-0.997623
visec_hf_002432,0,south,neutral,0.21075508,0.27868766
visec_hf_002433,0,south,sad,0.16684538,0.8911383
visec_hf_002434,15,south,neutral,-0.44051847,-1.0411334
visec_hf_002435,0,south,angry,0.8894682,0.17854246
visec_hf_002436,15,south,happy,-1.1740372,0.20004869
visec_hf_002437,2,south,sad,-0.5291401,0.74990803
visec_hf_002438,0,south,angry,0.74715906,0.39096472
visec_hf_002439,15,south,neutral,-0.8143362,-0.50057924
visec_hf_002440,0,south,angry,1.1514739,0.068940125
visec_hf_002441,86,south,sad,-0.7993854,-0.65766567
visec_hf_002442,15,south,happy,-0.79161716,0.70532024
visec_hf_002443,6,central,happy,0.007436026,1.077474
visec_hf_002445,49,south,sad,0.013444507,0.35611457
visec_hf_002446,0,south,angry,0.55859923,0.37441695
visec_hf_002447,6,central,neutral,0.5892075,1.0961897
visec_hf_002448,44,south,neutral,-0.6267389,-0.19973715
visec_hf_002449,2,south,angry,1.2063544,-0.39621857
visec_hf_002450,0,south,angry,0.18440169,-0.9431451
visec_hf_002451,73,north,happy,-0.40382105,0.8178829
visec_hf_002452,0,south,sad,0.101282775,0.13787155
visec_hf_002453,98,north,neutral,-0.8918624,-1.1688898
visec_hf_002454,0,south,neutral,0.80615234,0.4959875
visec_hf_002455,52,north,angry,1.0286492,0.066011265
visec_hf_002456,44,south,neutral,-1.1509436,-0.18513928
visec_hf_002457,100,north,angry,1.1359223,-0.4411878
visec_hf_002459,0,south,neutral,0.08161897,0.30855176
visec_hf_002460,6,central,neutral,0.76292896,-0.32676685
visec_hf_002462,0,south,sad,0.04353604,-0.68006736
visec_hf_002463,57,north,happy,-0.84313077,0.43038076
visec_hf_002464,0,south,happy,0.23643015,-0.31576547
visec_hf_002465,0,south,angry,-0.47049335,0.52274144
visec_hf_002466,0,south,angry,0.0025867885,-0.14030944
visec_hf_002467,14,north,happy,-0.7183027,-0.42404088
visec_hf_002468,1,south,neutral,-0.87648565,-0.47127262
visec_hf_002469,138,south,angry,0.4169083,0.54581326
visec_hf_002471,56,south,sad,1.1338272,0.34196833
visec_hf_002472,0,south,angry,0.39522982,0.08499769
visec_hf_002473,0,south,angry,0.5729229,0.07972192
visec_hf_002474,61,north,sad,-0.8366096,1.0176698
visec_hf_002475,0,south,neutral,0.6085411,0.21460238
visec_hf_002476,15,south,neutral,-0.66683865,-1.0806869
visec_hf_002477,0,south,happy,0.54496884,0.26422632
visec_hf_002478,12,north,happy,-0.19159546,0.5442137
visec_hf_002479,0,south,angry,0.577392,-0.38494048
visec_hf_002480,0,south,angry,1.3684568,0.27578232
visec_hf_002482,38,south,neutral,-0.7272349,-0.42724243
visec_hf_002483,26,north,neutral,-0.40744156,-0.9789611
visec_hf_002484,77,north,sad,-0.7335591,-0.20104803
visec_hf_002485,15,south,happy,-0.9572828,0.82766044
visec_hf_002486,15,south,happy,-0.7103509,-1.3300345
visec_hf_002487,26,north,angry,-0.757399,-0.02601852
visec_hf_002488,0,south,neutral,-0.17394657,0.25021932
visec_hf_002489,0,south,angry,0.5881286,-0.030030496
visec_hf_002491,5,south,neutral,-0.27487966,-0.8587691
visec_hf_002492,27,north,happy,-0.94467986,-0.49515346
visec_hf_002493,0,south,sad,0.5759446,-0.41358474
visec_hf_002495,0,south,neutral,0.88969016,0.35457954
visec_hf_002496,0,south,angry,0.8854093,-0.77729076
visec_hf_002497,0,south,angry,0.6038175,0.17579636
visec_hf_002498,25,north,happy,-0.4527312,0.67181
visec_hf_002499,12,north,neutral,-0.48685262,-1.1322052
visec_hf_002500,6,central,neutral,0.75777227,1.1235837
visec_hf_002501,139,south,sad,0.29915348,0.26466346
visec_hf_002502,117,north,happy,-0.5782556,0.90905446
visec_hf_002503,44,south,happy,0.23068383,0.46016255
visec_hf_002504,0,south,sad,-0.27456954,-0.085572086
visec_hf_002505,0,south,neutral,-0.55229753,-0.14536749
visec_hf_002506,0,south,angry,0.45778367,-0.4999395
visec_hf_002507,0,south,neutral,0.22657585,0.11085875
visec_hf_002508,135,south,angry,-0.4436234,-0.73781055
visec_hf_002509,0,south,angry,0.025345678,0.6416236
visec_hf_002510,94,central,neutral,-0.8621573,-0.30721048
visec_hf_002511,0,south,happy,-0.16837125,-1.0583267
visec_hf_002512,0,south,neutral,0.66036206,0.2685068
visec_hf_002513,86,south,sad,-0.8130149,0.70965487
visec_hf_002514,30,north,sad,-0.7917706,-0.6444296
visec_hf_002515,15,south,neutral,-0.9013418,-0.45332614
visec_hf_002516,6,central,happy,0.2808283,1.0532897
visec_hf_002517,0,south,angry,1.1950785,-0.25060627
visec_hf_002518,0,south,angry,0.22238784,-0.76944155
visec_hf_002519,0,south,neutral,0.07753768,0.41491166
visec_hf_002520,0,south,angry,1.0933704,-0.44417116
visec_hf_002521,0,south,neutral,0.54095966,0.27094668
visec_hf_002522,59,south,angry,0.14683178,0.38574216
visec_hf_002523,16,north,sad,-0.34552276,0.7607037
visec_hf_002524,130,south,happy,-0.42487222,-0.17208248
visec_hf_002525,0,south,sad,-0.2766657,0.26874858
visec_hf_002526,107,north,sad,-0.2214154,1.0646201
visec_hf_002527,0,south,happy,0.16098833,0.4236506
visec_hf_002528,6,central,happy,0.27520743,0.9116806
visec_hf_002529,2,south,sad,1.1460986,0.35789108
visec_hf_002530,57,north,neutral,-0.5047325,-0.44926473
visec_hf_002531,12,north,sad,-0.55677193,-0.12199629
visec_hf_002532,1,south,neutral,-0.14628552,-1.3412938
visec_hf_002533,0,south,neutral,0.69429165,0.21637571
visec_hf_002534,0,south,neutral,-0.31823066,0.3018697
visec_hf_002535,0,south,happy,0.09860955,-0.49714857
visec_hf_002536,40,north,angry,-0.23588212,0.105294734
visec_hf_002537,57,north,neutral,-0.66667163,-0.5009116
visec_hf_002538,0,south,sad,0.68437994,-0.66924214
visec_hf_002539,0,south,happy,1.1763043,-0.060259126
visec_hf_002540,5,south,happy,-0.40519896,0.6595251
visec_hf_002541,0,south,angry,1.2841525,-0.36150917
visec_hf_002542,4,south,neutral,-0.62962615,-1.1694449
visec_hf_002543,2,south,neutral,0.50831836,0.14066269
visec_hf_002544,0,south,angry,-0.19869626,-0.014212863
visec_hf_002545,0,south,angry,1.128415,0.057213247
visec_hf_002546,0,south,happy,0.93426764,0.36363485
visec_hf_002547,29,north,happy,-0.5046493,0.86915225
visec_hf_002548,0,south,neutral,0.4017799,0.29229
visec_hf_002549,103,north,neutral,-0.77169603,-1.0357696
visec_hf_002550,33,central,neutral,-0.78184396,-0.026690599
visec_hf_002551,25,north,neutral,-0.146649,-1.1022841
visec_hf_002552,38,south,neutral,-0.79760057,-0.59377486
visec_hf_002553,0,south,happy,-0.17601398,0.9706752
visec_hf_002554,59,south,happy,-0.24681242,0.19454388
visec_hf_002555,38,south,angry,-0.77780396,-0.5366452
visec_hf_002556,92,central,happy,-0.16473927,0.076022334
visec_hf_002557,0,south,angry,0.62006897,-0.1423776
visec_hf_002558,0,south,angry,0.9928988,-0.6411648
visec_hf_002559,0,south,neutral,0.09952302,0.19196951
visec_hf_002560,27,north,happy,-0.80422443,-0.67096055
visec_hf_002561,50,north,neutral,-0.60030466,-0.0012341813
visec_hf_002562,57,north,neutral,-0.53275645,-0.49187097
visec_hf_002563,126,central,neutral,-1.0527999,0.5717694
visec_hf_002564,0,south,happy,0.5433854,0.18779255
visec_hf_002565,66,north,angry,-1.1698585,0.27752978
visec_hf_002566,24,south,angry,-0.33980685,-0.08583246
visec_hf_002567,0,south,neutral,0.19379216,0.27558252
visec_hf_002568,0,south,happy,0.6576493,0.10045515
visec_hf_002569,0,south,angry,1.0541937,-0.023819247
visec_hf_002570,0,south,neutral,0.1628349,0.44648927
visec_hf_002571,71,south,neutral,-0.28836945,-1.1412847
visec_hf_002572,0,south,sad,0.21011788,0.4436209
visec_hf_002573,12,north,angry,-0.13858432,-0.8335464
visec_hf_002574,32,south,neutral,0.13618906,0.003508045
visec_hf_002575,0,south,neutral,0.16846065,0.33487192
visec_hf_002576,0,south,angry,0.57888097,-0.8045333
visec_hf_002577,0,south,sad,1.4046971,-0.19101691
visec_hf_002578,0,south,sad,-0.5343232,-0.9097229
visec_hf_002579,60,north,neutral,-0.3040284,-0.47446164
visec_hf_002580,107,north,sad,-0.16204953,0.19198988
visec_hf_002581,0,south,sad,0.086882055,0.28052253
visec_hf_002582,15,south,happy,-0.92108136,-0.2530581
visec_hf_002583,0,south,neutral,0.52630585,0.39677188
visec_hf_002584,0,south,angry,0.0071471413,-0.21041894
visec_hf_002585,0,south,happy,0.40576592,0.025937274
visec_hf_002586,6,central,neutral,0.8181184,0.48685017
visec_hf_002587,0,south,angry,1.4097209,-0.2659802
visec_hf_002588,2,south,angry,0.26028672,0.46749815
visec_hf_002590,0,south,sad,1.115312,-0.43835953
visec_hf_002591,111,south,neutral,-0.79531896,0.7938203
visec_hf_002592,0,south,happy,0.35756874,0.40630373
visec_hf_002593,27,north,neutral,-1.0676162,-0.26231125
visec_hf_002594,57,north,sad,-1.1858617,-0.19461922
visec_hf_002595,27,north,sad,-0.78759706,-0.2758927
visec_hf_002596,0,south,neutral,0.33640343,0.24657197
visec_hf_002598,15,south,happy,-0.8258056,0.25262207
visec_hf_002599,15,south,angry,-0.9225453,0.66723084
visec_hf_002600,38,south,sad,-0.5368345,-0.70729834
visec_hf_002601,15,south,happy,-1.0077672,0.93555826
visec_hf_002602,0,south,happy,0.5505917,0.15054825
visec_hf_002603,0,south,angry,0.92657626,-0.38154313
visec_hf_002604,64,south,angry,-0.39330214,-1.1685734
visec_hf_002605,101,central,sad,-0.956999,1.0922302
visec_hf_002606,5,south,neutral,-0.104497634,-1.0055866
visec_hf_002608,0,south,sad,0.3498478,0.071630664
visec_hf_002609,32,south,sad,-0.017501475,-0.46324554
visec_hf_002610,15,south,sad,-0.83294845,0.09488445
visec_hf_002611,0,south,neutral,0.09255437,0.47686628
visec_hf_002613,0,south,neutral,0.3659951,0.40002993
visec_hf_002614,0,south,happy,1.018587,0.17609818
visec_hf_002615,39,south,neutral,-0.24201953,-0.23238918
visec_hf_002616,0,south,sad,-0.11545296,0.2164439
visec_hf_002617,15,south,neutral,-0.8062281,-1.2688633
visec_hf_002618,0,south,angry,0.37808508,-0.4506449
visec_hf_002619,3,north,neutral,-0.9189579,-0.4356341
visec_hf_002620,10,north,neutral,-0.93626344,-0.65867805
visec_hf_002621,90,north,neutral,-1.1418817,0.45795605
visec_hf_002622,122,south,angry,-0.840095,0.3322874
visec_hf_002623,0,south,neutral,0.4235211,0.5212496
visec_hf_002624,15,south,neutral,-0.7936478,-0.8889021
visec_hf_002625,0,south,angry,0.7339757,-0.1021436
visec_hf_002626,2,south,sad,0.3618788,-0.71227396
visec_hf_002627,0,south,angry,0.6305838,-0.26034063
visec_hf_002628,0,south,sad,0.6608446,0.30939066
visec_hf_002629,57,north,neutral,-0.94812053,0.06646456
visec_hf_002630,0,south,angry,0.56664306,-0.6013387
visec_hf_002631,0,south,neutral,0.08696569,0.16241193
visec_hf_002632,29,north,neutral,-0.67005086,0.79284436
visec_hf_002633,14,north,angry,-0.0810721,0.59802985
visec_hf_002634,0,south,happy,1.2031353,-0.5197709
visec_hf_002635,2,south,sad,0.86155313,0.25447786
visec_hf_002636,0,south,angry,0.9965357,-0.05202967
visec_hf_002637,0,south,neutral,0.56921476,0.26900062
visec_hf_002639,30,north,neutral,-0.49737048,-0.7363544
visec_hf_002640,0,south,neutral,0.8681514,0.44698322
visec_hf_002641,14,north,neutral,-0.7835101,0.9374771
visec_hf_002642,15,south,happy,-0.82473266,-0.5035024
visec_hf_002643,38,south,neutral,-0.5358305,-0.92822444
visec_hf_002644,0,south,angry,0.8787711,-0.0027907137
visec_hf_002645,3,north,sad,-0.65106857,-0.33379552
visec_hf_002646,0,south,neutral,0.5919134,0.2924484
visec_hf_002648,32,south,neutral,0.08948584,-0.7942762
visec_hf_002649,14,north,angry,0.49489793,0.20621541
visec_hf_002650,0,south,sad,1.3857502,0.31595108
visec_hf_002651,3,north,happy,-0.56192714,-0.08480368
visec_hf_002652,29,north,angry,-0.3715831,1.0250585
visec_hf_002653,57,north,neutral,-0.84686583,0.07404525
visec_hf_002654,0,south,angry,0.6220272,0.7463793
visec_hf_002655,2,south,angry,0.62645674,0.20950577
visec_hf_002656,0,south,neutral,0.7631668,0.30789593
visec_hf_002657,0,south,neutral,-0.62816685,0.17826436
visec_hf_002658,16,north,neutral,-0.6397485,-0.9068117
visec_hf_002659,28,south,neutral,-1.1587908,0.51457673
visec_hf_002660,49,south,neutral,-0.29364643,0.7307976
visec_hf_002661,0,south,neutral,-0.31586725,0.30134
visec_hf_002662,64,south,angry,-0.73837364,-0.10322552
visec_hf_002663,0,south,angry,0.5160768,-0.59581864
visec_hf_002664,0,south,sad,0.58533967,0.45363986
visec_hf_002665,15,south,sad,-1.267104,0.2953006
visec_hf_002666,0,south,angry,0.2846002,-0.6708935
visec_hf_002667,0,south,sad,0.2755883,0.014255363
visec_hf_002668,0,south,neutral,-0.25281063,0.28926045
visec_hf_002669,85,south,neutral,-0.8225474,-0.5874672
visec_hf_002670,32,south,neutral,0.0037990557,-0.019599438
visec_hf_002671,0,south,angry,0.6362133,-0.18343307
visec_hf_002672,0,south,angry,0.64051193,0.3044774
visec_hf_002673,55,south,neutral,0.31444085,-0.28097194
visec_hf_002674,108,north,neutral,-0.4748843,-0.108509175
visec_hf_002675,0,south,happy,0.3429399,0.16946162
visec_hf_002676,0,south,happy,0.9173964,0.56013864
visec_hf_002677,54,north,sad,0.41437048,0.8340416
visec_hf_002678,0,south,happy,1.1690449,-0.52491546
visec_hf_002679,47,north,neutral,-1.0764849,0.4725763
visec_hf_002680,30,north,sad,-0.8321293,-0.31837493
visec_hf_002681,4,south,neutral,-0.67963123,-1.2709365
visec_hf_002682,0,south,sad,0.35696447,-0.25652355
visec_hf_002683,0,south,happy,1.0580404,-0.41735658
visec_hf_002684,0,south,angry,1.0161535,0.5103288
visec_hf_002685,71,south,sad,-0.0030298973,-0.8515266
visec_hf_002686,0,south,sad,0.19543508,0.13312222
visec_hf_002687,14,north,angry,0.1835213,-0.6681586
visec_hf_002688,0,south,sad,0.38886997,-0.68515146
visec_hf_002689,0,south,happy,0.26268643,0.040075295
visec_hf_002690,60,north,happy,-0.55985445,-1.0968755
visec_hf_002691,2,south,angry,0.88155335,0.0143899955
visec_hf_002692,0,south,angry,0.74025786,0.30210793
visec_hf_002693,59,south,angry,-0.438939,0.75353026
visec_hf_002694,0,south,neutral,-0.59807163,0.20654286
visec_hf_002695,58,south,angry,-0.12457698,-0.9257528
visec_hf_002696,0,south,happy,0.39003417,-0.10648128
visec_hf_002697,60,north,happy,-0.9531628,0.7075272
visec_hf_002698,0,south,angry,0.53998774,-0.4062591
visec_hf_002699,83,south,neutral,-0.7178632,-0.7873561
visec_hf_002700,99,south,sad,-0.95886225,0.44667047
visec_hf_002701,19,north,neutral,-1.0523021,0.8087745
visec_hf_002702,0,south,sad,-0.28498882,-0.63622856
visec_hf_002703,12,north,happy,-0.49938977,0.43006065
visec_hf_002704,51,south,neutral,-0.067486145,0.030017816
visec_hf_002705,32,south,sad,-0.46882382,0.19478855
visec_hf_002706,82,south,neutral,-0.6573403,-1.2080137
visec_hf_002707,0,south,neutral,-0.35972542,0.18612199
visec_hf_002708,0,south,happy,0.48982283,-0.52715486
visec_hf_002709,15,south,neutral,-0.13013795,-1.0286721
visec_hf_002710,14,north,angry,0.22579968,0.05507999
visec_hf_002711,0,south,angry,0.90221864,0.3047606
visec_hf_002712,52,north,angry,-0.18866804,1.0049852
visec_hf_002713,0,south,angry,0.9358541,-0.59127426
visec_hf_002714,53,south,angry,0.6177008,-0.111598745
visec_hf_002715,0,south,angry,1.0579304,0.5240143
visec_hf_002716,0,south,sad,-0.050578285,-0.8642298
visec_hf_002717,39,south,angry,-0.71490985,0.7208167
visec_hf_002718,12,north,neutral,0.07400858,-0.7118876
visec_hf_002719,50,north,sad,-0.63109404,-1.0380368
visec_hf_002720,27,north,neutral,-1.0493479,-0.575744
visec_hf_002721,0,south,sad,-0.19813311,-0.29548064
visec_hf_002722,52,north,happy,-0.57823193,-0.84362763
visec_hf_002723,0,south,sad,0.6243824,0.95047945
visec_hf_002724,0,south,neutral,0.11527447,0.11160005
visec_hf_002725,0,south,angry,1.2891266,-0.3662766
visec_hf_002726,0,south,angry,0.8329966,-0.32273868
visec_hf_002727,6,central,neutral,0.062078923,1.0694115
visec_hf_002728,0,south,neutral,0.26249444,0.5642087
visec_hf_002729,0,south,sad,0.773364,-0.1373385
visec_hf_002730,0,south,neutral,1.0347515,0.3702375
visec_hf_002731,0,south,sad,-0.17112257,-0.7372237
visec_hf_002732,0,south,angry,1.0007515,0.10215671
visec_hf_002734,0,south,happy,0.21510187,0.18791184
visec_hf_002735,3,north,neutral,-0.08591365,0.20944601
visec_hf_002736,57,north,happy,-0.79675746,-0.38564152
visec_hf_002737,75,north,angry,-0.7002497,0.2005975
visec_hf_002738,0,south,angry,1.1210127,0.15312111
visec_hf_002739,15,south,neutral,-0.7440329,-0.65154225
visec_hf_002740,0,south,sad,0.91146994,-0.3534913
visec_hf_002741,0,south,sad,-0.4915842,0.4557643
visec_hf_002742,16,north,neutral,-0.5654,-0.6752614
visec_hf_002744,49,south,sad,0.13173947,0.31020227
visec_hf_002745,0,south,angry,1.0158519,-0.23490752
visec_hf_002746,0,south,neutral,0.251142,0.36508325
visec_hf_002747,0,south,happy,0.36517134,0.07357931
visec_hf_002748,0,south,happy,1.1160477,-0.3922515
visec_hf_002749,0,south,happy,1.0442967,-0.51754963
visec_hf_002750,36,north,neutral,-0.6953867,0.80372345
visec_hf_002751,0,south,happy,-0.0057979245,0.7417491
visec_hf_002752,2,south,sad,0.5126616,0.2432793
visec_hf_002753,0,south,happy,0.41671032,0.37669253
visec_hf_002754,15,south,neutral,-1.1192888,0.37706244
visec_hf_002755,0,south,neutral,-0.2367404,0.12398972
visec_hf_002756,47,north,neutral,-0.9108023,0.6742891
visec_hf_002757,16,north,sad,-0.16131942,-0.40009126
visec_hf_002758,75,north,sad,-0.8533983,0.30623344
visec_hf_002759,3,north,happy,-0.16162354,-0.58108336
visec_hf_002760,0,south,angry,1.495795,-0.54555523
visec_hf_002761,12,north,angry,-0.18171768,-0.22141707
visec_hf_002762,2,south,angry,0.4153594,0.4129009
visec_hf_002763,107,north,sad,0.008025151,0.5737158
visec_hf_002764,14,north,happy,0.26800016,-0.99908257
visec_hf_002765,47,north,happy,-0.60351443,0.015909474
visec_hf_002766,0,south,neutral,0.61324424,0.2506862
visec_hf_002767,63,south,angry,-0.5061445,-0.6081729
visec_hf_002768,0,south,neutral,0.3242267,0.084586054
visec_hf_002769,10,north,sad,-0.49132243,-0.78194577
visec_hf_002770,0,south,happy,0.21292798,0.47172415
visec_hf_002771,29,north,happy,-0.8477574,0.8469238
visec_hf_002772,24,south,sad,-0.40073982,-0.70053077
visec_hf_002773,56,south,sad,0.2384639,0.09987755
visec_hf_002774,0,south,happy,0.40356904,-0.68689626
visec_hf_002775,6,central,happy,-0.045594122,-0.713618
visec_hf_002776,14,north,angry,0.39724192,-0.8435534
visec_hf_002777,47,north,happy,-0.75901514,0.43774176
visec_hf_002778,61,north,sad,-1.0218154,0.06759812
visec_hf_002779,0,south,angry,0.6508812,0.23923294
visec_hf_002780,16,north,sad,-0.42987168,-0.38778076
visec_hf_002783,25,north,neutral,-0.7708155,-0.5698513
visec_hf_002784,5,south,neutral,-0.20334356,0.2770279
visec_hf_002785,0,south,happy,0.081611134,-0.21495873
visec_hf_002786,0,south,angry,0.31241068,-0.37192664
visec_hf_002787,49,south,sad,0.3612681,-0.30723372
visec_hf_002789,63,south,neutral,-0.15536033,-0.82833844
visec_hf_002790,15,south,neutral,-1.0143185,-0.0145920515
visec_hf_002791,0,south,angry,0.9654365,0.2642677
visec_hf_002792,0,south,neutral,0.5488707,0.26783627
visec_hf_002793,120,south,angry,-0.19505781,-1.0241542
visec_hf_002794,32,south,neutral,-0.19577618,-0.6863341
visec_hf_002795,26,north,angry,-0.6081437,-0.63200504
visec_hf_002797,50,north,angry,-0.2236012,-0.47574112
visec_hf_002798,12,north,angry,-0.18155974,0.04537469
visec_hf_002799,15,south,neutral,-0.6090428,-1.0098889
visec_hf_002800,0,south,happy,-0.116782114,0.1739452
visec_hf_002801,0,south,neutral,0.27467605,0.52118367
visec_hf_002802,0,south,happy,1.1760644,-0.4201123
visec_hf_002803,2,south,sad,-0.18264171,0.3413572
visec_hf_002804,123,south,neutral,0.050309807,0.3573814
visec_hf_002805,0,south,neutral,0.16009285,0.16568975
visec_hf_002806,15,south,neutral,-0.054043114,-1.081137
visec_hf_002807,113,south,angry,-1.123818,0.23555307
visec_hf_002808,6,central,happy,-0.6976472,1.0657121
visec_hf_002809,0,south,happy,0.15139732,-0.47095123
visec_hf_002810,47,north,happy,-0.8235663,0.7705364
visec_hf_002811,54,north,sad,-0.8470438,0.9515818
visec_hf_002812,0,south,angry,1.2962444,0.39306775
visec_hf_002814,0,south,angry,1.1461599,0.39841855
visec_hf_002815,0,south,neutral,0.089802615,0.5169608
visec_hf_002816,0,south,angry,0.9215512,0.49592766
visec_hf_002817,57,north,sad,-0.5132773,-1.0580869
visec_hf_002818,0,south,happy,0.7225366,-0.11811598
visec_hf_002819,72,central,angry,-0.32261905,-0.86885256
visec_hf_002820,3,north,neutral,-0.33741504,-1.1850239
visec_hf_002821,0,south,happy,0.066014536,-0.63580745
visec_hf_002823,29,north,angry,-0.2598315,0.81928337
visec_hf_002824,25,north,angry,-0.2586971,-1.1264757
visec_hf_002825,72,central,neutral,-0.07707268,0.30075243
visec_hf_002826,0,south,happy,0.21127488,-0.79930663
visec_hf_002827,23,south,sad,1.0919981,-0.5088887
visec_hf_002828,6,central,happy,0.38282225,0.8583289
visec_hf_002829,10,north,sad,-0.5833922,-0.16702248
visec_hf_002830,60,north,happy,-0.4723603,-0.0028859584
visec_hf_002831,0,south,sad,0.042109895,0.10100362
visec_hf_002832,0,south,happy,0.13294399,-0.65441996
visec_hf_002833,6,central,neutral,0.52256656,-0.5985853
visec_hf_002834,8,south,angry,0.19600493,0.9717132
visec_hf_002835,0,south,angry,0.5010802,0.4834832
visec_hf_002836,0,south,happy,-0.2555192,-0.22990108
visec_hf_002837,102,south,sad,-0.40454358,-0.40673664
visec_hf_002838,54,north,happy,-1.1207641,0.19380477
visec_hf_002839,0,south,neutral,0.073619924,-0.009030086
visec_hf_002840,50,north,happy,-0.86357087,0.24055293
visec_hf_002841,0,south,neutral,0.24856769,0.23180985
visec_hf_002842,45,south,angry,-0.2026037,0.7694025
visec_hf_002843,113,south,angry,-0.46606418,0.6490799
visec_hf_002844,0,south,angry,0.8654164,0.14681166
visec_hf_002845,97,south,neutral,-1.0839493,0.25268173
visec_hf_002846,28,south,neutral,-0.8218672,0.005138788
visec_hf_002847,0,south,angry,0.8270379,0.28433838
visec_hf_002848,0,south,angry,0.94433236,0.06073943
visec_hf_002849,0,south,angry,-0.2651336,0.09961671
visec_hf_002850,16,north,sad,-0.2280731,-0.0018276172
visec_hf_002851,122,south,angry,-0.84147555,0.3600587
visec_hf_002852,0,south,angry,0.63153195,0.35522237
visec_hf_002853,0,south,neutral,0.14429182,0.025956001
visec_hf_002854,15,south,sad,-1.0776179,-0.045346003
visec_hf_002855,25,north,happy,-0.12712738,-0.22452183
visec_hf_002856,0,south,angry,0.3183954,0.4140917
visec_hf_002857,0,south,angry,0.13591935,0.9786923
visec_hf_002858,0,south,angry,0.9865784,0.981408
visec_hf_002859,0,south,sad,0.043551546,-0.4899032
visec_hf_002860,40,north,happy,-0.24815254,1.0242823
visec_hf_002862,26,north,sad,-0.7297497,-1.1883084
visec_hf_002863,16,north,sad,0.6105867,-0.5490646
visec_hf_002864,128,south,neutral,-0.38481545,-0.99890655
visec_hf_002865,39,south,neutral,-0.82220715,-0.23048803
visec_hf_002866,55,south,neutral,-0.672264,0.9795861
visec_hf_002867,0,south,neutral,0.110562846,0.19526124
visec_hf_002868,0,south,angry,0.7819664,0.46224582
visec_hf_002870,39,south,neutral,-0.50747705,0.23066366
visec_hf_002871,99,south,happy,-0.9436463,0.4642911
visec_hf_002872,0,south,angry,0.80365497,0.4113975
visec_hf_002873,5,south,sad,-0.99904394,0.7468042
visec_hf_002874,0,south,sad,-0.39168152,0.22616202
visec_hf_002875,6,central,happy,-0.06996418,0.8949632
visec_hf_002877,0,south,angry,0.685305,0.59543234
visec_hf_002878,15,south,neutral,-0.5430613,-0.7943549
visec_hf_002879,0,south,angry,0.45780906,-0.15631616
visec_hf_002880,123,south,neutral,-0.2526486,-0.01317753
visec_hf_002881,0,south,angry,0.51949084,-0.2683068
visec_hf_002882,123,south,neutral,0.31247237,-0.7507702
visec_hf_002883,15,south,sad,-0.92603654,-0.5199397
visec_hf_002884,0,south,angry,0.92422533,0.57524663
visec_hf_002885,54,north,sad,0.21215959,-0.44027838
visec_hf_002886,0,south,sad,-0.16395113,0.36974916
visec_hf_002887,52,north,angry,0.11068851,0.85617507
visec_hf_002888,107,north,sad,-0.52614635,0.032449085
visec_hf_002889,27,north,sad,-0.84155715,-1.2006834
visec_hf_002890,14,north,angry,0.39456686,-0.7847311
visec_hf_002891,34,north,angry,-0.9644194,-0.51009905
visec_hf_002892,0,south,angry,0.8884484,0.6325282
visec_hf_002893,0,south,happy,1.0945436,-0.2245636
visec_hf_002894,1,south,neutral,-0.66647536,-0.6198842
visec_hf_002895,0,south,sad,1.0908817,-0.5888207
visec_hf_002896,0,south,happy,0.85260725,0.369528
visec_hf_002897,16,north,neutral,-0.60036796,-0.13048631
visec_hf_002898,63,south,angry,-0.48320997,-0.7164416
visec_hf_002900,0,south,angry,1.348456,0.008144436
visec_hf_002901,82,south,neutral,-1.0188576,-0.6101055
visec_hf_002902,0,south,happy,0.42271495,0.16846266
visec_hf_002903,0,south,happy,1.4495667,0.092642576
visec_hf_002904,6,central,happy,-0.77880067,1.0069691
visec_hf_002905,6,central,happy,1.4555582,-0.1828514
visec_hf_002906,0,south,angry,0.8007496,0.2386534
visec_hf_002907,35,north,angry,-0.1723918,-0.9025937
visec_hf_002908,0,south,sad,0.71200454,-0.30846992
visec_hf_002909,12,north,angry,-0.60418105,0.505798
visec_hf_002910,0,south,angry,-0.58959824,0.09224532
visec_hf_002911,26,north,neutral,-0.57220733,-0.69463193
visec_hf_002912,101,central,sad,-0.4654436,-0.9415208
visec_hf_002913,0,south,happy,-0.10757155,1.0233945
visec_hf_002914,16,north,sad,-0.2654267,0.087259136
visec_hf_002915,15,south,happy,-0.8527667,0.9397118
visec_hf_002916,0,south,angry,0.49819967,-0.72015667
visec_hf_002917,0,south,angry,0.4347986,0.4043498
visec_hf_002918,0,south,angry,0.99119884,-0.37121162
visec_hf_002919,0,south,sad,0.41545,-0.06335471
visec_hf_002920,0,south,angry,1.2433724,-0.046415437
visec_hf_002921,85,south,neutral,-0.5739435,-0.5596849
visec_hf_002923,6,central,happy,-0.4340435,1.155441
visec_hf_002924,97,south,sad,-1.0068521,0.0043006437
visec_hf_002925,0,south,sad,1.0374335,-0.17060927
visec_hf_002926,0,south,angry,1.0031153,-0.76422197
visec_hf_002927,60,north,happy,-0.5124359,0.00059548405
visec_hf_002928,90,north,happy,-0.13462222,-1.1985775
visec_hf_002929,3,north,angry,0.5728646,0.53682345
visec_hf_002930,38,south,sad,-0.4699234,-1.2585304
visec_hf_002931,0,south,angry,0.17794517,0.31794706
visec_hf_002932,10,north,neutral,-0.8062148,-0.36636263
visec_hf_002933,16,north,neutral,-0.4062928,-0.855737
visec_hf_002935,88,south,sad,-0.4543397,-0.24948704
visec_hf_002936,0,south,sad,-0.39239928,-0.04130998
visec_hf_002937,0,south,angry,0.39760208,-0.849235
visec_hf_002938,0,south,angry,1.1637192,-0.87965816
visec_hf_002939,0,south,neutral,0.09503092,0.18057036
visec_hf_002940,9,south,sad,1.3104112,-0.73006064
visec_hf_002941,0,south,happy,-0.18802945,0.27188674
visec_hf_002942,14,north,happy,0.11230773,0.6307795
visec_hf_002944,2,south,angry,0.75654453,0.6226639
visec_hf_002945,25,north,happy,-0.26932728,-1.3251927
visec_hf_002946,4,south,happy,-0.5504346,-0.650075
visec_hf_002947,87,north,neutral,-0.11002872,0.21859135
visec_hf_002948,46,north,angry,-1.0199132,0.49897936
visec_hf_002949,0,south,happy,0.586605,-0.5047057
visec_hf_002950,35,north,angry,-0.21110494,-0.8154054
visec_hf_002951,0,south,neutral,0.82244575,0.43215096
visec_hf_002952,6,central,neutral,0.64845365,0.13604379
visec_hf_002953,4,south,sad,-0.5984489,-0.47879902
visec_hf_002955,0,south,angry,0.26427093,-0.44026303
visec_hf_002956,15,south,neutral,-0.80220175,-1.1382502
visec_hf_002957,133,south,neutral,-0.5770823,0.17610021
visec_hf_002958,0,south,happy,0.9791133,-0.5597719
visec_hf_002959,117,north,happy,-0.71459913,-0.23600136
visec_hf_002960,72,central,angry,-0.29499373,0.21406087
visec_hf_002961,4,south,neutral,-0.5863138,-0.769012
visec_hf_002962,0,south,happy,0.8630151,0.22141422
visec_hf_002963,40,north,happy,-0.5473727,0.14259422
visec_hf_002964,0,south,angry,0.79910326,0.092763975
visec_hf_002966,44,south,happy,-0.6620527,-0.18126866
visec_hf_002967,0,south,angry,1.1839123,0.231055
visec_hf_002968,0,south,happy,1.356267,-0.68142503
visec_hf_002970,0,south,neutral,-0.019973462,0.23555084
visec_hf_002971,0,south,neutral,0.54317296,0.42317626
visec_hf_002972,0,south,happy,-0.36013818,0.5493979
visec_hf_002973,0,south,angry,0.5515939,-0.5989344
visec_hf_002974,12,north,neutral,-0.45256394,-0.26815653
visec_hf_002975,0,south,neutral,0.23461396,0.35247722
visec_hf_002976,135,south,angry,-0.7556776,0.80528903
visec_hf_002977,0,south,neutral,0.37974843,0.31751806
visec_hf_002978,25,north,happy,-0.8028487,-0.40193203
visec_hf_002980,30,north,sad,-0.9954263,-0.3374277
visec_hf_002981,0,south,neutral,-0.21191849,0.1119718
visec_hf_002982,0,south,neutral,-0.3283919,0.26127574
visec_hf_002983,0,south,angry,0.9108454,-0.6930004
visec_hf_002984,0,south,happy,0.32810286,0.30562633
visec_hf_002985,38,south,sad,-0.75713295,-1.1412416
visec_hf_002987,0,south,neutral,0.23359449,0.29670623
visec_hf_002988,0,south,happy,-0.48185134,-0.18233238
visec_hf_002989,32,south,sad,-0.65610594,0.10878573
visec_hf_002990,12,north,angry,-0.5503397,-0.2685021
visec_hf_002991,0,south,sad,1.2633661,-0.5278897
visec_hf_002992,0,south,neutral,0.20012802,0.34228864
visec_hf_002993,0,south,neutral,0.11100654,0.21092409
visec_hf_002994,57,north,angry,-0.9194398,-0.12838621
visec_hf_002995,0,south,neutral,0.35664728,0.37932608
visec_hf_002996,86,south,sad,-0.73748827,0.852498
visec_hf_002997,0,south,sad,-0.06426874,0.032078017
visec_hf_002998,15,south,sad,-0.31303915,-1.1550144
visec_hf_003000,73,north,angry,0.82065874,0.033090085
visec_hf_003001,0,south,sad,0.14047997,0.45716298
visec_hf_003002,14,north,angry,-0.34917745,0.9089958
visec_hf_003003,0,south,angry,0.8257112,-0.45739982
visec_hf_003004,0,south,happy,1.0517427,-0.18272157
visec_hf_003005,0,south,angry,1.0232793,-0.638819
visec_hf_003006,0,south,happy,0.19080625,-0.66641015
visec_hf_003007,0,south,neutral,0.13690124,0.34228802
visec_hf_003008,59,south,angry,-0.14219546,0.644355
visec_hf_003009,5,south,neutral,-0.35862523,-0.36266342
visec_hf_003010,12,north,sad,-0.83845055,-0.19612783
visec_hf_003011,63,south,neutral,-0.47626674,-1.0520111
visec_hf_003012,56,south,happy,-0.4210761,-0.57769364
visec_hf_003013,6,central,neutral,0.25440866,0.099649385
visec_hf_003014,29,north,happy,-0.39404812,-0.46203405
visec_hf_003015,0,south,angry,0.16433607,-0.026240526
visec_hf_003016,0,south,neutral,0.3965363,0.21765159
visec_hf_003017,42,south,sad,-0.52864563,-0.054502808
visec_hf_003018,29,north,sad,-0.47768527,-0.28848845
visec_hf_003019,0,south,angry,0.96688807,-0.49190038
visec_hf_003020,6,central,neutral,1.1166764,-0.31205395
visec_hf_003021,46,north,angry,-0.9957511,0.43044984
visec_hf_003022,0,south,angry,0.79139847,-0.2126674
visec_hf_003023,0,south,neutral,0.2450195,0.2668281
visec_hf_003024,26,north,sad,-0.88909537,-0.32375577
visec_hf_003026,0,south,angry,0.9916303,0.20593908
visec_hf_003027,49,south,sad,-0.85792005,0.9549149
visec_hf_003028,0,south,sad,-0.06950388,0.26614964
visec_hf_003029,63,south,angry,-0.58030665,-0.38154176
visec_hf_003030,124,south,neutral,-1.1249877,0.22038434
visec_hf_003031,33,central,neutral,-0.89957225,0.93837434
visec_hf_003032,0,south,angry,1.363348,-0.11287727
visec_hf_003033,0,south,happy,0.62312305,-0.5243003
visec_hf_003035,69,central,angry,0.055409707,0.48709917
visec_hf_003036,56,south,neutral,-1.054162,0.09875476
visec_hf_003037,2,south,angry,0.58410656,0.17447735
visec_hf_003038,97,south,happy,-1.023645,0.46423593
visec_hf_003039,0,south,sad,0.91057485,-0.048051473
visec_hf_003040,0,south,angry,1.106793,0.34935462
visec_hf_003041,0,south,angry,1.0168962,-0.6631434
visec_hf_003042,2,south,neutral,0.18206537,0.52251726
visec_hf_003043,6,central,happy,-0.28921992,1.1361058
visec_hf_003044,14,north,angry,0.92887497,-0.420494
visec_hf_003045,25,north,happy,-0.19045585,-0.7454451
visec_hf_003046,1,south,neutral,-0.7191728,-0.5699142
visec_hf_003047,32,south,sad,-1.0160661,0.91480434
visec_hf_003048,62,south,angry,-0.92550164,0.9619459
visec_hf_003049,57,north,happy,-0.5368195,-0.15269452
visec_hf_003050,6,central,neutral,0.13929391,0.8754542
visec_hf_003051,0,south,sad,0.18299133,-0.51447344
visec_hf_003053,32,south,sad,-0.83781874,-0.88519174
visec_hf_003054,108,north,neutral,-0.26782522,-0.1450405
visec_hf_003055,6,central,neutral,0.2563394,0.98145044
visec_hf_003056,12,north,sad,-0.5203287,-0.09415392
visec_hf_003057,15,south,sad,-1.0153441,-0.03524252
visec_hf_003058,2,south,angry,1.0004408,0.033543278
visec_hf_003059,0,south,angry,1.1048688,-0.35889664
visec_hf_003060,16,north,sad,-0.14717442,0.37953436
visec_hf_003061,0,south,neutral,0.07064429,0.29019725
visec_hf_003062,6,central,neutral,0.27280512,0.9739004
visec_hf_003063,0,south,neutral,0.29556695,0.24019551
visec_hf_003064,77,north,neutral,-0.34612557,0.9052137
visec_hf_003066,0,south,sad,0.9771703,0.4424816
visec_hf_003067,0,south,happy,0.69288397,-0.4780389
visec_hf_003068,0,south,angry,0.1823125,0.45792356
visec_hf_003069,71,south,sad,-0.5675991,0.16820417
visec_hf_003070,86,south,sad,0.22934188,0.07228596
visec_hf_003071,2,south,sad,1.469345,-0.4369579
visec_hf_003072,0,south,angry,0.6548866,0.20479186
visec_hf_003073,57,north,neutral,-0.94452256,-0.8861961
visec_hf_003074,1,south,neutral,-0.18431967,-1.2382687
visec_hf_003075,2,south,sad,0.7985205,0.3625545
visec_hf_003076,0,south,happy,0.32784763,0.40687916
visec_hf_003077,32,south,sad,-0.76819664,-0.15586759
visec_hf_003078,14,north,happy,0.15682876,-0.5527372
visec_hf_003080,126,central,angry,-0.16098139,0.028806
visec_hf_003081,0,south,sad,0.46555448,-0.1158917
visec_hf_003082,29,north,neutral,-0.94852585,1.0186177
visec_hf_003083,29,north,angry,-0.15038848,-0.8003849
visec_hf_003084,28,south,neutral,-0.6026309,-0.9760237
visec_hf_003085,16,north,sad,-0.47278738,-0.5415948
visec_hf_003086,6,central,happy,0.36001676,1.0754678
visec_hf_003088,0,south,sad,0.1673916,-0.9458503
visec_hf_003090,0,south,happy,-0.07559016,-0.2088384
visec_hf_003091,108,north,neutral,-1.0299175,1.0464712
visec_hf_003092,0,south,sad,0.2570392,0.3387644
visec_hf_003093,23,south,sad,-0.9270522,0.71560663
visec_hf_003094,2,south,happy,0.80238384,-0.046175905
visec_hf_003095,0,south,sad,1.0221143,-0.21982263
visec_hf_003096,0,south,happy,-0.17204699,0.55558586
visec_hf_003097,58,south,sad,-0.722306,-0.46149087
visec_hf_003098,0,south,angry,1.3287556,-0.48050177
visec_hf_003099,113,south,neutral,-0.6509469,-1.1804041
visec_hf_003101,44,south,neutral,-0.2944416,-0.00033190494
visec_hf_003102,0,south,angry,0.47554123,0.05638922
visec_hf_003103,0,south,sad,1.2196715,0.15180694
visec_hf_003104,71,south,happy,-0.5733344,-0.23518471
visec_hf_003105,0,south,sad,0.7718719,0.18524139
visec_hf_003106,3,north,sad,-0.9345056,0.80606824
visec_hf_003108,0,south,neutral,0.17149177,0.13226646
visec_hf_003109,75,north,sad,-0.84111726,0.7001743
visec_hf_003110,134,south,neutral,0.029128158,0.0947735
visec_hf_003111,18,north,angry,-0.61832744,-0.5083395
visec_hf_003112,23,south,sad,-0.07097679,0.41402894
visec_hf_003113,48,north,sad,-0.8009736,-0.29562727
visec_hf_003114,0,south,angry,0.598368,0.3894133
visec_hf_003115,6,central,neutral,0.64349747,-0.09681905
visec_hf_003116,49,south,angry,-0.13091984,0.93700665
visec_hf_003117,86,south,sad,-0.55840504,0.3583027
visec_hf_003118,4,south,happy,-0.80088997,0.05353646
visec_hf_003119,1,south,happy,-0.5575781,-1.2175235
visec_hf_003120,2,south,sad,0.29345828,0.7636596
visec_hf_003121,0,south,angry,0.97965086,-0.5759352
visec_hf_003122,0,south,sad,-0.17120028,-0.099958695
visec_hf_003123,0,south,neutral,-0.08667158,0.3899742
visec_hf_003124,108,north,happy,-0.36861295,0.749959
visec_hf_003125,0,south,sad,0.036455706,1.023365
visec_hf_003126,57,north,neutral,-0.6651779,-0.5932361
visec_hf_003127,140,south,neutral,-0.08339496,-0.6060403
visec_hf_003128,32,south,neutral,-0.43430665,0.29327095
visec_hf_003129,55,south,neutral,-0.9220017,-0.47598815
visec_hf_003130,29,north,happy,-0.47691354,-0.85256004
visec_hf_003131,0,south,neutral,0.4623926,0.3360447
visec_hf_003132,27,north,sad,-0.6004801,-1.1119887
visec_hf_003133,0,south,angry,0.8686233,0.6300935
visec_hf_003134,3,north,neutral,-0.581806,-0.22502132
visec_hf_003135,6,central,happy,-0.19993794,0.71710676
visec_hf_003136,0,south,sad,1.8565497,-0.45539126
visec_hf_003137,53,south,happy,0.62815136,0.09778869
visec_hf_003138,0,south,happy,0.5500843,-0.6906919
visec_hf_003139,0,south,sad,-0.6731712,-0.5391863
visec_hf_003140,38,south,neutral,-0.79501206,-0.4349664
visec_hf_003141,0,south,sad,0.21732312,-0.6487239
visec_hf_003142,4,south,angry,-0.75463176,-0.39230195
visec_hf_003143,25,north,angry,0.09453632,-0.22587658
visec_hf_003144,11,south,neutral,-0.9382857,-0.03769552
visec_hf_003145,15,south,happy,-0.9275903,0.8519308
visec_hf_003146,0,south,angry,0.63745344,0.3910225
visec_hf_003147,93,south,angry,-0.60259247,-0.21498276
visec_hf_003148,67,north,happy,-0.5312464,-0.98802227
visec_hf_003149,0,south,neutral,0.82694954,0.33881232
visec_hf_003150,3,north,sad,-0.5961001,-0.9416669
visec_hf_003151,27,north,neutral,-0.5738166,-1.3215271
visec_hf_003152,0,south,angry,1.2730201,-0.25474796
visec_hf_003153,0,south,angry,1.0569135,-0.45443407
visec_hf_003154,0,south,happy,1.3824027,-0.4275225
visec_hf_003155,0,south,neutral,-0.35817268,0.039191652
visec_hf_003156,57,north,neutral,-0.47379872,-0.6642333
visec_hf_003157,0,south,neutral,0.78322333,0.25654015
visec_hf_003158,50,north,angry,-0.4192204,-0.96285796
visec_hf_003159,0,south,happy,0.5891467,-0.04257607
visec_hf_003160,0,south,angry,0.99863935,-0.08124346
visec_hf_003161,83,south,neutral,-0.8514837,-0.42210627
visec_hf_003162,0,south,neutral,0.4386477,0.24950048
visec_hf_003163,0,south,angry,0.82712775,0.022666218
visec_hf_003164,3,north,neutral,-0.7145862,0.9395116
visec_hf_003165,0,south,neutral,0.40407446,0.21552593
visec_hf_003166,0,south,happy,0.4616493,-0.41333446
visec_hf_003167,14,north,angry,0.22121148,0.90313137
visec_hf_003168,0,south,neutral,0.9036566,0.36945835
visec_hf_003169,95,north,neutral,0.21282317,-0.5133174
visec_hf_003170,15,south,neutral,-1.173138,-0.17976284
visec_hf_003171,61,north,angry,-0.6976338,-0.6909666
visec_hf_003172,74,north,happy,-0.94895935,0.35665098
visec_hf_003173,71,south,neutral,-0.5552156,-1.1076081
visec_hf_003174,59,south,angry,0.09817881,0.7843167
visec_hf_003175,3,north,angry,0.68437546,0.5276718
visec_hf_003176,36,north,neutral,-1.0475404,-0.3152455
visec_hf_003177,0,south,sad,0.4943764,0.14898747
visec_hf_003178,95,north,angry,0.4429896,0.1953855
visec_hf_003179,0,south,angry,0.19505113,0.3215143
visec_hf_003180,14,north,angry,0.42377833,0.5654998
visec_hf_003181,0,south,angry,1.1749587,0.35087687
visec_hf_003182,87,north,happy,0.0879741,-0.095826104
visec_hf_003183,25,north,sad,-0.11033744,0.91188765
visec_hf_003184,0,south,neutral,0.43220308,0.31496227
visec_hf_003185,6,central,neutral,-0.094535574,-0.022087703
visec_hf_003186,21,south,neutral,-0.80317545,1.0115969
visec_hf_003187,0,south,angry,1.100136,0.16798937
visec_hf_003188,12,north,happy,-0.076574124,-0.14723106
visec_hf_003189,0,south,happy,-0.15476133,-0.73940915
visec_hf_003190,0,south,angry,0.6709262,0.5203179
visec_hf_003191,0,south,sad,0.53451496,-0.44241998
visec_hf_003192,113,south,neutral,-1.3629256,0.39377022
visec_hf_003193,16,north,sad,-0.7037126,-0.40306735
visec_hf_003195,26,north,angry,-0.58608395,-0.0066363285
visec_hf_003196,0,south,sad,0.77962756,-0.4723715
visec_hf_003197,15,south,angry,-0.6469499,-0.00036396962
visec_hf_003198,14,north,happy,-0.451971,0.041549996
visec_hf_003199,69,central,angry,-0.6005149,-0.39069343
visec_hf_003200,102,south,sad,-0.44085705,-0.37446794
visec_hf_003201,28,south,angry,-0.18342353,-0.2833617
visec_hf_003202,106,central,neutral,-0.20850693,-0.8846294
visec_hf_003203,44,south,angry,-0.17201999,0.9650293
visec_hf_003204,0,south,sad,0.023183122,0.13693285
visec_hf_003205,38,south,sad,-0.89384645,-0.6265788
visec_hf_003206,0,south,happy,-0.11647398,-0.6830132
visec_hf_003207,51,south,happy,-0.95422435,0.31047812
visec_hf_003208,0,south,neutral,0.65401626,0.30267146
visec_hf_003209,3,north,angry,0.3421836,0.8651745
visec_hf_003210,0,south,angry,1.2069422,-0.042299427
visec_hf_003211,15,south,neutral,-0.87513095,-0.36374256
visec_hf_003212,0,south,neutral,0.12074328,0.46844757
visec_hf_003213,33,central,neutral,-0.9421916,0.9433656
visec_hf_003214,0,south,angry,0.73031324,0.0052991114
visec_hf_003215,14,north,angry,0.3796183,-0.21663243
visec_hf_003216,129,central,neutral,-0.440992,-0.22675072
visec_hf_003217,0,south,neutral,0.108225435,0.4946215
visec_hf_003218,15,south,sad,-0.7356516,-1.0291857
visec_hf_003219,0,south,sad,0.009741606,0.29477373
visec_hf_003220,12,north,neutral,-0.93772006,0.41217378
visec_hf_003221,0,south,happy,1.110467,-0.44970027
visec_hf_003222,98,north,angry,-0.31027842,0.8861688
visec_hf_003225,84,north,angry,0.10664395,-0.10040575
visec_hf_003226,141,north,sad,-1.032424,0.6663521
visec_hf_003227,101,central,sad,-0.54907095,-0.94523424
visec_hf_003228,66,north,neutral,-0.857789,0.24415001
visec_hf_003229,40,north,angry,-0.42713785,0.87168115
visec_hf_003231,38,south,sad,-0.652127,-1.0187347
visec_hf_003232,0,south,happy,0.22672988,0.1234924
visec_hf_003233,3,north,angry,0.8227795,0.99823374
visec_hf_003235,12,north,angry,0.38270968,0.35212636
visec_hf_003236,62,south,angry,-1.2186757,0.40670505
visec_hf_003237,0,south,neutral,0.5008752,0.3012244
visec_hf_003238,0,south,happy,-0.22412394,0.8707504
visec_hf_003239,132,north,angry,-0.7093223,-0.7040819
visec_hf_003240,29,north,angry,-0.6671366,0.9747001
visec_hf_003241,0,south,angry,0.74465257,0.09836557
visec_hf_003242,6,central,happy,0.42302626,1.1471566
visec_hf_003243,44,south,neutral,-0.7458699,-0.42016363
visec_hf_003244,0,south,angry,0.9310532,0.32584572
visec_hf_003245,0,south,angry,1.1547407,-0.02969646
visec_hf_003246,110,south,sad,0.19764803,-0.2990315
visec_hf_003247,31,north,neutral,-0.5133171,-0.32515168
visec_hf_003248,0,south,neutral,0.1932604,0.42329293
visec_hf_003249,0,south,angry,0.92162544,-0.54414207
visec_hf_003250,0,south,happy,0.6495139,0.056932993
visec_hf_003251,0,south,angry,-0.01873523,-0.68254554
visec_hf_003252,123,south,neutral,0.43836716,-0.7085183
visec_hf_003253,0,south,happy,-0.4315932,0.09390913
visec_hf_003254,0,south,angry,1.0949184,-0.19537279
visec_hf_003255,0,south,neutral,0.098475024,0.41838157
visec_hf_003256,82,south,happy,-0.91313577,-0.44459313
visec_hf_003257,0,south,angry,0.8477197,0.12548436
visec_hf_003258,66,north,neutral,-0.81312495,0.8415298
visec_hf_003259,0,south,angry,0.8555022,0.50533277
visec_hf_003260,0,south,angry,1.1579989,-0.092066705
visec_hf_003261,15,south,sad,-0.8667029,-0.651861
visec_hf_003262,10,north,sad,-0.7670403,-0.15677184
visec_hf_003263,0,south,sad,-0.019693354,-0.57341933
visec_hf_003264,0,south,neutral,0.13707076,0.22205923
visec_hf_003265,0,south,angry,1.0235859,0.40330586
visec_hf_003266,0,south,angry,0.85781133,0.085148595
visec_hf_003267,12,north,angry,-0.4522262,0.69623864
visec_hf_003269,0,south,neutral,0.5746648,0.3089109
visec_hf_003270,38,south,angry,-0.63489497,-0.5137354
visec_hf_003271,15,south,happy,-0.86247224,-1.1629264
visec_hf_003272,53,south,neutral,-0.48742673,0.5400336
visec_hf_003273,24,south,angry,-0.40249985,-0.46614438
visec_hf_003274,0,south,happy,0.6356679,-0.67512584
visec_hf_003275,16,north,sad,-0.6531574,-0.42360136
visec_hf_003276,51,south,neutral,-0.607696,0.7599307
visec_hf_003277,0,south,angry,1.1626143,-0.5142932
visec_hf_003278,6,central,happy,1.0724819,0.7106414
visec_hf_003279,0,south,happy,0.096652344,-0.9133211
visec_hf_003280,82,south,neutral,-0.9432757,-0.10372581
visec_hf_003281,0,south,sad,-0.21673824,-0.61645734
visec_hf_003282,0,south,angry,0.97656584,-0.23088957
visec_hf_003283,0,south,neutral,0.64175856,0.4504107
visec_hf_003284,142,north,happy,-0.69828355,1.1668116
visec_hf_003285,6,central,happy,-0.45947614,1.0188572
visec_hf_003286,50,north,sad,-0.22690447,-0.05827846
visec_hf_003287,10,north,sad,-0.30292314,-0.94099885
visec_hf_003288,0,south,angry,0.57392704,0.26348817
visec_hf_003289,61,north,neutral,-0.62131464,-1.296847
visec_hf_003290,0,south,angry,1.298971,-0.56756645
visec_hf_003291,83,south,happy,0.90645385,-0.844591
visec_hf_003292,0,south,angry,0.72435623,0.07728234
visec_hf_003293,126,central,angry,-0.8267358,0.7507983
visec_hf_003294,0,south,angry,1.2955506,0.064563744
visec_hf_003295,0,south,neutral,0.7023024,0.51482767
visec_hf_003296,15,south,happy,-0.75433135,-0.12982668
visec_hf_003297,60,north,happy,-0.5675064,0.053895757
visec_hf_003298,1,south,neutral,-0.86410785,0.79036015
visec_hf_003299,0,south,angry,0.54217994,0.11817361
visec_hf_003300,0,south,angry,0.5671415,0.4805923
visec_hf_003301,0,south,angry,1.1404322,-0.023771742
visec_hf_003302,14,north,angry,-0.23515119,-0.26278567
visec_hf_003303,64,south,sad,-0.46570182,-0.6932608
visec_hf_003304,0,south,sad,1.0200213,-0.6181502
visec_hf_003305,0,south,sad,1.0299114,0.36881864
visec_hf_003306,84,north,angry,-0.7382356,0.9514186
visec_hf_003307,0,south,neutral,0.609418,0.48844165
visec_hf_003308,0,south,angry,1.1694536,-0.20128328
visec_hf_003309,0,south,neutral,-0.420632,0.13515909
visec_hf_003310,0,south,angry,0.35123983,-0.6928278
visec_hf_003311,0,south,sad,0.23424591,-0.84160674
visec_hf_003312,14,north,angry,0.20906614,0.67183447
visec_hf_003313,0,south,happy,0.92562103,-0.80573684
visec_hf_003314,44,south,neutral,-0.801643,-0.7187287
visec_hf_003315,0,south,angry,1.1700574,0.23771757
visec_hf_003316,0,south,sad,0.8484074,0.21225941
visec_hf_003317,0,south,angry,-0.011164986,0.14397064
visec_hf_003318,57,north,neutral,-0.68557775,0.7271074
visec_hf_003319,15,south,happy,-0.5861505,-0.16799515
visec_hf_003320,0,south,angry,0.6667645,0.27702904
visec_hf_003321,38,south,sad,-0.88000154,-0.0089507755
visec_hf_003322,0,south,sad,0.047920093,-0.5048744
visec_hf_003323,101,central,neutral,-0.7938438,-0.22605082
visec_hf_003324,15,south,neutral,-0.87348384,0.9531374
visec_hf_003325,15,south,angry,-0.6320503,-0.60575587
visec_hf_003326,31,north,happy,-0.40454945,0.18086232
visec_hf_003327,69,central,happy,-1.0916644,0.054574404
visec_hf_003328,57,north,sad,-1.1469412,-0.4753523
visec_hf_003329,15,south,neutral,-0.87010896,-0.060621947
visec_hf_003330,14,north,angry,-0.09010683,0.26526755
visec_hf_003331,59,south,angry,-0.33095455,0.91099346
visec_hf_003332,0,south,sad,0.325049,-0.31626904
visec_hf_003333,0,south,sad,0.22971205,-0.519081
visec_hf_003334,2,south,neutral,-0.016444657,1.0781108
visec_hf_003335,0,south,angry,0.8020861,-0.31046608
visec_hf_003336,26,north,sad,-0.7258836,-0.9509395
visec_hf_003337,15,south,neutral,-0.50091094,-1.1774238
visec_hf_003338,0,south,neutral,0.046949785,0.031765733
visec_hf_003339,111,south,angry,0.0525608,0.13529727
visec_hf_003340,111,south,neutral,-0.59422076,-0.93794805
visec_hf_003341,85,south,neutral,-0.87380403,0.03886352
visec_hf_003342,124,south,neutral,-0.67918026,0.6736136
visec_hf_003343,0,south,happy,0.50028586,-0.29216462
visec_hf_003344,0,south,angry,1.191707,0.36103776
visec_hf_003345,3,north,sad,-1.1108459,0.30219117
visec_hf_003346,0,south,angry,1.5124758,-0.04057714
visec_hf_003347,0,south,neutral,0.28864133,0.30705568
visec_hf_003348,57,north,sad,-0.81979114,-0.56525004
visec_hf_003349,0,south,angry,1.5102699,-0.41273218
visec_hf_003352,0,south,angry,0.05087609,0.21339495
visec_hf_003353,12,north,neutral,0.03887916,-0.33804712
visec_hf_003354,28,south,neutral,-0.83981395,-0.6402932
visec_hf_003355,63,south,angry,-0.37028745,-0.21077931
visec_hf_003357,27,north,happy,-0.90212065,0.46421006
visec_hf_003358,32,south,neutral,-0.69635534,1.0809054
visec_hf_003359,133,south,neutral,-0.5750294,-0.35218138
visec_hf_003360,29,north,neutral,-0.12278574,0.18273716
visec_hf_003361,36,north,neutral,-0.5636641,-0.07970918
visec_hf_003362,62,south,happy,-0.91866815,-0.012024363
visec_hf_003363,0,south,angry,1.0533638,0.46532276
visec_hf_003364,135,south,angry,-0.9477915,0.9989814
visec_hf_003365,0,south,neutral,0.38852847,0.44322154
visec_hf_003366,0,south,sad,-0.5384084,-0.007021126
visec_hf_003367,25,north,angry,-0.5327944,0.51701784
visec_hf_003368,0,south,sad,0.82587016,0.18911944
visec_hf_003369,0,south,sad,-0.069176815,0.28458148
visec_hf_003370,12,north,angry,0.3426462,0.7632067
visec_hf_003371,6,central,neutral,0.7382557,0.2273455
visec_hf_003372,0,south,angry,0.8276485,0.07361491
visec_hf_003373,0,south,sad,-0.5528803,-0.024184002
visec_hf_003374,2,south,neutral,0.67707586,-0.30168322
visec_hf_003375,0,south,happy,0.8704295,0.0107010715
visec_hf_003376,0,south,angry,0.9329752,-0.026883882
visec_hf_003377,35,north,angry,-0.25479615,-0.42149758
visec_hf_003378,0,south,angry,0.95744985,-0.7584968
visec_hf_003379,65,central,neutral,1.0668161,0.36872694
visec_hf_003380,4,south,neutral,-0.88139755,-0.22130378
visec_hf_003381,0,south,angry,0.22566026,0.66652083
visec_hf_003382,0,south,angry,0.21470983,0.2589732
visec_hf_003383,0,south,neutral,0.42628133,0.20678894
visec_hf_003384,21,south,happy,-0.72364974,-0.13664767
visec_hf_003385,0,south,angry,1.3766855,-0.33768624
visec_hf_003386,0,south,neutral,0.5915108,0.28971952
visec_hf_003387,2,south,neutral,-0.16917631,0.96681166
visec_hf_003388,0,south,neutral,0.59711355,0.38346916
visec_hf_003389,49,south,neutral,-0.4644738,0.9454245
visec_hf_003390,29,north,happy,-0.7338348,0.92247885
visec_hf_003391,14,north,angry,-0.751796,0.9485535
visec_hf_003392,0,south,sad,-0.21182217,0.784936
visec_hf_003393,0,south,neutral,0.32822293,0.31272823
visec_hf_003394,0,south,angry,1.0225736,-0.41920283
visec_hf_003395,0,south,sad,0.6945066,-0.27983618
visec_hf_003396,143,central,neutral,-1.1636225,0.45814815
visec_hf_003398,13,south,angry,-0.1967722,0.38642755
visec_hf_003399,0,south,happy,-0.02928127,0.044237528
visec_hf_003400,0,south,sad,0.56167513,0.53650403
visec_hf_003401,0,south,neutral,0.022974323,0.17635256
visec_hf_003402,0,south,angry,0.6640417,-0.49017423
visec_hf_003403,0,south,neutral,0.45127892,0.41132644
visec_hf_003404,0,south,happy,1.6885307,-0.22940473
visec_hf_003405,0,south,angry,0.39177176,-0.12856005
visec_hf_003406,90,north,happy,-0.94757587,0.639351
visec_hf_003407,3,north,sad,-0.5673651,-0.7798313
visec_hf_003408,23,south,angry,-0.17539181,0.31238377
visec_hf_003409,0,south,happy,-0.6267095,0.92854977
visec_hf_003410,0,south,neutral,-0.5718685,-0.04128546
visec_hf_003411,57,north,sad,-1.0414009,0.36275882
visec_hf_003412,0,south,happy,0.9541177,0.37116715
visec_hf_003413,29,north,happy,-0.120515004,0.047061637
visec_hf_003414,1,south,neutral,-0.8630215,-0.29756728
visec_hf_003415,0,south,angry,0.40007436,0.24120714
visec_hf_003416,51,south,neutral,-0.534472,-0.4457148
visec_hf_003417,0,south,angry,1.1290734,0.3045974
visec_hf_003418,33,central,neutral,-0.6866167,0.92224556
visec_hf_003419,15,south,neutral,-0.9653099,-0.6062288
visec_hf_003420,12,north,angry,-0.31941888,-0.53157246
visec_hf_003422,12,north,neutral,-1.167474,0.43107226
visec_hf_003423,0,south,sad,-0.3668685,0.34770137
visec_hf_003424,3,north,angry,0.24988003,-0.69497514
visec_hf_003425,15,south,neutral,-0.9819632,-0.30538183
visec_hf_003426,0,south,angry,1.1119511,0.07385623
visec_hf_003427,0,south,angry,1.1624761,-0.054636694
visec_hf_003428,15,south,angry,-0.8144834,0.035767663
visec_hf_003429,94,central,happy,-0.95020425,0.7889963
visec_hf_003430,13,south,angry,-0.18834735,0.63436955
visec_hf_003431,0,south,angry,-0.16753003,-0.34626675
visec_hf_003432,26,north,angry,-0.87885976,-0.6161822
visec_hf_003433,59,south,neutral,-0.38913924,0.37395242
visec_hf_003434,0,south,neutral,1.1480397,0.41169444
visec_hf_003435,33,central,neutral,-0.47169173,0.6258863
visec_hf_003436,72,central,happy,-0.7897061,-0.05087335
visec_hf_003437,14,north,angry,0.29223633,-0.25657922
visec_hf_003438,0,south,sad,0.08960388,0.22380866
visec_hf_003439,0,south,neutral,0.1714217,0.2154006
visec_hf_003440,0,south,neutral,0.49531463,0.06924763
visec_hf_003441,27,north,sad,-0.8217227,-0.5193525
visec_hf_003442,0,south,sad,0.4899878,0.5952097
visec_hf_003444,12,north,angry,-0.40302467,0.099167
visec_hf_003445,84,north,neutral,-0.6154998,-0.9092812
visec_hf_003447,0,south,angry,0.22105476,-0.64664483
visec_hf_003448,0,south,sad,0.68563503,0.1355568
visec_hf_003450,0,south,sad,0.19873728,0.56911117
visec_hf_003452,12,north,neutral,-0.7056997,-0.28414252
visec_hf_003453,15,south,angry,-0.6980054,-0.4300918
visec_hf_003454,57,north,neutral,-1.1277426,-0.19636878
visec_hf_003455,123,south,sad,0.56046706,-0.6509389
visec_hf_003456,0,south,angry,-0.07307862,-0.3168193
visec_hf_003457,104,north,neutral,-0.93174297,0.9110429
visec_hf_003458,0,south,angry,0.04540162,-0.2987484
visec_hf_003459,29,north,happy,-0.77217937,0.8745785
visec_hf_003460,24,south,angry,-0.60800385,-0.32989544
visec_hf_003461,0,south,sad,0.22201367,0.7417112
visec_hf_003462,39,south,happy,-0.8514539,-1.2201388
visec_hf_003463,135,south,angry,-0.9593531,0.5234645
visec_hf_003464,0,south,neutral,0.71281856,0.19446191
visec_hf_003465,15,south,angry,-0.89286995,-0.32080993
visec_hf_003466,1,south,neutral,-0.866826,-0.5406393
visec_hf_003467,0,south,angry,0.7311826,-0.4746601
visec_hf_003468,0,south,happy,1.3182353,-0.25203365
visec_hf_003470,19,north,happy,-0.5549916,-0.015765266
visec_hf_003471,32,south,neutral,-0.80972755,0.7129677
visec_hf_003472,29,north,happy,-0.12524767,-0.98908925
visec_hf_003473,54,north,sad,0.2114423,0.1714267
visec_hf_003474,0,south,sad,0.28621325,0.1430807
visec_hf_003475,30,north,sad,-0.5244873,-0.08665209
visec_hf_003476,0,south,angry,0.5020953,-0.7166849
visec_hf_003477,73,north,sad,-0.5240413,-0.1265072
visec_hf_003478,0,south,angry,0.6257203,-0.23146893
visec_hf_003479,0,south,sad,1.0587022,-0.15534483
visec_hf_003480,0,south,happy,-0.79704213,1.059905
visec_hf_003481,0,south,neutral,0.71973836,0.3782676
visec_hf_003482,74,north,angry,-0.524742,0.05859785
visec_hf_003483,0,south,neutral,0.7975773,0.29769182
visec_hf_003484,1,south,neutral,-0.8253012,-0.70999587
visec_hf_003485,111,south,neutral,-0.83040893,0.62266326
visec_hf_003486,0,south,angry,-0.040539593,0.33649665
visec_hf_003487,0,south,sad,0.050922543,0.35603774
visec_hf_003488,57,north,neutral,-0.8481209,-0.5652497
visec_hf_003489,73,north,angry,0.095950805,-0.425698
visec_hf_003490,120,south,angry,-0.9663119,0.37243342
visec_hf_003491,99,south,sad,-0.6590591,-0.9636284
visec_hf_003492,50,north,happy,-0.5264568,0.61742175
visec_hf_003493,29,north,happy,-0.64585483,0.8377557
visec_hf_003494,0,south,sad,1.0791962,0.46025538
visec_hf_003495,111,south,neutral,-0.32891104,-0.06602312
visec_hf_003496,53,south,neutral,-0.43177518,1.0040182
visec_hf_003497,63,south,neutral,-0.35889786,-0.06654635
visec_hf_003498,84,north,neutral,-0.43155983,-1.0813187
visec_hf_003499,4,south,neutral,-0.7128261,-1.1642163
visec_hf_003500,39,south,neutral,-0.46684366,-0.29754674
visec_hf_003501,0,south,angry,0.8912472,0.49039027
visec_hf_003502,14,north,happy,-0.042827576,-0.10654076
visec_hf_003503,21,south,neutral,-0.78284997,0.89373857
visec_hf_003504,0,south,angry,0.16245587,-0.20948139
visec_hf_003505,0,south,angry,0.63818973,-0.11311723
visec_hf_003506,3,north,neutral,-0.27500746,-0.54520094
visec_hf_003507,6,central,neutral,0.048346188,1.1870717
visec_hf_003508,25,north,angry,-0.5223659,0.005534819
visec_hf_003509,27,north,neutral,-0.8228084,-0.41673276
visec_hf_003510,0,south,neutral,0.17290524,0.3281071
visec_hf_003512,14,north,happy,-1.0948794,-0.12188398
visec_hf_003513,47,north,neutral,-0.93250114,0.6243519
visec_hf_003514,102,south,sad,-0.39671582,-0.29245946
visec_hf_003515,94,central,neutral,-1.0870372,0.67248195
visec_hf_003516,15,south,sad,-0.87521523,0.467112
visec_hf_003518,0,south,sad,0.47549677,0.23429532
visec_hf_003519,0,south,happy,0.40277833,0.39929327
visec_hf_003520,0,south,neutral,0.4657392,0.49659207
visec_hf_003521,26,north,angry,-0.014726825,-0.92590773
visec_hf_003522,15,south,neutral,-0.9619984,0.8576349
visec_hf_003523,0,south,angry,0.7571438,-0.6707506
visec_hf_003524,28,south,neutral,-0.112621434,-0.81273264
visec_hf_003525,15,south,happy,-1.1391097,0.26192614
visec_hf_003526,0,south,angry,1.3518056,-0.19212566
visec_hf_003528,63,south,sad,-0.38634837,-0.802535
visec_hf_003529,0,south,sad,0.098460585,0.11176658
visec_hf_003530,9,south,sad,0.54071283,0.4457836
visec_hf_003531,0,south,angry,0.80812687,-0.19552197
visec_hf_003532,23,south,neutral,0.16271938,0.2591444
visec_hf_003533,124,south,neutral,-0.81634635,-0.08763735
visec_hf_003534,0,south,happy,-0.093578584,-0.8133727
visec_hf_003535,6,central,neutral,0.81552655,-0.5961205
visec_hf_003536,0,south,angry,0.88089997,-0.08333237
visec_hf_003537,0,south,angry,0.60953975,0.69338036
visec_hf_003538,0,south,happy,0.47418845,0.36824328
visec_hf_003539,15,south,angry,-1.1287501,0.5669661
visec_hf_003540,0,south,sad,0.6378704,0.32411426
visec_hf_003542,0,south,happy,0.32303503,-0.5530405
visec_hf_003543,108,north,neutral,-0.37917408,-0.11103772
visec_hf_003544,0,south,angry,0.5525829,-0.82464105
visec_hf_003545,6,central,neutral,-0.33419913,1.1573995
visec_hf_003547,6,central,happy,0.21448706,1.0768019
visec_hf_003548,33,central,neutral,-0.8790631,0.9957362
visec_hf_003549,0,south,happy,0.6172171,0.16549192
visec_hf_003550,84,north,angry,0.37648997,-0.70523167
visec_hf_003551,0,south,neutral,0.19259389,0.1592325
visec_hf_003552,0,south,happy,-0.4621682,0.21736975
visec_hf_003553,15,south,happy,-1.1536756,0.31963557
visec_hf_003554,36,north,neutral,-0.9638639,-0.1648382
visec_hf_003555,2,south,sad,1.1974351,0.061167467
visec_hf_003556,12,north,angry,-0.47065648,0.88966167
visec_hf_003557,97,south,angry,-0.7557222,0.052469518
visec_hf_003558,0,south,neutral,0.47998208,0.3032275
visec_hf_003559,90,north,sad,-1.0283996,0.12659708
visec_hf_003560,56,south,happy,-0.3735209,-0.82778484
visec_hf_003561,23,south,sad,-0.6142197,0.7392354
visec_hf_003562,0,south,neutral,-0.4432663,0.2508715
visec_hf_003563,0,south,angry,1.0120547,0.18835753
visec_hf_003564,0,south,angry,1.2537097,0.23939312
visec_hf_003565,14,north,angry,0.74167526,-0.58833086
visec_hf_003566,0,south,neutral,-0.34865692,0.11287038
visec_hf_003567,0,south,angry,0.88218004,-0.13394424
visec_hf_003568,0,south,angry,0.7236575,-0.3073804
visec_hf_003569,15,south,happy,-0.9716365,0.22280967
visec_hf_003570,110,south,sad,-0.096498445,0.30188546
visec_hf_003571,16,north,sad,-0.8102921,0.2473887
visec_hf_003572,0,south,angry,0.11341074,-0.03986186
visec_hf_003573,80,north,sad,0.05878734,-0.13681449
visec_hf_003574,35,north,angry,-0.21100566,0.81392694
visec_hf_003575,23,south,sad,-0.5594526,0.8686633
visec_hf_003576,0,south,neutral,0.24915323,0.16277619
visec_hf_003578,55,south,neutral,-0.8306299,0.75456053
visec_hf_003579,3,north,sad,-0.8270058,0.5893986
visec_hf_003580,6,central,neutral,0.46303648,0.23213883
visec_hf_003581,38,south,sad,-0.82198185,-0.4011601
visec_hf_003582,0,south,happy,0.14551696,1.0788962
visec_hf_003583,0,south,happy,0.60387915,-0.7385312
visec_hf_003584,119,central,neutral,-0.8162418,0.531043
visec_hf_003585,83,south,neutral,-0.6832773,-0.61330533
visec_hf_003586,0,south,sad,0.8204598,-0.19092242
visec_hf_003587,98,north,sad,-1.2216465,0.19156559
visec_hf_003588,26,north,happy,-0.5131113,-1.010567
visec_hf_003589,0,south,angry,0.69145787,-0.022017226
visec_hf_003590,0,south,angry,0.74360037,-0.21760938
visec_hf_003592,44,south,neutral,-0.21179481,0.4997804
visec_hf_003593,49,south,happy,-0.95476127,0.89823574
visec_hf_003594,64,south,angry,-0.46976134,-1.2610257
visec_hf_003595,0,south,neutral,0.27210537,0.16008997
visec_hf_003596,50,north,happy,-0.8283401,0.85507476
visec_hf_003597,0,south,angry,1.0790417,0.116488315
visec_hf_003599,0,south,angry,1.2199624,-0.6206188
visec_hf_003600,106,central,happy,-0.6509999,0.95318264
visec_hf_003601,0,south,neutral,-0.07993106,0.44272843
visec_hf_003602,14,north,angry,-0.13914096,0.62041956
visec_hf_003604,2,south,neutral,0.8027979,-0.67006344
visec_hf_003605,0,south,sad,0.7381084,0.32168975
visec_hf_003606,29,north,happy,-0.2079233,-0.76407903
visec_hf_003607,106,central,happy,-0.10965195,0.8121623
visec_hf_003608,3,north,sad,-0.89934635,-0.15855397
visec_hf_003609,6,central,happy,0.05595959,0.7717475
visec_hf_003610,32,south,happy,-0.78076303,0.9170448
visec_hf_003611,0,south,angry,0.95489174,-0.5764141
visec_hf_003612,0,south,sad,0.022220397,0.25761828
visec_hf_003613,0,south,angry,0.7151285,1.0312116
visec_hf_003614,6,central,happy,0.40416774,0.04053085
visec_hf_003615,0,south,neutral,1.2793144,0.31982246
visec_hf_003616,49,south,sad,-0.7871975,0.9096089
visec_hf_003617,57,north,neutral,-1.041856,-0.32419714
visec_hf_003618,44,south,neutral,-0.6537311,0.08430101
visec_hf_003619,12,north,happy,-0.7946229,0.50598556
visec_hf_003620,0,south,neutral,0.24975699,0.3194866
visec_hf_003621,49,south,sad,-0.42545956,-0.100056365
visec_hf_003622,43,south,angry,-0.20307977,-0.40484768
visec_hf_003623,108,north,happy,-0.30123425,0.61005914
visec_hf_003624,57,north,neutral,-0.7121829,-0.49247864
visec_hf_003625,0,south,happy,0.6020477,-0.25534764
visec_hf_003626,6,central,happy,0.2650898,1.1543852
visec_hf_003627,4,south,neutral,-1.0250486,0.4810176
visec_hf_003628,0,south,sad,1.0921855,0.3672189
visec_hf_003629,19,north,neutral,-1.0086873,0.3545022
visec_hf_003631,38,south,angry,-0.8855736,0.74476135
visec_hf_003632,87,north,angry,0.7670729,-0.16220114
visec_hf_003633,0,south,happy,0.027539222,-0.23774986
visec_hf_003634,12,north,happy,-0.7685485,0.5625923
visec_hf_003635,28,south,neutral,-0.6172489,0.20552498
visec_hf_003637,0,south,sad,1.0329351,0.46774536
visec_hf_003638,0,south,angry,0.102395155,0.81512076
visec_hf_003639,96,south,neutral,-0.070080645,-0.77489597
visec_hf_003640,57,north,neutral,-0.8426573,0.6467436
visec_hf_003642,0,south,sad,-0.3065354,-0.19157629
visec_hf_003643,0,south,angry,0.6752269,0.07335571
visec_hf_003644,59,south,angry,-0.0046665976,-0.013689157
visec_hf_003645,0,south,neutral,0.49044943,0.53242826
visec_hf_003646,0,south,angry,1.2577744,-0.5868325
visec_hf_003647,74,north,neutral,-0.58534044,-1.0428745
visec_hf_003648,86,south,sad,-0.74253124,0.17144148
visec_hf_003649,0,south,happy,0.12933603,0.44971016
visec_hf_003651,72,central,angry,0.5776273,0.6055181
visec_hf_003652,0,south,sad,-0.124243215,-0.15430404
visec_hf_003653,52,north,angry,0.99803036,0.03139209
visec_hf_003654,8,south,angry,0.8751308,-0.06413769
visec_hf_003655,0,south,neutral,0.44725493,0.17885843
visec_hf_003656,29,north,happy,-0.8391287,0.81194115
visec_hf_003657,0,south,angry,1.0011945,0.29958257
visec_hf_003658,0,south,angry,1.4539306,-0.53189296
visec_hf_003659,9,south,sad,0.74287635,-0.72483754
visec_hf_003661,0,south,neutral,0.12346487,0.17733118
visec_hf_003662,0,south,angry,0.072084635,-0.39340618
visec_hf_003663,0,south,happy,0.7042707,-0.011917456
visec_hf_003664,0,south,neutral,0.10638322,0.08456581
visec_hf_003665,83,south,sad,0.7926284,0.29561627
visec_hf_003666,14,north,angry,1.4137232,-0.4421709
visec_hf_003667,15,south,sad,-0.69358295,-0.95843154
visec_hf_003668,0,south,angry,0.26058725,0.9640091
visec_hf_003669,96,south,sad,0.28756416,-0.25787818
visec_hf_003670,2,south,neutral,0.09262956,-0.43537152
visec_hf_003671,0,south,happy,-0.08361309,-0.101954915
visec_hf_003672,14,north,angry,0.27190924,-0.13100147
visec_hf_003673,0,south,sad,0.33365867,-0.33343953
visec_hf_003674,140,south,neutral,-0.6189809,-0.65442574
visec_hf_003675,15,south,neutral,-1.143391,-0.06589007
visec_hf_003676,52,north,angry,1.224345,-0.5224087
visec_hf_003677,0,south,angry,1.0662827,0.2744181
visec_hf_003678,0,south,happy,0.7286106,-0.4463431
visec_hf_003680,49,south,sad,-0.449853,0.7108558
visec_hf_003681,39,south,sad,-0.7108583,0.98255
visec_hf_003682,0,south,angry,0.81124276,0.5993398
visec_hf_003683,0,south,happy,1.1514385,-0.38548887
visec_hf_003684,0,south,sad,0.022360286,-0.59567595
visec_hf_003685,6,central,neutral,-0.56263477,1.1255585
visec_hf_003686,3,north,sad,-0.8330664,0.18539469
visec_hf_003687,31,north,neutral,-0.5691711,-0.07762866
visec_hf_003688,0,south,angry,1.0826598,0.09852503
visec_hf_003689,0,south,neutral,0.1675182,0.50986546
visec_hf_003690,12,north,neutral,-0.6738397,-0.9157749
visec_hf_003691,0,south,sad,0.029546322,0.36519688
visec_hf_003692,0,south,angry,0.78322303,0.33546367
visec_hf_003693,3,north,angry,0.8042244,0.8175846
visec_hf_003694,0,south,neutral,0.44482028,0.35723865
visec_hf_003695,0,south,sad,1.2861394,0.61453587
visec_hf_003696,108,north,happy,0.08917198,0.8659246
visec_hf_003697,83,south,neutral,-0.6245114,0.028172972
visec_hf_003698,55,south,neutral,0.43547478,-0.49736565
visec_hf_003699,4,south,neutral,-0.9658632,0.53123266
visec_hf_003700,38,south,sad,-0.697387,-0.46760657
visec_hf_003701,25,north,happy,-0.4261658,-0.025215374
visec_hf_003702,141,north,neutral,-0.84492546,-0.39992535
visec_hf_003703,0,south,neutral,0.20987593,-0.03381746
visec_hf_003704,44,south,neutral,-0.2070006,-0.070872076
visec_hf_003706,0,south,angry,0.5930863,-0.12893727
visec_hf_003707,0,south,happy,0.9863264,0.07418578
visec_hf_003708,0,south,angry,1.0647368,-0.48838678
visec_hf_003709,6,central,happy,0.44384512,0.8594875
visec_hf_003710,48,north,sad,-0.68116385,-0.34740323
visec_hf_003711,46,north,sad,-0.5014049,-0.62314767
visec_hf_003712,14,north,angry,0.20908768,-1.0602236
visec_hf_003714,0,south,neutral,0.28376475,0.23592472
visec_hf_003715,0,south,neutral,0.07925202,0.18381514
visec_hf_003716,29,north,happy,-0.9641204,0.85736954
visec_hf_003717,6,central,happy,-0.19952309,0.9491293
visec_hf_003718,51,south,neutral,-0.95643395,-0.16566323
visec_hf_003719,6,central,happy,-0.61660624,1.0675254
visec_hf_003720,0,south,angry,-0.14177598,-0.1825271
visec_hf_003721,0,south,neutral,0.47715017,0.12641047
visec_hf_003722,16,north,neutral,-0.7623749,-0.5756646
visec_hf_003723,69,central,neutral,-0.82725257,-0.36149532
visec_hf_003724,59,south,neutral,-0.7026893,0.9388494
visec_hf_003725,21,south,happy,-0.59022677,-0.052554093
visec_hf_003726,15,south,happy,-0.475295,-1.1049124
visec_hf_003727,6,central,happy,-0.13970649,1.1460031
visec_hf_003728,54,north,sad,0.352011,-0.5485469
visec_hf_003729,27,north,neutral,-0.93659556,-0.52955663
visec_hf_003730,6,central,happy,0.60799223,0.8687893
visec_hf_003731,0,south,sad,0.569859,-0.2811874
visec_hf_003732,0,south,sad,-0.4301538,-0.07279266
visec_hf_003733,0,south,angry,1.1732944,0.034381464
visec_hf_003734,0,south,angry,-0.33544192,1.0379103
visec_hf_003735,0,south,sad,0.21795148,0.19182673
visec_hf_003736,15,south,neutral,-0.91299194,-0.13141434
visec_hf_003737,6,central,neutral,1.2244254,0.058008805
visec_hf_003738,0,south,angry,1.0766736,-0.39296046
visec_hf_003739,0,south,neutral,-0.5215434,0.0047308933
visec_hf_003740,0,south,happy,0.5015799,0.1356559
visec_hf_003741,52,north,angry,0.9472426,0.32911
visec_hf_003743,6,central,neutral,0.5607998,0.27825758
visec_hf_003744,97,south,angry,-0.62148297,-0.339448
visec_hf_003745,49,south,sad,1.2444208,-0.1899539
visec_hf_003747,6,central,happy,-0.7042484,1.0808731
visec_hf_003748,0,south,happy,0.10831042,0.62162507
visec_hf_003749,0,south,angry,0.7677352,0.40074897
visec_hf_003750,38,south,angry,-0.59344524,-0.7305472
visec_hf_003751,3,north,sad,-0.8112982,-0.37308
visec_hf_003752,26,north,angry,-0.62326765,-0.23323292
visec_hf_003753,0,south,sad,0.4800261,0.4036011
visec_hf_003754,19,north,sad,-0.5749982,-0.5426148
visec_hf_003755,108,north,happy,-0.44768837,0.8720893
visec_hf_003756,0,south,neutral,0.26016685,0.42516506
visec_hf_003757,0,south,sad,-0.14913484,0.3670443
visec_hf_003758,29,north,angry,-0.14602481,0.05669575
visec_hf_003759,0,south,angry,0.7394849,0.6317152
visec_hf_003760,0,south,angry,1.1551371,-0.3052243
visec_hf_003761,38,south,angry,-1.2241799,0.55881554
visec_hf_003762,87,north,neutral,-0.27800223,-0.56525946
visec_hf_003763,73,north,angry,0.00082256366,0.47695848
visec_hf_003764,0,south,neutral,0.14174119,0.20556325
visec_hf_003765,0,south,angry,0.8472918,0.41084808
visec_hf_003766,111,south,neutral,-0.20481656,-0.6320387
visec_hf_003767,15,south,neutral,-0.86247635,-0.7381254
visec_hf_003768,0,south,neutral,0.26041257,0.17241463
visec_hf_003769,0,south,angry,0.6908724,0.03557895
visec_hf_003770,0,south,angry,0.40439558,0.31414568
visec_hf_003771,0,south,angry,0.6415274,-0.58909273
visec_hf_003773,15,south,neutral,-1.0464797,0.97121984
visec_hf_003774,32,south,neutral,-0.246036,0.43221113
visec_hf_003775,66,north,neutral,-1.1367633,0.513915
visec_hf_003776,49,south,sad,-0.053489994,0.36486053
visec_hf_003778,0,south,angry,0.6785885,-0.2946009
visec_hf_003779,36,north,neutral,-0.7623688,-0.3551208
visec_hf_003780,0,south,angry,0.9699201,-0.43541092
visec_hf_003781,131,north,neutral,-0.92458427,0.29890016
visec_hf_003782,18,north,neutral,-0.7995694,-0.44986764
visec_hf_003783,0,south,neutral,0.6122867,0.20542525
visec_hf_003784,53,south,neutral,-0.43669713,-0.87372714
visec_hf_003785,15,south,happy,-0.7030585,-0.5503153
visec_hf_003786,14,north,happy,-0.07435543,0.20228341
visec_hf_003787,0,south,angry,0.63578504,0.21939144
visec_hf_003788,30,north,sad,-0.7222179,-0.39126873
visec_hf_003789,83,south,angry,-0.6379787,-0.505987
visec_hf_003791,0,south,angry,0.88555115,0.6386629
visec_hf_003792,0,south,happy,-0.25899726,0.5324313
visec_hf_003793,108,north,happy,-0.13062005,0.8803586
visec_hf_003795,0,south,neutral,0.26056218,0.3330913
visec_hf_003796,29,north,happy,-0.3721983,-1.033573
visec_hf_003797,0,south,neutral,0.1054851,0.21203093
visec_hf_003798,27,north,happy,-0.9385493,-0.17442286
visec_hf_003799,0,south,neutral,0.57788616,0.55038714
visec_hf_003800,38,south,angry,-1.1321864,0.6160677
visec_hf_003801,83,south,sad,-0.012418498,0.51994646
visec_hf_003802,144,south,neutral,-0.5433259,-0.9224331
visec_hf_003803,0,south,happy,-0.25789106,0.4374694
visec_hf_003804,83,south,sad,-0.06768585,-0.90610564
visec_hf_003805,29,north,neutral,-0.8469463,0.93360525
visec_hf_003806,57,north,sad,-0.6757895,-0.785679
visec_hf_003809,0,south,angry,1.2656566,0.2631307
visec_hf_003810,108,north,neutral,0.11435498,-0.20525058
visec_hf_003811,26,north,sad,-0.8937577,-0.7449015
visec_hf_003812,0,south,angry,1.0624137,0.047379162
visec_hf_003813,72,central,happy,-1.0459926,-0.21110478
visec_hf_003814,0,south,angry,1.1496221,-0.16422267
visec_hf_003815,0,south,sad,0.23831649,0.15365674
visec_hf_003816,59,south,angry,0.23115337,-0.78149784
visec_hf_003818,10,north,angry,-0.9526291,0.04658326
visec_hf_003819,0,south,sad,-0.44754827,0.90760523
visec_hf_003821,0,south,happy,-0.028605768,-0.20895293
visec_hf_003822,32,south,neutral,-0.61319935,0.69512
visec_hf_003823,0,south,sad,0.3252715,0.1849584
visec_hf_003824,12,north,happy,-0.17079611,-0.9640356
visec_hf_003826,15,south,neutral,-0.9416364,0.61461514
visec_hf_003827,0,south,sad,0.7000867,-0.16944477
visec_hf_003829,0,south,sad,0.54733634,1.0809482
visec_hf_003830,0,south,happy,0.263218,0.6211621
visec_hf_003831,4,south,angry,-0.8753134,-0.5049621
visec_hf_003832,0,south,neutral,0.13498633,0.30001116
visec_hf_003833,23,south,sad,-0.9350855,1.0415492
visec_hf_003834,6,central,happy,-0.3328317,0.97929186
visec_hf_003835,0,south,angry,0.83094084,0.568123
visec_hf_003836,0,south,angry,0.3790541,-0.53865075
visec_hf_003837,0,south,angry,0.2891179,-0.5308529
visec_hf_003838,35,north,angry,-0.13017197,0.15611514
visec_hf_003839,0,south,neutral,0.40530288,0.2757086
visec_hf_003840,0,south,angry,0.9372719,0.32781854
visec_hf_003841,0,south,angry,0.2732677,0.31525028
visec_hf_003842,82,south,sad,-0.3811698,0.4526731
visec_hf_003843,0,south,happy,0.8696922,-0.5378819
visec_hf_003844,15,south,neutral,-0.98274565,0.8230331
visec_hf_003845,52,north,angry,0.39146373,0.21237263
visec_hf_003846,89,central,sad,-0.54122955,-0.5729418
visec_hf_003847,0,south,neutral,0.30330223,0.51407
visec_hf_003848,0,south,angry,0.50290227,0.593993
visec_hf_003849,30,north,sad,-0.6548555,-0.47263125
visec_hf_003850,2,south,neutral,0.5470912,-0.41667318
visec_hf_003851,41,north,happy,-0.9551647,0.37734923
visec_hf_003852,12,north,neutral,0.09322622,-1.0448952
visec_hf_003853,26,north,angry,-0.69990754,0.8199913
visec_hf_003854,0,south,sad,0.03311823,0.15898651
visec_hf_003855,0,south,sad,0.14794736,0.10900956
visec_hf_003856,14,north,angry,-0.119601026,-0.22714226
visec_hf_003857,72,central,happy,-0.9873591,0.55270624
visec_hf_003858,92,central,happy,-0.46040034,-0.14955571
visec_hf_003859,32,south,happy,-0.6529195,0.29952684
visec_hf_003860,0,south,sad,-0.7778657,0.64911425
visec_hf_003861,14,north,happy,0.08003906,-0.036754757
visec_hf_003863,58,south,sad,-0.685345,-0.19313926
visec_hf_003864,56,south,happy,-0.5989568,-0.197945
visec_hf_003865,0,south,neutral,0.53430367,0.4219169
visec_hf_003866,0,south,angry,1.1090549,-0.48695385
visec_hf_003867,0,south,angry,0.6562309,0.2116965
visec_hf_003868,57,north,angry,-1.1942575,0.24787292
visec_hf_003869,33,central,neutral,-0.8359406,0.87958926
visec_hf_003870,0,south,neutral,-0.14043915,0.032974575
visec_hf_003871,23,south,neutral,-0.35950232,-1.0648261
visec_hf_003872,125,north,sad,-0.7747556,0.6054011
visec_hf_003873,115,south,neutral,-0.23222573,0.06888149
visec_hf_003874,49,south,sad,-0.059056476,0.8212432
visec_hf_003875,0,south,sad,-0.2206788,-0.43712062
visec_hf_003876,25,north,neutral,-0.6836618,-0.29785478
visec_hf_003877,0,south,sad,-0.44780016,-0.5630931
visec_hf_003878,59,south,neutral,0.33472037,-0.7458031
visec_hf_003879,23,south,sad,-0.7906635,-0.15903011
visec_hf_003880,0,south,angry,0.8508869,0.49233222
visec_hf_003882,0,south,angry,0.81516665,0.7573712
visec_hf_003883,19,north,happy,-0.4189563,-0.8677162
visec_hf_003885,0,south,angry,0.8544532,-0.38073775
visec_hf_003886,6,central,neutral,0.024288448,0.32421434
visec_hf_003887,52,north,angry,1.0680735,0.043607555
visec_hf_003888,3,north,neutral,-0.7627744,0.6596145
visec_hf_003889,3,north,sad,-0.5362752,-0.9046781
visec_hf_003890,0,south,sad,0.4415441,0.2662699
visec_hf_003891,0,south,angry,0.98817694,-0.8763017
visec_hf_003892,3,north,happy,-0.5310111,0.9589905
visec_hf_003893,50,north,angry,-0.12939423,-0.1880683
visec_hf_003894,0,south,neutral,0.4456653,0.36350578
visec_hf_003895,0,south,happy,0.027763605,0.49541062
visec_hf_003896,42,south,happy,-0.8583614,0.69629455
visec_hf_003897,0,south,happy,-0.27426505,-0.51858234
visec_hf_003898,3,north,angry,-0.770265,0.536197
visec_hf_003899,0,south,sad,0.6381471,0.057938028
visec_hf_003900,52,north,angry,-0.65879416,0.8753445
visec_hf_003901,0,south,happy,0.9938294,-0.29189175
visec_hf_003902,0,south,angry,1.1795101,-0.35798576
visec_hf_003903,0,south,happy,0.11158557,-0.84944814
visec_hf_003904,0,south,happy,0.89274573,0.42214704
visec_hf_003905,0,south,neutral,0.24273096,0.35791454
visec_hf_003906,2,south,sad,1.5561703,-0.822612
visec_hf_003907,110,south,sad,-0.519201,0.24069767
visec_hf_003908,120,south,happy,-0.7339485,-1.3973194
visec_hf_003909,0,south,angry,0.612471,-0.3641944
visec_hf_003910,0,south,neutral,0.12668729,0.2937799
visec_hf_003911,113,south,neutral,-0.7113892,-1.0307155
visec_hf_003912,0,south,angry,0.5635405,-0.8430411
visec_hf_003913,0,south,angry,0.7021697,0.058100216
visec_hf_003914,38,south,sad,-0.70540315,-0.6023589
visec_hf_003915,3,north,angry,-0.17678759,0.729616
visec_hf_003916,0,south,angry,1.469758,-0.3631625
visec_hf_003917,0,south,neutral,0.7538027,0.38640288
visec_hf_003918,61,north,neutral,-0.6865132,-0.5043787
visec_hf_003919,0,south,sad,1.5328748,0.45067844
visec_hf_003920,23,south,sad,0.36762938,-0.76987565
visec_hf_003921,0,south,happy,0.8549899,0.20188707
visec_hf_003922,50,north,angry,-0.3549466,-0.73370916
visec_hf_003923,39,south,neutral,-0.660569,-0.61346304
visec_hf_003924,0,south,sad,0.1969441,-0.41719797
visec_hf_003926,0,south,neutral,0.45334736,0.27033418
visec_hf_003927,50,north,happy,-0.6313798,-0.47742492
visec_hf_003928,6,central,neutral,-0.49647796,1.1118599
visec_hf_003929,2,south,angry,0.35789648,0.21801344
visec_hf_003930,0,south,happy,0.042443853,0.017790085
visec_hf_003931,0,south,neutral,-0.3965847,0.20305052
visec_hf_003933,57,north,angry,-0.7026903,-0.57515365
visec_hf_003934,9,south,sad,0.55253386,0.34892333
visec_hf_003935,0,south,angry,0.5123161,0.43494222
visec_hf_003936,12,north,angry,-0.5451715,0.9452447
visec_hf_003937,23,south,sad,0.5641358,-0.0772164
visec_hf_003938,0,south,happy,0.26899996,-0.26786488
visec_hf_003939,78,north,neutral,0.35476846,-0.5191838
visec_hf_003940,0,south,neutral,0.12204374,0.37672225
visec_hf_003941,16,north,sad,-0.3203691,-0.5144892
visec_hf_003942,51,south,neutral,-0.96826094,0.5884822
visec_hf_003943,120,south,angry,-0.61681646,-0.9987091
visec_hf_003944,95,north,neutral,-0.9565599,0.9129864
visec_hf_003945,0,south,angry,0.30269444,0.26739103
visec_hf_003946,81,south,neutral,-0.43510783,-0.17675866
visec_hf_003947,0,south,angry,-0.20364049,0.22290505
visec_hf_003948,0,south,neutral,0.17239887,0.1341979
visec_hf_003950,16,north,neutral,-0.61251414,-0.25717634
visec_hf_003951,0,south,angry,0.74955696,-0.23330641
visec_hf_003952,38,south,neutral,-0.5478226,-0.8193184
visec_hf_003954,0,south,angry,1.1070867,-0.5932861
visec_hf_003955,25,north,angry,-0.008932416,-0.08014532
visec_hf_003956,0,south,neutral,0.52703786,0.4533293
visec_hf_003957,86,south,sad,0.07946717,0.23025693
visec_hf_003958,0,south,angry,0.5565214,-0.016636377
visec_hf_003959,0,south,sad,0.810007,0.30853876
visec_hf_003960,0,south,neutral,0.5050869,0.22827066
visec_hf_003961,0,south,angry,0.56232494,0.22330911
visec_hf_003962,0,south,angry,1.0546361,-0.42009586
visec_hf_003963,73,north,happy,-0.5990399,0.84156543
visec_hf_003964,0,south,sad,0.54436964,0.5323248
visec_hf_003965,38,south,sad,-0.57850736,-0.8339588
visec_hf_003966,0,south,angry,0.86772805,-0.5483766
visec_hf_003967,3,north,neutral,-0.9069457,0.52119714
visec_hf_003968,49,south,neutral,0.030512042,-0.6002414
visec_hf_003970,0,south,neutral,0.057086278,0.2416601
visec_hf_003971,0,south,neutral,0.6175895,0.394094
visec_hf_003974,0,south,neutral,0.23874663,0.12752956
visec_hf_003975,3,north,happy,-0.39243346,-0.22670195
visec_hf_003976,0,south,neutral,0.7285105,0.3422703
visec_hf_003977,0,south,angry,0.5687341,0.13989729
visec_hf_003978,0,south,happy,0.57883847,0.21065207
visec_hf_003979,0,south,angry,1.315874,0.1943032
visec_hf_003981,0,south,neutral,-0.12622464,0.1819614
visec_hf_003982,19,north,angry,-0.6057582,0.9629709
visec_hf_003983,0,south,angry,0.65334606,0.8489798
visec_hf_003984,0,south,angry,1.2606949,-0.37895584
visec_hf_003985,2,south,neutral,0.44503972,-0.33747053
visec_hf_003986,0,south,sad,0.28898835,-0.042611543
visec_hf_003987,6,central,neutral,0.4859976,1.1285373
visec_hf_003988,0,south,angry,0.83605033,-0.8458908
visec_hf_003989,15,south,neutral,-0.9678177,0.8571216
visec_hf_003990,15,south,neutral,-1.0055336,0.9237958
visec_hf_003991,0,south,happy,-0.3243595,-1.0122886
visec_hf_003992,0,south,happy,0.824345,-0.4827267
visec_hf_003993,3,north,neutral,-0.5350261,0.14955777
visec_hf_003994,91,north,neutral,-0.537255,-0.8941314
visec_hf_003995,0,south,happy,0.7601776,0.28850797
visec_hf_003996,0,south,sad,1.0428486,0.02347916
visec_hf_003997,3,north,sad,-0.81160486,-0.38972095
visec_hf_003998,57,north,neutral,-0.52277917,-1.2718563
visec_hf_003999,0,south,angry,0.19179732,0.3086282
visec_hf_004000,0,south,neutral,0.49990934,0.13966979
visec_hf_004001,0,south,angry,1.4860816,-0.2973458
visec_hf_004002,0,south,happy,0.6128252,0.20469938
visec_hf_004003,0,south,sad,-0.20707966,0.42512092
visec_hf_004004,0,south,angry,0.6940217,-0.038986675
visec_hf_004005,74,north,angry,0.5048886,-0.59025836
visec_hf_004006,26,north,angry,-0.74738336,-0.4896191
visec_hf_004007,99,south,sad,-0.9124385,-0.55273163
visec_hf_004008,0,south,angry,0.7449097,-0.2571706
visec_hf_004009,102,south,sad,-0.56315637,-0.20897618
visec_hf_004010,0,south,happy,-0.28580517,0.058356438
visec_hf_004011,0,south,angry,1.0243868,0.34262076
visec_hf_004012,0,south,neutral,-0.572921,-0.011292654
visec_hf_004013,0,south,angry,1.0016953,-0.33476454
visec_hf_004014,0,south,happy,0.7469033,0.31624538
visec_hf_004015,12,north,angry,-0.4476673,-0.22982842
visec_hf_004017,73,north,sad,-0.83484775,-0.6378143
visec_hf_004018,113,south,neutral,-1.1288362,0.34957868
visec_hf_004019,63,south,angry,-0.30170438,-0.37909606
visec_hf_004020,0,south,neutral,0.2598259,0.28696012
visec_hf_004021,0,south,sad,0.09501007,-0.3759708
visec_hf_004022,3,north,happy,0.21084781,-0.86558706
visec_hf_004023,0,south,happy,0.75262827,0.009774488
visec_hf_004024,0,south,sad,0.2511176,-0.5585966
visec_hf_004025,21,south,neutral,-0.4859176,-1.0317776
visec_hf_004026,57,north,neutral,-0.9659895,-0.9831742
visec_hf_004027,0,south,happy,0.27027372,0.35921913
visec_hf_004028,0,south,happy,0.95937365,0.37088868
visec_hf_004029,0,south,happy,0.5675306,-0.22966969
visec_hf_004030,139,south,sad,0.18666705,-0.25606218
visec_hf_004031,0,south,neutral,0.65454704,0.5101962
visec_hf_004032,2,south,angry,0.89041954,0.47145972
visec_hf_004033,0,south,sad,0.63988894,-0.1156442
visec_hf_004034,0,south,neutral,0.30877957,0.4695998
visec_hf_004035,15,south,neutral,-1.0102316,-0.94162315
visec_hf_004036,0,south,happy,0.7031869,-0.26996505
visec_hf_004038,57,north,sad,-0.771026,-1.3078309
visec_hf_004039,24,south,neutral,-0.62789106,-1.1875716
visec_hf_004040,108,north,neutral,-0.72427094,0.868555
visec_hf_004041,2,south,neutral,0.57375795,-0.7502968
visec_hf_004042,0,south,angry,1.0583613,0.045335323
visec_hf_004043,0,south,sad,0.69996965,-0.35299322
visec_hf_004044,0,south,angry,1.1776513,-0.69653624
visec_hf_004045,26,north,angry,-0.82860506,-0.418086
visec_hf_004047,2,south,neutral,0.10138979,-0.28679666
visec_hf_004048,0,south,angry,0.5008046,0.07361609
visec_hf_004049,0,south,happy,0.6290243,-0.44397417
visec_hf_004050,124,south,neutral,-0.088468924,-0.69491166
visec_hf_004051,0,south,angry,1.3117802,-0.72387403
visec_hf_004052,15,south,neutral,-0.81525654,-0.346763
visec_hf_004053,21,south,neutral,-0.7606908,0.49786675
visec_hf_004054,96,south,angry,0.36763602,1.0070066
visec_hf_004056,0,south,angry,0.18899073,-0.54129666
visec_hf_004057,0,south,angry,1.379294,0.18383418
visec_hf_004058,6,central,happy,-0.70549554,1.1050934
visec_hf_004059,0,south,happy,1.0239985,0.46476394
visec_hf_004060,0,south,angry,0.986239,0.95238656
visec_hf_004061,0,south,neutral,0.35145512,0.262286
visec_hf_004062,0,south,neutral,-0.65715283,0.15426731
visec_hf_004063,59,south,angry,0.19993536,0.1270331
visec_hf_004065,0,south,angry,0.7337746,-0.27666035
visec_hf_004066,88,south,sad,-0.10105425,-1.1031371
visec_hf_004067,14,north,angry,-0.1475482,-0.8533072
visec_hf_004068,0,south,neutral,-0.046252336,0.32362157
visec_hf_004069,0,south,happy,-0.22305948,-0.7923152
visec_hf_004070,0,south,sad,0.21598078,-0.7090994
visec_hf_004071,0,south,happy,0.84098226,-0.47372493
visec_hf_004072,0,south,angry,0.5843108,-0.5779305
visec_hf_004073,33,central,neutral,-0.58642036,0.06384709
visec_hf_004074,55,south,sad,-0.7526888,-1.0032547
visec_hf_004075,0,south,angry,0.4353199,0.21944232
visec_hf_004076,9,south,sad,-0.47263917,0.86003625
visec_hf_004077,95,north,neutral,-0.6046954,0.8287813
visec_hf_004079,15,south,neutral,-0.74015576,-0.6241092
visec_hf_004080,0,south,neutral,0.32030973,0.24632986
visec_hf_004081,0,south,neutral,0.2855992,0.2702915
visec_hf_004082,13,south,neutral,-0.040403407,-0.23793423
visec_hf_004083,0,south,angry,0.6892443,0.8148741
visec_hf_004084,0,south,angry,0.83127326,0.065169506
visec_hf_004085,4,south,neutral,-0.9192907,-0.07764326
visec_hf_004086,18,north,angry,-0.22926964,-0.35134843
visec_hf_004087,2,south,neutral,0.07734516,-0.01696325
visec_hf_004088,49,south,angry,-0.68121326,1.0905215
visec_hf_004089,110,south,sad,-0.8068822,0.7675899
visec_hf_004090,0,south,happy,0.25350645,-0.79891783
visec_hf_004091,10,north,sad,-0.6749374,-0.43986517
visec_hf_004092,116,central,happy,-0.6182986,-0.8677961
visec_hf_004093,19,north,happy,-0.87581515,-0.27726457
visec_hf_004094,57,north,neutral,-0.704872,-0.7524014
visec_hf_004095,63,south,angry,-0.6221088,0.74030674
visec_hf_004096,0,south,angry,1.1756821,-0.27678242
visec_hf_004097,0,south,angry,0.88476795,0.1769623
visec_hf_004098,0,south,happy,0.5130787,-0.6227347
visec_hf_004099,0,south,neutral,0.08832979,0.3014111
visec_hf_004100,0,south,sad,0.40436554,-0.76359004
visec_hf_004101,0,south,angry,0.38275307,-0.7797916
visec_hf_004102,0,south,happy,-0.14890498,0.64329517
visec_hf_004103,1,south,neutral,-0.5333732,-1.3683977
visec_hf_004104,4,south,happy,-0.9797505,0.3492008
visec_hf_004105,0,south,angry,0.8642804,-0.46217763
visec_hf_004106,96,south,neutral,-0.32849112,-0.42155546
visec_hf_004107,0,south,neutral,-0.0071555343,0.06519388
visec_hf_004108,4,south,neutral,-0.9668382,-0.14243029
visec_hf_004109,28,south,neutral,-1.0847104,0.45656303
visec_hf_004110,64,south,neutral,-0.5494087,-0.6975629
visec_hf_004111,24,south,angry,-0.5921875,-0.76970774
visec_hf_004112,0,south,angry,0.8566426,-0.4795568
visec_hf_004113,0,south,angry,0.9861644,0.522176
visec_hf_004114,31,north,neutral,-0.34868,-0.84445804
visec_hf_004116,0,south,sad,-0.4417797,0.009290576
visec_hf_004117,0,south,happy,1.2416993,-0.35533592
visec_hf_004118,47,north,neutral,-0.95743656,0.79031307
visec_hf_004120,0,south,happy,0.4950469,-0.0369007
visec_hf_004121,0,south,happy,1.470537,-0.56243485
visec_hf_004122,0,south,angry,1.4390522,-0.24983719
visec_hf_004123,2,south,sad,0.39394447,0.18572918
visec_hf_004124,0,south,sad,0.9961247,-0.9299584
visec_hf_004125,70,south,sad,-0.3816095,0.23227333
visec_hf_004126,73,north,angry,-0.6815045,0.9083599
visec_hf_004127,65,central,angry,-0.00471459,0.8303025
visec_hf_004128,51,south,neutral,-0.6340855,0.02660601
visec_hf_004129,0,south,happy,-0.061514422,0.09772262
visec_hf_004130,87,north,happy,0.26276144,-0.012201227
visec_hf_004132,8,south,sad,-0.66879314,1.0422244
visec_hf_004133,0,south,sad,0.85170597,0.83360463
visec_hf_004134,85,south,sad,-1.0559815,-0.1807935
visec_hf_004135,46,north,angry,-0.5747296,-0.98211724
visec_hf_004136,32,south,sad,-0.45769373,-0.053617414
visec_hf_004137,97,south,neutral,-0.8015931,0.05306883
visec_hf_004140,12,north,happy,-0.5193629,0.7600781
visec_hf_004141,50,north,angry,0.17535678,-0.11495511
visec_hf_004142,58,south,angry,0.35039473,0.94877595
visec_hf_004143,0,south,happy,0.37524548,0.0074816095
visec_hf_004144,44,south,neutral,0.43506676,-0.29971194
visec_hf_004145,0,south,neutral,-0.03693292,0.47441164
visec_hf_004146,23,south,sad,0.088687405,0.49554887
visec_hf_004147,86,south,sad,-0.83476204,1.0297065
visec_hf_004148,0,south,angry,0.8158295,-0.6956185
visec_hf_004149,0,south,neutral,-0.5440524,-0.08803236
visec_hf_004150,0,south,sad,0.26230356,0.23078506
visec_hf_004152,14,north,angry,-0.262361,0.6936801
visec_hf_004153,2,south,sad,0.5863504,0.23984624
visec_hf_004154,0,south,happy,0.16520225,-0.07678992
visec_hf_004155,0,south,happy,0.53669894,0.30919862
visec_hf_004158,14,north,angry,0.23848268,0.72430927
visec_hf_004159,29,north,sad,-0.5715954,1.0696824
visec_hf_004160,0,south,angry,1.1569898,-0.21682055
visec_hf_004161,0,south,neutral,0.23319136,0.11949102
visec_hf_004162,0,south,sad,0.27483147,0.29348803
visec_hf_004163,0,south,angry,0.93319875,-0.87038714
visec_hf_004165,144,south,neutral,-0.89475363,-0.31677955
visec_hf_004166,0,south,happy,-0.070627555,-0.050528053
visec_hf_004167,0,south,sad,0.19712009,0.75868994
visec_hf_004168,14,north,happy,-0.5499371,0.6033049
visec_hf_004169,47,north,neutral,-0.67609924,0.1302915
visec_hf_004170,0,south,sad,0.271858,-0.013365751
visec_hf_004171,49,south,sad,1.1510134,0.18636696
visec_hf_004172,44,south,angry,0.4322756,0.9041385
visec_hf_004173,6,central,neutral,0.27367738,0.50204927
visec_hf_004174,141,north,neutral,-0.87779504,1.028324
visec_hf_004175,46,north,neutral,-0.49002978,-1.2243156
visec_hf_004176,0,south,neutral,0.21646084,0.07952055
visec_hf_004177,0,south,neutral,0.5143949,0.288996
visec_hf_004178,0,south,neutral,0.12804487,0.4167618
visec_hf_004179,0,south,neutral,-0.02656242,0.21865256
visec_hf_004180,0,south,angry,1.0612305,-0.16086581
visec_hf_004181,0,south,sad,0.3019087,-0.056363266
visec_hf_004182,0,south,angry,0.21085848,-0.5415931
visec_hf_004183,6,central,happy,0.43082047,1.1172041
visec_hf_004184,0,south,neutral,0.34835604,0.51911414
visec_hf_004185,0,south,sad,-0.025078068,0.5425866
visec_hf_004186,16,north,sad,-0.30506802,-0.4860466
visec_hf_004187,12,north,angry,-0.8456449,-0.772884
visec_hf_004188,0,south,angry,1.4083881,-0.10600083
visec_hf_004189,0,south,happy,0.74716014,-0.46567065
visec_hf_004190,0,south,angry,0.87146795,-0.050686557
visec_hf_004191,0,south,sad,0.19937544,0.4197815
visec_hf_004192,2,south,sad,0.6578652,0.16384907
visec_hf_004193,3,north,sad,-0.695754,-0.45678547
visec_hf_004194,0,south,sad,1.2460767,-0.26144105
visec_hf_004195,0,south,neutral,0.46335337,0.33415288
visec_hf_004196,0,south,sad,0.25412023,-0.09925879
visec_hf_004197,70,south,sad,-1.0453998,-0.14849058
visec_hf_004198,0,south,angry,1.3814386,0.017363071
visec_hf_004199,0,south,angry,1.5241909,-0.4644794
visec_hf_004200,0,south,neutral,0.15728498,0.13358729
visec_hf_004201,0,south,sad,0.19155478,0.06758519
visec_hf_004203,124,south,neutral,-0.38385263,0.4150695
visec_hf_004204,26,north,neutral,-0.52916324,-1.0646789
visec_hf_004205,73,north,angry,-0.38678434,0.85195446
visec_hf_004207,47,north,neutral,-1.378955,0.48845372
visec_hf_004208,0,south,sad,0.5567428,-0.38353282
visec_hf_004209,0,south,neutral,0.41278777,0.21510036
visec_hf_004210,0,south,sad,-0.62886035,-0.1324803
visec_hf_004211,0,south,angry,0.116011955,0.98964065
visec_hf_004212,0,south,neutral,-0.39925602,0.28135353
visec_hf_004213,0,south,sad,0.22471295,0.34491384
visec_hf_004214,53,south,happy,-0.57042074,1.0401411
visec_hf_004215,57,north,angry,-0.83037084,-0.2188844
visec_hf_004216,53,south,sad,-0.83462316,-0.23386076
visec_hf_004217,0,south,angry,0.49074444,0.23968518
visec_hf_004219,29,north,neutral,-0.4232072,0.69509625
visec_hf_004220,15,south,neutral,-0.6490488,-0.8151757
visec_hf_004221,0,south,neutral,0.41019666,0.24664246
visec_hf_004222,6,central,neutral,-0.030204155,1.1247264
visec_hf_004223,102,south,sad,-0.56333536,-0.33842802
visec_hf_004224,0,south,angry,0.47677162,0.3180486
visec_hf_004225,59,south,angry,1.150274,-0.43677467
visec_hf_004226,87,north,angry,-0.23199688,0.7430273
visec_hf_004227,0,south,sad,0.8156885,0.06787458
visec_hf_004228,0,south,neutral,0.9314909,0.49767104
visec_hf_004229,0,south,happy,0.15993793,0.14116302
visec_hf_004230,38,south,happy,-0.6192456,-0.41927975
visec_hf_004231,0,south,happy,-0.24291879,-1.1318197
visec_hf_004232,3,north,neutral,-0.86233103,0.5836454
visec_hf_004233,19,north,happy,-0.9485244,0.54917634
visec_hf_004234,57,north,neutral,-0.6000628,-0.6635563
visec_hf_004235,116,central,happy,-0.06889517,-0.117531
visec_hf_004237,0,south,neutral,-0.11395438,0.19718218
visec_hf_004239,0,south,sad,0.91607875,0.8264129
visec_hf_004240,0,south,sad,-0.4127515,-0.10411094
visec_hf_004241,3,north,angry,-0.28183502,0.8747481
visec_hf_004242,0,south,neutral,0.26412678,0.40731844
visec_hf_004243,83,south,sad,0.23386168,-0.11096132
visec_hf_004244,0,south,happy,0.5595999,0.9279457
visec_hf_004245,141,north,neutral,-0.9800008,0.34019196
visec_hf_004246,107,north,sad,0.020054096,-0.15850608
visec_hf_004247,0,south,sad,0.67067504,-0.70939213
visec_hf_004248,13,south,angry,-0.48574892,-0.35016358
visec_hf_004249,0,south,angry,0.25454983,-0.5320734
visec_hf_004250,0,south,angry,1.0074247,0.22301891
visec_hf_004251,0,south,angry,0.84891987,0.21467026
visec_hf_004252,0,south,angry,0.71182084,-0.05571695
visec_hf_004253,47,north,happy,-0.98922336,0.5040617
visec_hf_004255,97,south,angry,-0.57982004,-1.1644882
visec_hf_004256,0,south,angry,0.64759105,0.04293781
visec_hf_004257,0,south,angry,1.3540583,-0.42580348
visec_hf_004258,0,south,happy,0.6888137,-0.36889088
visec_hf_004259,0,south,angry,0.48809823,0.28601858
visec_hf_004260,0,south,angry,0.64632636,0.39623734
visec_hf_004261,95,north,angry,-0.85221034,1.0431386
visec_hf_004262,0,south,neutral,0.06739111,0.44116053
visec_hf_004263,95,north,neutral,-0.9316457,0.98224974
visec_hf_004265,104,north,neutral,-0.78284365,0.79559106
visec_hf_004266,0,south,sad,1.1995226,0.5376226
visec_hf_004267,64,south,neutral,-0.59061587,-0.38898325
visec_hf_004268,32,south,neutral,-0.5519726,-0.12605941
visec_hf_004269,102,south,sad,-0.14868969,-0.5373832
visec_hf_004270,0,south,neutral,0.17870772,0.152577
visec_hf_004271,0,south,neutral,0.32142925,0.049325366
visec_hf_004272,0,south,happy,0.3309966,0.7000765
visec_hf_004273,54,north,sad,-0.048439145,0.74933475
visec_hf_004274,0,south,sad,-0.029003423,-0.011125738
visec_hf_004275,0,south,angry,0.5217129,-0.6048337
visec_hf_004276,0,south,sad,-0.23164673,-0.26735973
visec_hf_004277,0,south,neutral,0.6329905,0.46246898
visec_hf_004278,0,south,sad,0.03273448,-0.79644716
visec_hf_004279,42,south,neutral,-0.855276,-0.4412611
visec_hf_004280,16,north,sad,-0.7174875,-1.0385367
visec_hf_004281,15,south,sad,-1.2684981,-0.3743396
visec_hf_004282,4,south,angry,-0.7932344,0.16776714
visec_hf_004283,0,south,neutral,0.5942888,0.16370566
visec_hf_004284,0,south,happy,0.2272978,-0.16641451
visec_hf_004287,0,south,sad,0.20363787,0.39567167
visec_hf_004288,0,south,neutral,0.5285372,0.45079216
visec_hf_004289,2,south,neutral,0.0830611,3.014675e-05
visec_hf_004290,0,south,happy,1.1463939,-0.3647018
visec_hf_004291,21,south,angry,-0.9038111,0.9434763
visec_hf_004292,26,north,angry,-0.48942992,-0.6990861
visec_hf_004293,0,south,angry,0.96084833,-0.00140913
visec_hf_004294,0,south,angry,-0.037952304,-0.42843008
visec_hf_004295,0,south,angry,0.27132007,0.14567058
visec_hf_004296,0,south,neutral,0.68725914,0.48167512
visec_hf_004298,0,south,angry,1.0266228,-0.2884445
visec_hf_004300,0,south,angry,0.81422794,-0.19579127
visec_hf_004304,108,north,angry,0.66751385,-0.49454242
visec_hf_004305,0,south,angry,0.9041066,0.29797578
visec_hf_004306,6,central,happy,0.8737133,0.872326
visec_hf_004309,76,south,neutral,-1.070438,-0.41097143
visec_hf_004310,0,south,neutral,0.26947802,0.1761476
visec_hf_004311,0,south,angry,0.8906914,-0.24587859
visec_hf_004312,15,south,sad,-0.8747736,-0.7078533
visec_hf_004313,0,south,sad,0.50769687,-0.56003827
visec_hf_004314,0,south,happy,0.37587005,-0.51400524
visec_hf_004315,0,south,happy,0.3943682,0.11155344
visec_hf_004316,0,south,neutral,0.2483681,0.24445915
visec_hf_004317,0,south,happy,1.1019101,-0.20994516
visec_hf_004318,0,south,angry,1.3672084,0.082260735
visec_hf_004319,91,north,sad,-0.56366175,-0.5496379
visec_hf_004320,125,north,sad,0.2177097,-0.058603518
visec_hf_004321,0,south,sad,0.40412316,0.43085632
visec_hf_004322,27,north,neutral,-0.85427815,-0.5694613
visec_hf_004323,0,south,angry,1.3670428,-0.5496314
visec_hf_004324,14,north,angry,0.11883843,0.38903278
visec_hf_004325,0,south,neutral,0.3935548,0.5770772
visec_hf_004326,27,north,sad,-0.78346723,-0.643782
visec_hf_004328,0,south,happy,-0.41372383,-0.9363083
visec_hf_004329,0,south,sad,-0.030381884,-0.47557887
visec_hf_004330,0,south,angry,0.22193587,0.35396183
visec_hf_004332,113,south,neutral,-1.2957995,0.46190122
visec_hf_004333,0,south,angry,1.3856343,0.13100326
visec_hf_004334,44,south,neutral,-0.44412488,-1.0593827
visec_hf_004335,6,central,happy,0.81853896,-0.479984
visec_hf_004336,97,south,neutral,-0.5294118,-0.4708528
visec_hf_004337,0,south,angry,1.0313792,0.31179792
visec_hf_004338,0,south,sad,0.41271532,0.5730671
visec_hf_004339,15,south,neutral,-0.89832634,-0.38071933
visec_hf_004340,39,south,neutral,-0.47265846,0.022961924
visec_hf_004341,63,south,angry,-0.32140538,-0.83917826
visec_hf_004342,0,south,sad,-0.3042506,-0.3661423
visec_hf_004343,4,south,neutral,-0.9424552,-0.15403928
visec_hf_004344,61,north,neutral,-0.530512,-0.93447137
visec_hf_004345,49,south,neutral,-0.7621378,0.84447443
visec_hf_004346,0,south,angry,1.1467649,-0.14163722
visec_hf_004347,2,south,sad,-0.22643453,0.70797807
visec_hf_004348,25,north,angry,-0.13254713,-0.82443446
visec_hf_004349,0,south,sad,0.06268685,-0.9543961
visec_hf_004350,0,south,neutral,0.08935473,0.23187234
visec_hf_004351,0,south,happy,0.2761198,0.27265924
visec_hf_004352,0,south,sad,0.10032233,0.13867387
visec_hf_004353,25,north,angry,-0.4801713,0.623069
visec_hf_004354,2,south,angry,0.4701693,0.86990803
visec_hf_004356,23,south,neutral,-0.08951067,-0.8858806
visec_hf_004357,4,south,neutral,-0.80060863,-0.6072212
visec_hf_004358,47,north,neutral,-0.8197727,-0.7166764
visec_hf_004359,38,south,sad,-0.9360963,-0.42485163
visec_hf_004360,12,north,sad,-0.7277477,-0.33675998
visec_hf_004361,50,north,angry,-0.76392066,0.7497167
visec_hf_004362,0,south,angry,1.222173,-0.5984345
visec_hf_004363,57,north,neutral,-1.0150982,0.24882619
visec_hf_004364,15,south,neutral,-0.81425965,-0.45839307
visec_hf_004365,0,south,angry,0.9447705,-0.67315257
visec_hf_004366,14,north,happy,0.018941298,0.029331513
visec_hf_004367,2,south,angry,0.5932844,0.17866674
visec_hf_004368,12,north,neutral,-0.49846122,-0.08887455
visec_hf_004369,29,north,happy,-0.21630111,-0.7559928
visec_hf_004370,14,north,angry,0.39195123,-0.7621075
visec_hf_004371,0,south,angry,1.3271474,-0.70580435
visec_hf_004372,97,south,neutral,-0.74224,-0.18522492
visec_hf_004373,0,south,angry,0.48600617,0.47852004
visec_hf_004374,2,south,neutral,0.39658678,-0.36464384
visec_hf_004375,0,south,neutral,0.81089586,0.18139401
visec_hf_004376,0,south,angry,0.63801783,0.31981736
visec_hf_004377,0,south,angry,1.3682328,0.12616076
visec_hf_004378,0,south,neutral,0.32912773,0.456218
visec_hf_004379,0,south,neutral,0.14497605,0.13286954
visec_hf_004380,0,south,happy,0.7714686,-0.4410684
visec_hf_004381,32,south,neutral,-0.96984977,1.0732661
visec_hf_004382,15,south,neutral,-1.0404172,0.06328098
visec_hf_004383,3,north,sad,-0.9735564,-0.46317592
visec_hf_004384,0,south,angry,0.84228075,0.30896154
visec_hf_004386,25,north,angry,0.06022827,-0.17491758
visec_hf_004388,82,south,neutral,-0.7954984,-1.0113518
visec_hf_004389,26,north,angry,-0.548727,-0.59741575
visec_hf_004390,0,south,happy,-0.15883239,-0.010299382
visec_hf_004391,50,north,angry,-0.7301544,0.8208547
visec_hf_004392,0,south,happy,0.5467668,-0.7195802
visec_hf_004393,0,south,neutral,0.33736566,0.2921995
visec_hf_004394,0,south,happy,0.4105862,-0.06002181
visec_hf_004395,0,south,neutral,0.40299603,0.30897585
visec_hf_004396,36,north,neutral,-0.7919789,-0.3493455
visec_hf_004397,53,south,neutral,-0.54525584,0.29022512
visec_hf_004398,35,north,neutral,-0.25804576,-0.8115657
visec_hf_004400,83,south,sad,-0.101874836,0.23304701
visec_hf_004401,83,south,sad,-0.8460139,-0.5415358
visec_hf_004402,132,north,angry,-0.7654874,-0.8532392
visec_hf_004403,12,north,angry,-0.5720256,0.55063677
visec_hf_004404,12,north,angry,-0.87189674,1.0055584
visec_hf_004406,101,central,neutral,-0.44823194,-0.560484
visec_hf_004408,48,north,sad,-0.77455276,0.8295672
visec_hf_004409,3,north,neutral,-0.6509083,-0.24749278
visec_hf_004410,0,south,angry,1.2313628,-0.58891416
visec_hf_004412,0,south,angry,0.48524943,-0.7982136
visec_hf_004413,0,south,neutral,0.52685934,0.4493018
visec_hf_004414,0,south,angry,1.7158208,-0.28845656
visec_hf_004415,0,south,neutral,-0.12090112,0.3755055
visec_hf_004416,6,central,neutral,0.6862989,0.5489993
visec_hf_004418,14,north,angry,0.61873174,-0.44647992
visec_hf_004419,102,south,sad,-0.096618325,-0.96520805
visec_hf_004420,0,south,angry,-0.22002964,0.48483685
visec_hf_004421,57,north,neutral,-0.7758859,1.0022227
visec_hf_004422,37,central,neutral,-0.22865613,-0.50458074
visec_hf_004423,3,north,neutral,-0.4885882,-0.25516286
visec_hf_004424,0,south,neutral,-0.646344,0.10957871
visec_hf_004425,0,south,happy,0.47621915,-0.69190264
visec_hf_004426,0,south,angry,0.73311543,-0.6719586
visec_hf_004427,0,south,angry,0.95417225,-0.22271177
visec_hf_004428,0,south,neutral,0.5375915,0.28456804
visec_hf_004429,0,south,neutral,0.49842927,0.31645256
visec_hf_004430,92,central,neutral,-0.9113317,0.8677133
visec_hf_004431,0,south,neutral,1.017534,0.34183583
visec_hf_004433,95,north,neutral,-0.70308,0.19904357
visec_hf_004434,14,north,neutral,-0.9979859,0.73527426
visec_hf_004435,0,south,neutral,-0.046630725,0.13448106
visec_hf_004436,38,south,sad,-0.7704987,-1.0102012
visec_hf_004437,0,south,happy,0.7764968,0.3976882
visec_hf_004438,0,south,angry,1.216258,0.27109253
visec_hf_004440,57,north,happy,-0.8202998,0.7422363
visec_hf_004441,29,north,neutral,-0.38434386,-0.8589291
visec_hf_004442,83,south,sad,-0.115015455,-0.111339554
visec_hf_004443,0,south,sad,0.12509544,0.53978133
visec_hf_004444,0,south,sad,-0.2930642,-0.3100201
visec_hf_004446,0,south,angry,0.7328265,-0.4340599
visec_hf_004447,0,south,angry,1.2448248,-0.38865817
visec_hf_004448,0,south,neutral,-0.12419933,0.34412244
visec_hf_004449,16,north,sad,-0.6013171,-0.7608698
visec_hf_004450,3,north,happy,-0.4627806,-0.40569216
visec_hf_004451,92,central,happy,-0.854144,-0.39203182
visec_hf_004452,0,south,angry,0.67136383,0.13439429
visec_hf_004453,0,south,angry,0.5154866,-0.19368593
visec_hf_004455,2,south,neutral,0.04231918,0.48084623
visec_hf_004456,30,north,sad,-1.0879303,0.7176504
visec_hf_004457,0,south,angry,-0.14849763,-0.5917986
visec_hf_004458,0,south,angry,0.80379325,-0.0904807
visec_hf_004459,38,south,angry,-0.37055063,-1.1415353
visec_hf_004460,0,south,angry,1.0135987,-0.65412647
visec_hf_004461,0,south,sad,-0.33835003,-0.07914801
visec_hf_004462,15,south,neutral,-0.9744742,-0.6402231
visec_hf_004464,0,south,sad,0.59453803,-0.21183796
visec_hf_004465,0,south,sad,0.27039987,0.61508197
visec_hf_004466,0,south,angry,1.2246823,0.47939083
visec_hf_004467,38,south,angry,-0.926409,0.66327244
visec_hf_004468,0,south,angry,0.43831542,-0.09227195
visec_hf_004469,15,south,sad,-0.83195543,-0.61445075
visec_hf_004470,14,north,happy,-0.0038599577,-1.1851524
visec_hf_004471,0,south,angry,1.3130026,0.532315
visec_hf_004472,0,south,neutral,0.51331836,0.5063617
visec_hf_004473,0,south,sad,0.5562642,-0.5857786
visec_hf_004474,0,south,angry,1.1934488,-0.22465418
visec_hf_004475,0,south,angry,0.9593014,0.27820188
visec_hf_004476,0,south,angry,0.8165493,-0.6786664
visec_hf_004477,133,south,happy,-0.055564553,0.86196524
visec_hf_004478,0,south,neutral,0.60439,0.28525048
visec_hf_004479,0,south,neutral,0.10560599,0.27307054
visec_hf_004480,0,south,happy,0.29181543,0.2208439
visec_hf_004481,0,south,neutral,0.27933455,0.16390449
visec_hf_004482,50,north,angry,-0.538054,0.05944392
visec_hf_004483,12,north,angry,-1.157619,0.50726295
visec_hf_004484,0,south,angry,1.0445716,0.21270253
visec_hf_004486,59,south,neutral,-0.7870853,0.79402584
visec_hf_004487,3,north,sad,-0.436039,-0.46206078
visec_hf_004488,0,south,angry,0.8610539,0.4392045
visec_hf_004489,0,south,sad,0.6842486,0.8299663
visec_hf_004490,0,south,sad,0.67544013,0.5059398
visec_hf_004491,83,south,sad,0.94489855,-0.33499402
visec_hf_004492,0,south,angry,0.7424165,-0.5516956
visec_hf_004493,0,south,angry,1.1085572,-0.056429513
visec_hf_004494,6,central,neutral,0.880767,-0.2544992
visec_hf_004495,0,south,angry,0.41023096,0.6164212
visec_hf_004496,0,south,neutral,-0.1080403,0.21918496
visec_hf_004497,104,north,neutral,-0.8695367,1.0527755
visec_hf_004498,0,south,neutral,0.81290466,0.42932585
visec_hf_004499,28,south,neutral,-0.797345,-0.90623266
visec_hf_004500,0,south,angry,0.76989776,0.23328997
visec_hf_004501,97,south,happy,-0.74187714,-0.8132427
visec_hf_004503,59,south,angry,0.59362537,-0.6570142
visec_hf_004504,23,south,neutral,-0.22530478,-0.31807232
visec_hf_004505,19,north,sad,-0.7193019,-0.46397662
visec_hf_004506,99,south,happy,-0.7469932,0.26026458
visec_hf_004507,14,north,angry,0.061275214,-0.008505722
visec_hf_004509,0,south,happy,0.21681157,0.007772954
visec_hf_004510,64,south,neutral,-0.4823698,-0.47690004
visec_hf_004511,34,north,sad,-0.70177335,-0.005658684
visec_hf_004512,0,south,neutral,0.5186026,0.53401846
visec_hf_004513,46,north,happy,-1.0255101,-0.2984645
visec_hf_004514,0,south,happy,0.74105793,-0.5987109
visec_hf_004515,0,south,sad,0.20952527,-0.22512491
visec_hf_004516,0,south,neutral,0.22695109,0.3472985
visec_hf_004517,0,south,angry,1.2405831,-0.39418468
visec_hf_004518,3,north,neutral,-0.11697262,0.2471392
visec_hf_004519,6,central,neutral,-0.30607113,1.125501
visec_hf_004520,28,south,angry,-0.73875916,-0.115153514
visec_hf_004521,0,south,angry,0.9853256,0.36093178
visec_hf_004522,107,north,sad,0.35856414,0.29152337
visec_hf_004523,50,north,neutral,-0.51875883,0.036307063
visec_hf_004524,0,south,neutral,0.3432778,0.29343942
visec_hf_004525,53,south,neutral,-0.568962,-0.6464954
visec_hf_004526,83,south,sad,-0.2629102,0.74700665
visec_hf_004527,105,south,neutral,-0.76805294,0.025853103
visec_hf_004528,0,south,happy,-0.41149125,-0.89977616
visec_hf_004529,23,south,sad,-0.23707584,0.12651367
visec_hf_004530,0,south,neutral,0.20293006,0.29394335
visec_hf_004531,6,central,happy,0.9247317,-0.048471276
visec_hf_004532,1,south,neutral,-0.8984845,0.102771476
visec_hf_004533,26,north,sad,-0.95706487,-0.6661741
visec_hf_004534,3,north,angry,0.12848257,1.0302296
visec_hf_004535,61,north,sad,-0.6621575,-0.56617516
visec_hf_004536,3,north,neutral,-0.36667752,0.057924725
visec_hf_004537,0,south,angry,-0.2872672,0.49160793
visec_hf_004538,0,south,angry,-0.06100901,0.0964125
visec_hf_004539,59,south,neutral,-0.2764752,0.21682148
visec_hf_004540,0,south,happy,-0.30452508,-0.529289
visec_hf_004541,15,south,neutral,-1.0451915,0.83655936
visec_hf_004542,0,south,neutral,-0.67079335,0.16225722
visec_hf_004543,66,north,angry,-1.0840281,-0.48527935
visec_hf_004544,25,north,angry,-0.5924132,0.5523716
visec_hf_004545,102,south,sad,-0.45245183,-0.4694351
visec_hf_004546,95,north,angry,-0.6482912,0.95714265
visec_hf_004548,0,south,happy,1.0528816,-0.39841422
visec_hf_004549,0,south,angry,1.6011143,-0.241004
visec_hf_004550,50,north,neutral,-0.36717108,-0.98388225
visec_hf_004552,0,south,neutral,0.21120684,0.18724397
visec_hf_004554,78,north,sad,-0.7920671,0.7399625
visec_hf_004555,0,south,angry,1.0642146,-0.12767869
visec_hf_004556,0,south,angry,0.8898947,0.16416974
visec_hf_004557,5,south,neutral,-0.69405097,0.2732765
visec_hf_004558,0,south,angry,1.0623331,0.15543625
visec_hf_004559,15,south,neutral,-0.71328264,-0.5864777
visec_hf_004560,32,south,neutral,0.25081465,-0.22076431
visec_hf_004561,0,south,angry,1.3786327,-0.40087292
visec_hf_004563,0,south,angry,1.0884228,-0.5877757
visec_hf_004565,0,south,neutral,0.42049673,0.48989362
visec_hf_004566,63,south,angry,-0.32173282,-0.70828867
visec_hf_004567,3,north,sad,-0.5814333,-0.019526184
visec_hf_004568,0,south,neutral,-0.62690336,0.18930942
visec_hf_004569,0,south,sad,0.8059748,0.1922791
visec_hf_004570,0,south,happy,0.33621857,0.070581384
visec_hf_004571,27,north,sad,-0.77812093,-0.27953523
visec_hf_004573,0,south,neutral,0.23312669,0.4157202
visec_hf_004574,0,south,angry,0.21267015,0.6930627
visec_hf_004576,0,south,angry,0.62555695,0.3897457
visec_hf_004577,105,south,neutral,-0.88710093,0.7372389
visec_hf_004578,0,south,neutral,0.45990664,0.17948578
visec_hf_004579,105,south,sad,-0.8372242,1.0617285
visec_hf_004580,96,south,angry,0.7454664,0.31757516
visec_hf_004582,94,central,happy,-1.1479105,0.45429036
visec_hf_004583,87,north,neutral,-0.27696902,-0.16927554
visec_hf_004584,83,south,sad,-0.28356096,-0.3175626
visec_hf_004585,0,south,neutral,0.3209349,0.27861
visec_hf_004586,0,south,neutral,0.357309,0.11844502
visec_hf_004587,115,south,sad,-0.21523888,-1.1609659
visec_hf_004588,0,south,happy,0.6904143,0.24848302
visec_hf_004589,0,south,happy,0.28107446,-0.7460274
visec_hf_004590,0,south,happy,0.630054,-0.26484427
visec_hf_004591,0,south,sad,1.2723495,-0.32890305
visec_hf_004592,0,south,sad,0.43139908,0.59752494
visec_hf_004593,137,north,neutral,-0.43554586,0.8181763
visec_hf_004594,0,south,neutral,0.23895437,0.27563342
visec_hf_004595,2,south,sad,0.51168555,-0.6283956
visec_hf_004596,0,south,angry,0.6581834,0.34700337
visec_hf_004597,6,central,happy,0.55303186,0.21936841
visec_hf_004600,38,south,sad,-0.7187931,-0.38982373
visec_hf_004601,0,south,sad,-0.38210675,-0.85922325
visec_hf_004602,6,central,neutral,0.15754597,0.4375668
visec_hf_004603,1,south,neutral,-0.8912155,0.8334354
visec_hf_004604,0,south,happy,0.7869006,0.41429484
visec_hf_004605,15,south,happy,0.019902619,-0.53034425
visec_hf_004606,14,north,angry,0.36895674,0.63008404
visec_hf_004607,16,north,sad,0.20822397,-0.50016963
visec_hf_004608,0,south,happy,0.79276323,-0.09697603
visec_hf_004609,16,north,sad,-0.45800138,0.4896603
visec_hf_004610,108,north,neutral,-0.6232698,0.9523099
visec_hf_004611,0,south,neutral,0.3046607,0.21653226
visec_hf_004612,0,south,happy,0.51373523,0.46375766
visec_hf_004613,97,south,sad,-0.4628337,-0.818704
visec_hf_004614,0,south,angry,0.8729872,-0.9227642
visec_hf_004617,2,south,sad,1.2067543,-0.55956364
visec_hf_004618,15,south,neutral,-1.3028313,0.34460142
visec_hf_004620,49,south,sad,-0.78553426,1.051951
visec_hf_004621,27,north,neutral,-0.929817,-0.26888487
visec_hf_004622,0,south,happy,-0.00026528974,-0.6119876
visec_hf_004623,0,south,angry,1.2417582,-0.55499035
visec_hf_004624,0,south,sad,0.95329964,-0.46663508
visec_hf_004625,0,south,angry,0.4882144,0.5037482
visec_hf_004626,0,south,sad,0.23900898,-0.1284456
visec_hf_004627,0,south,angry,0.93698925,-0.21243231
visec_hf_004628,15,south,sad,-0.6910137,-0.9432088
visec_hf_004630,14,north,neutral,0.8574229,-0.37083802
visec_hf_004631,0,south,angry,1.3401327,-0.34156242
visec_hf_004632,71,south,sad,-0.8411333,-0.032501884
visec_hf_004633,29,north,neutral,-0.37335026,0.054702222
visec_hf_004634,15,south,happy,-0.8630877,-0.30184504
visec_hf_004636,23,south,sad,-0.3287651,-0.967919
visec_hf_004637,0,south,neutral,0.22884075,0.45256767
visec_hf_004638,15,south,neutral,-0.38200864,-0.8809459
visec_hf_004639,4,south,angry,-0.8410533,0.5020607
visec_hf_004640,0,south,sad,0.026655685,-0.04678883
visec_hf_004641,115,south,neutral,-0.334228,-0.8995635
visec_hf_004642,0,south,neutral,1.091252,0.35213536
visec_hf_004643,104,north,neutral,-0.6565978,0.7608411
visec_hf_004644,0,south,happy,0.6194402,-0.7188575
visec_hf_004645,12,north,angry,-0.63470596,0.7340281
visec_hf_004646,0,south,sad,0.048896845,-1.100217
visec_hf_004647,0,south,angry,0.87953544,-0.032022346
visec_hf_004648,58,south,sad,0.21338956,0.60348177
visec_hf_004649,70,south,sad,-0.92677957,-0.47891793
visec_hf_004650,0,south,angry,0.9137961,0.351761
visec_hf_004651,6,central,neutral,0.19434902,-0.7098028
visec_hf_004652,53,south,neutral,-0.5176498,-0.44311857
visec_hf_004653,4,south,neutral,-0.86758626,0.95546633
visec_hf_004655,15,south,happy,-0.89864326,-0.33039537
visec_hf_004657,0,south,sad,0.43965748,0.4244052
visec_hf_004658,26,north,neutral,-0.41614825,-1.1407088
visec_hf_004659,96,south,angry,-0.0793058,0.89663064
visec_hf_004660,0,south,sad,-0.31001058,0.5468242
visec_hf_004661,0,south,neutral,-0.17793237,-0.020388855
visec_hf_004662,0,south,neutral,-0.1806805,0.28916508
visec_hf_004663,54,north,happy,-0.8159291,0.33138233
visec_hf_004664,26,north,angry,-0.8007128,0.41513878
visec_hf_004665,27,north,neutral,-0.7892315,-0.42165232
visec_hf_004666,96,south,neutral,-0.48092267,0.42732358
visec_hf_004667,6,central,neutral,0.62964416,0.32940507
visec_hf_004668,16,north,sad,-0.47010207,-0.4601229
visec_hf_004669,0,south,neutral,0.5212229,0.5513469
visec_hf_004671,15,south,neutral,-1.1852636,0.40651897
visec_hf_004673,61,north,neutral,-0.59362584,-1.0201405
visec_hf_004674,49,south,angry,0.08783078,0.18677248
visec_hf_004675,145,central,sad,-0.37809333,0.65215164
visec_hf_004676,0,south,angry,0.9619572,-0.22715217
visec_hf_004677,0,south,happy,-0.5826381,-0.16633552
visec_hf_004678,0,south,happy,1.2551548,0.14904681
visec_hf_004680,0,south,neutral,-0.09786314,0.10581097
visec_hf_004681,2,south,sad,1.1396829,0.3713913
visec_hf_004682,0,south,angry,1.372882,-0.4891776
visec_hf_004683,0,south,neutral,0.3738528,0.5322981
visec_hf_004684,37,central,neutral,-0.80676544,0.38853434
visec_hf_004685,0,south,sad,0.40330887,0.19001882
visec_hf_004686,0,south,angry,1.0194591,0.20993012
visec_hf_004687,0,south,angry,0.8361263,0.08495437
visec_hf_004689,21,south,neutral,-0.49794614,-0.17790759
visec_hf_004690,25,north,angry,-0.33606535,0.3476091
visec_hf_004691,0,south,angry,1.1072407,-0.52827495
visec_hf_004692,0,south,sad,0.5682001,0.17459503
visec_hf_004693,0,south,angry,1.1849723,0.26172578
visec_hf_004694,2,south,sad,0.09616944,-0.038109966
visec_hf_004695,0,south,angry,0.8669702,-0.6389606
visec_hf_004696,0,south,angry,0.5107656,-0.43020734
visec_hf_004697,48,north,sad,-0.5572089,-0.6877793
visec_hf_004698,0,south,angry,0.5579425,0.08353976
visec_hf_004699,0,south,neutral,0.9323057,0.1860713
visec_hf_004700,0,south,angry,0.736439,-0.6992167
visec_hf_004701,15,south,neutral,-0.7771454,-1.0395575
visec_hf_004702,81,south,neutral,-0.68474543,0.14746845
visec_hf_004703,111,south,neutral,-0.16170219,-0.04338689
visec_hf_004704,0,south,angry,1.3709971,-0.84164333
visec_hf_004705,87,north,angry,1.1298027,-0.45726424
visec_hf_004706,27,north,sad,-0.7009077,-0.9803941
visec_hf_004708,12,north,angry,-0.483919,-0.17718689
visec_hf_004709,15,south,happy,-1.0842739,0.5227246
visec_hf_004710,72,central,angry,0.7480782,0.40331897
visec_hf_004711,21,south,neutral,-0.8691294,-0.28988352
visec_hf_004713,0,south,happy,-0.5475791,-0.4072549
visec_hf_004714,0,south,happy,1.2500279,-0.3326123
visec_hf_004715,57,north,angry,-1.0710994,0.514276
visec_hf_004716,60,north,happy,-0.31702968,-0.7740273
visec_hf_004717,0,south,happy,0.8586401,0.03977004
visec_hf_004718,97,south,angry,-0.6903724,0.8337643
visec_hf_004719,23,south,angry,-0.028793218,0.37916517
visec_hf_004720,49,south,sad,-0.3204702,0.4922361
visec_hf_004722,0,south,angry,1.2494639,-0.09353621
visec_hf_004723,0,south,neutral,-0.096202575,0.25677794
visec_hf_004724,2,south,neutral,0.2248241,0.13392596
visec_hf_004725,0,south,happy,-0.06322275,-0.69731736
visec_hf_004726,6,central,happy,0.54453444,0.6380823
visec_hf_004727,19,north,neutral,-0.9543287,-0.2132408
visec_hf_004728,24,south,angry,-0.5967432,-0.62475336
visec_hf_004729,69,central,neutral,-0.6699966,-1.3451726
visec_hf_004731,0,south,angry,0.3255823,-0.5915153
visec_hf_004732,23,south,angry,-0.80946106,1.0823622
visec_hf_004733,0,south,angry,1.0672534,-0.5588649
visec_hf_004734,0,south,sad,0.10967303,-0.36899835
visec_hf_004735,38,south,happy,-0.8541465,0.6744461
visec_hf_004736,50,north,happy,-1.0301831,0.006053599
visec_hf_004737,15,south,neutral,-0.46626845,-1.0176452
visec_hf_004738,0,south,angry,0.34015912,-0.29978693
visec_hf_004739,0,south,neutral,-0.1710415,0.39648372
visec_hf_004740,18,north,angry,-1.0900917,0.32316187
visec_hf_004741,0,south,angry,-0.08672006,-0.055298354
visec_hf_004742,87,north,angry,0.16618466,0.036486067
visec_hf_004743,0,south,neutral,0.041613612,0.26922977
visec_hf_004744,0,south,sad,0.6762719,-0.2367962
visec_hf_004745,0,south,angry,0.95686466,-0.02759996
visec_hf_004746,146,central,neutral,-1.0565435,0.14014705
visec_hf_004747,42,south,neutral,-0.65637916,-0.20345856
visec_hf_004748,114,south,angry,0.1884335,0.9336588
visec_hf_004749,10,north,sad,-0.6160943,-0.8899705
visec_hf_004750,0,south,happy,0.31648844,0.4481292
visec_hf_004752,0,south,neutral,0.7224492,0.33157748
visec_hf_004753,50,north,neutral,-0.86750054,-0.5474249
visec_hf_004754,0,south,angry,0.85908765,-0.19824158
visec_hf_004755,29,north,happy,-0.43023586,0.3496902
visec_hf_004756,110,south,sad,-0.611826,0.21431476
visec_hf_004757,0,south,angry,0.995532,0.56490177
visec_hf_004758,29,north,angry,-0.53424287,-0.06845854
visec_hf_004759,33,central,neutral,-0.871606,1.0016947
visec_hf_004760,107,north,sad,-0.4341935,0.39934787
visec_hf_004763,128,south,neutral,-0.5444609,-1.1084219
visec_hf_004764,44,south,angry,-0.857059,0.96042854
visec_hf_004765,0,south,sad,0.7468224,-0.23852015
visec_hf_004766,29,north,neutral,-0.15324669,-0.3921661
visec_hf_004767,2,south,neutral,0.22854479,0.044008587
visec_hf_004768,0,south,happy,-0.47880033,0.91700965
visec_hf_004769,29,north,neutral,-0.38350818,-0.79113144
visec_hf_004770,15,south,angry,-0.50637203,-0.6514759
visec_hf_004771,0,south,neutral,0.22317086,0.28099713
visec_hf_004772,5,south,neutral,-0.53685176,-0.12353358
visec_hf_004773,0,south,angry,0.42466995,0.14548706
visec_hf_004775,27,north,sad,-0.88345325,-0.36638328
visec_hf_004776,0,south,neutral,-0.0002430866,0.11256431
visec_hf_004777,0,south,sad,0.47591397,-0.1427122
visec_hf_004779,30,north,sad,-0.77406824,-0.9007383
visec_hf_004780,5,south,happy,-0.75822145,0.7520289
visec_hf_004782,12,north,angry,-0.8737229,0.99161965
visec_hf_004783,73,north,happy,-0.81919503,0.54169583
visec_hf_004784,0,south,angry,0.15975168,-0.379792
visec_hf_004785,1,south,angry,-0.68989134,-0.31979355
visec_hf_004787,0,south,happy,0.53686404,-1.0796382
visec_hf_004788,29,north,happy,-0.13833053,0.27776557
visec_hf_004789,57,north,neutral,-0.73767304,-0.56421256
visec_hf_004790,80,north,sad,-0.15383911,-0.5295656
visec_hf_004791,27,north,happy,-0.79928315,-0.43916526
visec_hf_004792,44,south,sad,-0.6426158,0.61012906
visec_hf_004793,2,south,angry,1.1561598,-0.29893738
visec_hf_004794,0,south,angry,1.4263482,0.07545733
visec_hf_004795,13,south,neutral,-0.2844988,0.020093957
visec_hf_004796,0,south,neutral,0.2621225,0.26104155
visec_hf_004797,29,north,happy,-0.350366,-1.0820973
visec_hf_004798,39,south,happy,-1.0698751,0.5277537
visec_hf_004799,87,north,angry,0.20940189,0.7694139
visec_hf_004800,0,south,angry,0.69707584,0.27578333
visec_hf_004801,103,north,angry,-0.6803381,0.103399
visec_hf_004802,0,south,sad,-0.16513877,0.105270855
visec_hf_004803,2,south,sad,0.8298038,0.1413507
visec_hf_004804,2,south,angry,0.08598412,-0.18203373
visec_hf_004805,0,south,happy,0.44636756,-0.05125894
visec_hf_004806,52,north,angry,0.1856428,0.91894376
visec_hf_004807,0,south,sad,0.28630504,0.23832652
visec_hf_004808,0,south,neutral,0.096342295,0.2753033
visec_hf_004809,76,south,happy,-0.518536,0.5468301
visec_hf_004810,139,south,sad,0.47939363,-0.3822269
visec_hf_004811,101,central,sad,-0.21591549,0.050716467
visec_hf_004812,126,central,neutral,-0.4334781,-1.2070328
visec_hf_004813,101,central,sad,-0.373132,-0.554393
visec_hf_004814,25,north,angry,-0.13319017,0.60826135
visec_hf_004816,0,south,angry,0.9315639,0.5293782
visec_hf_004817,124,south,neutral,-0.2817926,0.08087307
visec_hf_004819,4,south,angry,-0.34542942,-1.0440881
visec_hf_004821,0,south,sad,-0.31444556,0.25367075
visec_hf_004822,101,central,sad,-0.961177,0.9943851
visec_hf_004823,22,north,angry,0.17035867,0.92351484
visec_hf_004824,90,north,neutral,-0.90350956,-0.256666
visec_hf_004825,101,central,neutral,-0.61037105,-1.1698558
visec_hf_004826,0,south,angry,0.86413586,0.33940637
visec_hf_004827,102,south,sad,-0.69222665,0.0379236
visec_hf_004828,3,north,neutral,-0.7450627,-0.11922678
visec_hf_004829,6,central,neutral,0.67596805,0.5385484
visec_hf_004835,0,south,angry,1.7096577,-0.78648
visec_hf_004836,0,south,happy,-0.36057544,-0.042487126
visec_hf_004837,15,south,neutral,-0.7590751,-0.3946715
visec_hf_004838,119,central,neutral,-0.84035903,0.6142953
visec_hf_004840,3,north,sad,-0.6845334,-0.40564105
visec_hf_004841,0,south,angry,1.2295451,-0.54117984
visec_hf_004842,59,south,neutral,-0.033351474,-0.028917508
visec_hf_004843,25,north,sad,-0.36975694,0.82294965
visec_hf_004844,63,south,neutral,-0.7799903,-1.0364512
visec_hf_004845,0,south,angry,0.89687014,0.53156507
visec_hf_004847,0,south,happy,0.11863715,-0.108596325
visec_hf_004848,0,south,sad,0.2850714,0.29120827
visec_hf_004849,97,south,sad,-0.3422087,-0.7098881
visec_hf_004850,27,north,neutral,-1.004458,0.7662075
visec_hf_004851,1,south,neutral,-0.54896617,-1.1589333
visec_hf_004852,0,south,angry,0.7322982,0.18301685
visec_hf_004853,6,central,neutral,0.45971072,1.0784726
visec_hf_004854,2,south,sad,1.1990907,0.07645329
visec_hf_004855,0,south,sad,0.9968029,0.7666532
visec_hf_004857,4,south,neutral,-1.0544041,0.46667993
visec_hf_004858,6,central,happy,0.700731,0.696927
visec_hf_004859,113,south,sad,-1.0098901,-0.2711805
visec_hf_004860,0,south,happy,-0.5682368,0.29659313
visec_hf_004861,0,south,neutral,-0.124878325,0.16440164
visec_hf_004862,26,north,happy,-0.5254829,-0.9677406
visec_hf_004863,0,south,angry,1.2340122,0.28698078
visec_hf_004864,23,south,sad,-0.60200757,0.7514285
visec_hf_004865,1,south,neutral,-0.8639377,-0.13147657
visec_hf_004866,30,north,neutral,-0.5959926,-0.48507088
visec_hf_004867,39,south,angry,0.0735599,-0.3142929
visec_hf_004868,26,north,angry,-0.36387092,-1.1905643
visec_hf_004869,24,south,angry,-0.21056932,-0.5250163
visec_hf_004870,64,south,angry,-0.7460313,-0.57527316
visec_hf_004871,0,south,happy,0.32975346,0.15055475
visec_hf_004872,0,south,happy,-0.014977942,0.16087203
visec_hf_004873,10,north,neutral,-0.8496268,0.47623098
visec_hf_004875,0,south,neutral,0.14088763,0.24273437
visec_hf_004876,20,south,angry,-1.1358104,0.16014701
visec_hf_004877,0,south,neutral,0.08619367,0.42862394
visec_hf_004878,0,south,neutral,-0.050553236,0.6035714
visec_hf_004879,27,north,neutral,-0.82999873,-0.24287014
visec_hf_004880,23,south,sad,0.1588607,0.30116728
visec_hf_004881,38,south,angry,-0.7576461,-0.25830036
visec_hf_004882,57,north,sad,-1.2169923,-0.22399129
visec_hf_004883,0,south,sad,0.7894356,0.5234913
visec_hf_004884,0,south,angry,0.9301616,-0.3464871
visec_hf_004885,57,north,neutral,-0.5409038,-1.2725582
visec_hf_004886,52,north,angry,0.80291677,0.30736282
visec_hf_004889,0,south,neutral,0.100449525,0.2555604
visec_hf_004890,0,south,happy,0.5148793,0.2989661
visec_hf_004891,0,south,angry,0.8853749,-0.7809426
visec_hf_004892,24,south,angry,-0.10579736,-0.50487185
visec_hf_004893,72,central,angry,-0.10755807,0.9283515
visec_hf_004894,0,south,angry,0.9662203,0.47677898
visec_hf_004895,0,south,sad,-0.24166775,0.08795815
visec_hf_004897,0,south,angry,1.2080251,-0.5392103
visec_hf_004899,28,south,neutral,-0.90822995,-0.42112073
visec_hf_004900,15,south,sad,-0.66769475,-0.72878677
visec_hf_004901,15,south,sad,-0.62592894,-0.96168005
visec_hf_004902,64,south,angry,-0.35996526,-0.9634683
visec_hf_004903,132,north,neutral,-0.15138404,-1.0155933
visec_hf_004904,59,south,angry,-0.5868194,0.8852589
visec_hf_004905,0,south,angry,0.5109171,-1.0438392
visec_hf_004906,0,south,sad,0.21669015,0.18840234
visec_hf_004907,15,south,sad,-0.9253392,-0.2525766
visec_hf_004910,24,south,angry,-0.36333296,0.21098605
visec_hf_004911,111,south,neutral,0.041217268,-0.5821732
visec_hf_004912,58,south,angry,0.31465864,0.17933731
visec_hf_004913,0,south,angry,0.99921364,-0.34612143
visec_hf_004914,16,north,sad,-0.29426676,0.22091253
visec_hf_004915,29,north,happy,-0.411775,-0.1383676
visec_hf_004916,15,south,neutral,-0.77813,-0.51112
visec_hf_004918,0,south,angry,1.1304057,-0.049939476
visec_hf_004919,40,north,angry,-0.3260903,0.59922945
visec_hf_004920,0,south,happy,0.024714658,-0.94054717
visec_hf_004921,5,south,neutral,0.09464167,-0.42696294
visec_hf_004922,27,north,angry,-0.91407806,-0.50710464
visec_hf_004923,101,central,sad,0.08219319,0.28611523
visec_hf_004924,16,north,sad,-0.3384002,-0.29241955
visec_hf_004925,57,north,sad,-0.9508146,-1.1217724
visec_hf_004926,0,south,happy,-0.07590685,-0.31079468
visec_hf_004927,39,south,angry,-0.10473283,0.1082152
visec_hf_004928,1,south,neutral,-0.7314534,-0.6885857
visec_hf_004929,44,south,neutral,-0.84189993,-0.282085
visec_hf_004930,23,south,sad,-1.1591159,0.43291855
visec_hf_004931,29,north,angry,-0.73384804,1.0085746
visec_hf_004932,0,south,angry,1.3413116,-0.20826253
visec_hf_004933,15,south,angry,-1.0676178,0.058056142
visec_hf_004934,0,south,angry,1.3381283,-0.262702
visec_hf_004935,15,south,neutral,-1.2421762,-0.5532215
visec_hf_004936,0,south,neutral,0.01487251,0.53131706
visec_hf_004937,4,south,angry,-0.9796448,0.19916992
visec_hf_004938,6,central,happy,-0.62601936,1.0035013
visec_hf_004939,57,north,neutral,-0.6588394,-0.4727496
visec_hf_004940,36,north,angry,-0.83071786,-0.80839145
visec_hf_004941,124,south,neutral,-0.6884368,0.2743653
visec_hf_004942,14,north,angry,0.42831954,-0.18262658
visec_hf_004943,0,south,angry,0.08053077,-0.8393375
visec_hf_004944,41,north,angry,-0.124549,0.24206497
visec_hf_004945,6,central,happy,0.9116293,0.60779536
visec_hf_004947,0,south,angry,0.6436746,-0.21690884
visec_hf_004949,83,south,angry,-0.724907,1.1111537
visec_hf_004950,15,south,neutral,-0.88218653,-0.29815578
visec_hf_004951,63,south,neutral,-0.10624053,-0.50895894
visec_hf_004952,57,north,neutral,-0.64620817,-0.6207968
visec_hf_004953,59,south,angry,0.034156434,0.6016448
visec_hf_004954,44,south,sad,-0.4421224,-0.16010755
visec_hf_004955,0,south,happy,0.9211116,-0.24490635
visec_hf_004956,32,south,sad,-0.622916,0.1616083
visec_hf_004957,64,south,angry,-0.75723195,-0.70221925
visec_hf_004958,0,south,angry,0.7238539,-0.33859453
visec_hf_004959,0,south,sad,0.42940706,0.09906488
visec_hf_004960,16,north,happy,-0.47550893,-0.4524175
visec_hf_004961,5,south,neutral,-1.1252669,0.17652112
visec_hf_004962,0,south,happy,0.6352392,0.417159
visec_hf_004963,0,south,angry,1.215709,-0.5900852
visec_hf_004964,0,south,angry,1.2746279,-0.56320274
visec_hf_004965,14,north,happy,-0.13531157,0.76617116
visec_hf_004966,0,south,angry,1.1981287,-0.39421389
visec_hf_004968,124,south,neutral,-0.8763044,0.04673165
visec_hf_004969,5,south,neutral,-0.5324758,0.24465449
visec_hf_004971,0,south,neutral,0.10511681,0.29215884
visec_hf_004972,0,south,happy,1.1342808,0.37466258
visec_hf_004974,0,south,angry,0.8562225,-0.4593608
visec_hf_004975,59,south,neutral,-0.088144645,-0.48156998
visec_hf_004976,34,north,angry,-0.52572757,-0.8195996
visec_hf_004978,0,south,sad,1.3038375,-0.313966
visec_hf_004979,52,north,angry,0.18457633,0.5731085
visec_hf_004981,101,central,sad,-0.89066064,0.78367704
visec_hf_004982,3,north,neutral,0.12422932,-1.0692935
visec_hf_004983,0,south,angry,0.6319018,0.34310538
visec_hf_004984,12,north,neutral,-0.6606541,0.9091188
visec_hf_004985,0,south,angry,0.96832925,0.07273015
visec_hf_004986,26,north,sad,-0.91315,-0.21583667
visec_hf_004987,15,south,neutral,-0.8787668,0.6317259
visec_hf_004988,0,south,angry,0.8191544,0.33524004
visec_hf_004989,0,south,happy,0.8955999,0.32681736
visec_hf_004991,0,south,sad,0.44717532,-0.61459905
visec_hf_004992,14,north,neutral,-0.5197379,-0.66078293
visec_hf_004993,0,south,sad,1.0671692,0.30264592
visec_hf_004994,6,central,neutral,1.1396269,0.73270893
visec_hf_004995,0,south,angry,0.58727247,-0.55295795
visec_hf_004997,96,south,angry,0.2900192,-0.15702805
visec_hf_004998,0,south,angry,0.9800563,-0.914279
visec_hf_004999,0,south,sad,-0.30853525,-1.0630364
visec_hf_005000,4,south,happy,-0.66516113,-0.42594156
visec_hf_005001,0,south,happy,0.41077688,-0.07758222
visec_hf_005002,55,south,neutral,0.7254535,-0.50301355
visec_hf_005003,24,south,angry,-0.50758606,-0.46186996
visec_hf_005004,0,south,angry,0.9900364,-0.20291694
visec_hf_005005,0,south,neutral,0.7405286,0.6762731
visec_hf_005006,0,south,neutral,0.25126007,0.31876716
visec_hf_005007,49,south,happy,0.11879753,-0.8316599
visec_hf_005008,0,south,sad,1.3441391,-0.15442996
visec_hf_005009,25,north,sad,0.1944968,-0.046724908
visec_hf_005010,32,south,neutral,-0.12349771,-0.8240948
visec_hf_005011,0,south,happy,0.7923852,-0.7184917
visec_hf_005013,15,south,neutral,-1.0393696,0.73104596
visec_hf_005014,55,south,neutral,-0.8825628,-0.36264202
visec_hf_005015,27,north,happy,-0.8514178,-0.6446605
visec_hf_005016,6,central,neutral,0.14604433,0.9543074
visec_hf_005017,12,north,happy,-0.3583935,0.85825425
visec_hf_005018,27,north,neutral,-0.9070825,-0.22354664
visec_hf_005019,0,south,happy,0.33682334,-0.72154933
visec_hf_005020,87,north,sad,-0.8462522,-0.29059082
visec_hf_005021,96,south,sad,0.39271712,-0.19289632
visec_hf_005022,0,south,neutral,0.619493,0.3361978
visec_hf_005023,59,south,neutral,-0.48432258,0.700926
visec_hf_005024,19,north,neutral,-0.71925074,-0.2966957
visec_hf_005025,0,south,happy,-0.5340939,-0.45099288
visec_hf_005026,36,north,neutral,-0.91316634,-1.2262157
visec_hf_005028,0,south,angry,1.4922383,-0.39316314
visec_hf_005029,122,south,angry,-0.08373673,-0.69669163
visec_hf_005030,2,south,sad,0.3138781,0.14802893
visec_hf_005031,1,south,neutral,-0.9028883,0.6968807
visec_hf_005032,0,south,happy,-0.05216323,0.085861936
visec_hf_005033,58,south,sad,-0.13192879,0.36487862
visec_hf_005034,0,south,neutral,0.42450646,0.35689157
visec_hf_005035,57,north,angry,-0.64034045,-0.4088604
visec_hf_005036,78,north,happy,0.26925763,-0.66826075
visec_hf_005037,0,south,sad,0.32936135,-0.46324942
visec_hf_005038,0,south,angry,0.8727445,-0.13223617
visec_hf_005039,53,south,angry,-0.064783506,0.21662173
visec_hf_005040,15,south,happy,-1.1445913,-0.6281334
visec_hf_005041,54,north,happy,0.5967995,0.23481432
visec_hf_005043,15,south,neutral,-0.7137134,-0.989415
visec_hf_005044,0,south,sad,0.57682455,0.31578377
visec_hf_005045,0,south,neutral,0.8227236,0.3866555
visec_hf_005046,0,south,happy,0.13445313,0.034854237
visec_hf_005047,142,north,angry,1.2528262,0.00042014275
visec_hf_005048,128,south,neutral,-0.91781366,0.5084912
visec_hf_005049,133,south,neutral,-0.7195284,0.21522719
visec_hf_005050,52,north,angry,-0.15647295,1.0098817
visec_hf_005051,0,south,neutral,-0.03903684,0.16994284
visec_hf_005052,98,north,sad,-0.3370452,-1.2938249
visec_hf_005053,12,north,angry,-0.76530564,0.98445255
visec_hf_005054,57,north,neutral,-0.6420426,-0.33485547
visec_hf_005055,0,south,neutral,0.7024935,0.40485027
visec_hf_005056,0,south,happy,0.9278028,0.44092306
visec_hf_005057,32,south,neutral,-0.69783163,0.92938864
visec_hf_005058,0,south,sad,0.69818145,-0.11198376
visec_hf_005059,19,north,happy,-0.9569614,0.8990338
visec_hf_005060,0,south,happy,0.69945675,0.4934694
visec_hf_005061,16,north,neutral,-0.8991191,0.82876724
visec_hf_005062,63,south,angry,-0.49966344,-0.55413663
visec_hf_005063,23,south,neutral,0.576872,-0.667128
visec_hf_005064,49,south,neutral,-0.032109015,-0.6919975
visec_hf_005065,0,south,happy,0.5498649,0.4570028
visec_hf_005066,0,south,neutral,-0.7064299,0.1593655
visec_hf_005067,0,south,angry,0.56452805,0.084970005
visec_hf_005068,0,south,angry,0.35177782,-0.054330915
visec_hf_005069,2,south,sad,-0.62821954,1.0788473
visec_hf_005070,0,south,happy,-0.38845307,0.37173438
visec_hf_005071,0,south,happy,-0.0036872576,0.66465056
visec_hf_005072,0,south,happy,0.77040374,0.38286194
visec_hf_005073,90,north,happy,-0.59790313,-0.62486625
visec_hf_005074,0,south,happy,0.5025596,-0.48451686
visec_hf_005075,0,south,sad,0.41185784,-0.07929659
visec_hf_005076,25,north,angry,-0.54826933,-0.1713858
visec_hf_005077,6,central,happy,1.7449704,-0.31361774
visec_hf_005078,15,south,angry,-0.3226804,-0.9153131
visec_hf_005079,0,south,sad,-0.03720792,0.2052509
visec_hf_005080,95,north,angry,0.016140407,0.889219
visec_hf_005081,15,south,neutral,-0.6293894,-1.1046417
visec_hf_005082,95,north,neutral,-0.70771605,0.775738
visec_hf_005083,54,north,sad,-0.1015578,0.8959354
visec_hf_005084,123,south,sad,0.46564358,-0.379666
visec_hf_005085,0,south,neutral,-0.32397676,0.20538507
visec_hf_005086,15,south,neutral,-0.7446617,-0.80643266
visec_hf_005087,27,north,neutral,-0.7446915,-0.5527953
visec_hf_005088,0,south,sad,0.7514048,0.34015197
visec_hf_005090,0,south,angry,1.3328749,-0.015095642
visec_hf_005091,57,north,neutral,-0.71272177,0.012222596
visec_hf_005092,0,south,sad,-0.35318384,0.3087972
visec_hf_005093,70,south,sad,-0.76629186,0.025709428
visec_hf_005094,50,north,angry,-0.005081228,-0.04607755
visec_hf_005095,0,south,angry,1.1952575,0.40891638
visec_hf_005096,0,south,neutral,0.030668855,0.10932448
visec_hf_005097,26,north,sad,-0.61365956,-0.5138808
visec_hf_005098,2,south,neutral,0.21142004,-0.76173884
visec_hf_005099,63,south,angry,-0.035991564,-0.512674
visec_hf_005100,21,south,neutral,-0.30973336,-0.6330706
visec_hf_005101,97,south,sad,-0.35853818,-0.7437982
visec_hf_005102,19,north,angry,-0.43403822,1.0618213
visec_hf_005103,3,north,neutral,-0.5529921,-0.46121803
visec_hf_005104,0,south,neutral,-0.13039331,0.41770375
visec_hf_005106,0,south,angry,1.3066999,-0.49422294
visec_hf_005109,0,south,angry,-0.27948672,0.9573586
visec_hf_005110,26,north,happy,-0.93185407,0.030511871
visec_hf_005111,0,south,sad,0.061867665,0.3518523
visec_hf_005112,0,south,angry,-0.022659095,0.69190615
visec_hf_005114,30,north,sad,-0.4549203,-0.8171421
visec_hf_005115,49,south,sad,0.7698459,-0.6949837
visec_hf_005116,0,south,angry,1.2463927,-0.39110747
visec_hf_005117,0,south,neutral,-0.35090187,0.2284194
visec_hf_005119,83,south,neutral,-1.0550802,-0.08762905
visec_hf_005120,19,north,sad,-0.7849098,-0.27341786
visec_hf_005121,28,south,neutral,-0.5527139,-1.3537925
visec_hf_005122,0,south,happy,0.5591493,0.17651346
visec_hf_005123,0,south,happy,0.469449,0.3259332
visec_hf_005124,15,south,neutral,-0.8165085,-0.6304689
visec_hf_005125,35,north,angry,-0.61543506,0.68941283
visec_hf_005126,6,central,happy,0.34750202,0.23027967
visec_hf_005127,0,south,angry,0.56196606,0.067269266
visec_hf_005128,15,south,neutral,-1.219441,0.3988197
visec_hf_005129,23,south,sad,0.042419802,0.064902894
visec_hf_005130,0,south,angry,1.2393543,-0.47055274
visec_hf_005131,12,north,angry,-0.61954397,0.6711051
visec_hf_005132,14,north,angry,0.72036976,0.33478528
visec_hf_005133,0,south,angry,0.19959413,-0.2748255
visec_hf_005134,0,south,angry,0.78916234,-0.0346422
visec_hf_005135,50,north,angry,-0.64277047,0.33104038
visec_hf_005136,19,north,sad,-0.56945413,-0.30462512
visec_hf_005137,44,south,neutral,-0.65581733,-0.2184259
visec_hf_005138,25,north,neutral,-0.29776722,-0.3041386
visec_hf_005139,0,south,happy,1.0139217,-0.6264074
visec_hf_005140,108,north,angry,-0.29369652,-0.20529665
visec_hf_005141,15,south,neutral,-0.8593977,-0.44733196
visec_hf_005142,0,south,neutral,0.5666863,0.41106415
visec_hf_005143,0,south,angry,1.2012435,0.07049186
visec_hf_005144,83,south,sad,-0.5048785,0.8119984
visec_hf_005145,0,south,angry,1.1400412,-0.16820483
visec_hf_005146,38,south,sad,-0.560712,-1.1806346
visec_hf_005147,15,south,neutral,-1.0090225,-0.2863289
visec_hf_005148,0,south,angry,1.0412384,-0.4986904
visec_hf_005149,59,south,neutral,-0.67337555,0.81885165
visec_hf_005150,0,south,happy,0.4126584,-0.72006506
visec_hf_005151,0,south,angry,0.8790251,0.45517316
visec_hf_005152,25,north,happy,0.009899255,0.05186386
visec_hf_005153,0,south,angry,0.30682495,-0.32421646
visec_hf_005155,0,south,angry,0.041282047,-0.7989307
visec_hf_005156,0,south,happy,-0.5045332,0.26068267
visec_hf_005157,6,central,happy,0.17503043,1.0403677
visec_hf_005158,0,south,sad,-0.1835408,-0.7317048
visec_hf_005159,2,south,angry,0.8242165,1.0986961
visec_hf_005160,27,north,sad,-1.0042562,-0.08277204
visec_hf_005161,15,south,neutral,-0.33071616,-0.9945295
visec_hf_005162,0,south,neutral,-0.17242114,0.31767595
visec_hf_005163,8,south,sad,0.47536486,-0.5072588
visec_hf_005164,0,south,angry,0.63775647,-0.5594969
visec_hf_005165,0,south,angry,0.80740374,0.24861945
visec_hf_005166,25,north,angry,0.7436714,0.56120837
visec_hf_005167,0,south,angry,0.491309,0.1250429
visec_hf_005168,27,north,sad,-1.1546212,0.22305182
visec_hf_005169,23,south,neutral,-0.695727,-0.21565102
visec_hf_005170,53,south,neutral,-0.6369897,-0.4343626
visec_hf_005171,26,north,neutral,-0.69208664,-0.64666057
visec_hf_005172,49,south,angry,-0.039507538,-0.8583084
visec_hf_005173,15,south,neutral,-0.68604416,-0.87987715
visec_hf_005174,0,south,neutral,0.36464557,0.27710897
visec_hf_005175,72,central,angry,-0.21197438,-0.08504751
visec_hf_005176,0,south,sad,-0.23969653,0.85165834
visec_hf_005177,100,north,angry,-0.44410175,0.89412475
visec_hf_005178,85,south,neutral,-0.7452752,-0.8138982
visec_hf_005179,12,north,angry,0.18549831,0.16931662
visec_hf_005180,0,south,sad,0.11743891,0.49637383
visec_hf_005181,105,south,happy,-0.7848811,-0.1840769
visec_hf_005183,56,south,sad,0.48537317,0.010878107
visec_hf_005184,111,south,neutral,-0.45312867,0.14315256
visec_hf_005185,0,south,neutral,0.21266703,-0.067852266
visec_hf_005187,0,south,neutral,0.66349036,0.27115074
visec_hf_005188,29,north,neutral,-0.01917434,-0.8772162
visec_hf_005189,72,central,happy,-0.6834802,-0.5069972
visec_hf_005190,0,south,happy,0.01793505,0.9711905
visec_hf_005191,38,south,neutral,-1.0594436,0.5572835
visec_hf_005193,0,south,angry,1.2088777,-0.4499968
visec_hf_005194,0,south,angry,0.9537467,0.291849
visec_hf_005195,95,north,neutral,-0.30379915,0.5585934
visec_hf_005197,4,south,sad,-0.6060877,-0.21691039
visec_hf_005198,39,south,neutral,-0.52905595,-0.48019218
visec_hf_005199,0,south,neutral,0.06483698,0.26985058
visec_hf_005200,0,south,angry,0.39374927,-0.4606898
visec_hf_005201,132,north,angry,-0.50015604,-0.32190087
visec_hf_005202,5,south,neutral,-0.5849875,-0.07020662
visec_hf_005203,122,south,angry,-0.38993916,-0.21033487
visec_hf_005205,0,south,happy,0.56632453,0.24423108
visec_hf_005206,75,north,happy,-0.80025846,-0.30435726
visec_hf_005208,12,north,happy,-0.39608708,-0.13514388
visec_hf_005209,0,south,sad,-0.54892164,0.53513765
visec_hf_005210,4,south,neutral,-1.0127565,0.6362367
visec_hf_005211,0,south,neutral,0.0024582776,-0.09227238
visec_hf_005212,0,south,angry,0.82582396,-0.10674875
visec_hf_005213,49,south,sad,-0.83295155,0.68017334
visec_hf_005214,27,north,neutral,-1.0800049,0.13059749
visec_hf_005215,0,south,happy,-0.048641745,-0.666277
visec_hf_005216,0,south,neutral,-0.57876056,0.051126596
visec_hf_005217,0,south,angry,0.7216196,-0.2126913
visec_hf_005218,14,north,sad,0.3934692,0.12737136
visec_hf_005219,143,central,neutral,-0.8092803,-0.27677646
visec_hf_005220,9,south,sad,0.8178984,-0.37992796
visec_hf_005221,102,south,sad,-0.25129828,-0.9593201
visec_hf_005222,0,south,angry,0.8003718,0.88203675
visec_hf_005223,0,south,neutral,0.43937686,0.28441685
visec_hf_005224,0,south,neutral,0.32941088,0.24429901
visec_hf_005225,0,south,sad,1.1323074,0.28462282
visec_hf_005226,0,south,sad,0.2595995,0.022260709
visec_hf_005227,98,north,angry,-0.3190819,0.74696875
visec_hf_005228,0,south,happy,0.5743437,-1.0052917
visec_hf_005229,0,south,happy,0.8482821,0.05093929
visec_hf_005230,0,south,neutral,0.72367585,0.3912348
visec_hf_005231,26,north,neutral,-0.4422314,-1.1052365
visec_hf_005232,0,south,sad,1.409233,-0.3824249
visec_hf_005233,38,south,sad,-0.9911608,0.6278179
visec_hf_005234,0,south,happy,0.5484201,0.36918488
visec_hf_005235,15,south,neutral,-0.8267547,-0.24785662
visec_hf_005236,0,south,neutral,0.8890425,0.3522002
visec_hf_005237,0,south,angry,0.9169071,-0.6991107
visec_hf_005238,25,north,angry,-0.5720154,-0.47841
visec_hf_005239,59,south,neutral,-0.31252393,-0.19999187
visec_hf_005240,0,south,sad,-0.19009344,-0.0011541217
visec_hf_005241,0,south,angry,0.6050546,0.52894264
visec_hf_005243,124,south,neutral,-0.27486005,-0.7869488
visec_hf_005244,0,south,neutral,0.4312466,0.289696
visec_hf_005245,0,south,neutral,0.41762727,0.3991319
visec_hf_005246,12,north,neutral,-0.41275212,-1.1401944
visec_hf_005247,14,north,angry,0.17744729,-1.0945233
visec_hf_005248,63,south,angry,-0.30383,-1.0378455
visec_hf_005249,108,north,angry,-0.13041978,0.17906505
visec_hf_005252,10,north,sad,-0.79840606,-0.12158724
visec_hf_005253,15,south,happy,-0.5207568,-1.3472928
visec_hf_005254,38,south,neutral,-0.6097465,-0.89633906
visec_hf_005255,57,north,neutral,-0.8549428,0.5332832
visec_hf_005256,0,south,happy,0.17341337,-0.37351435
visec_hf_005257,49,south,sad,0.50633794,-0.01848708
visec_hf_005258,2,south,neutral,-0.0874524,-0.17878911
visec_hf_005259,0,south,neutral,0.47000724,0.17782757
visec_hf_005260,54,north,sad,0.080108725,0.92171425
visec_hf_005262,0,south,angry,0.64577013,0.0954941
visec_hf_005263,0,south,neutral,-0.040145278,0.11433732
visec_hf_005264,4,south,neutral,-0.9295727,-0.007155604
visec_hf_005265,0,south,sad,1.5286803,0.53428644
visec_hf_005266,0,south,sad,0.009589479,-0.5504353
visec_hf_005267,0,south,sad,0.7247796,0.472943
visec_hf_005268,87,north,angry,0.6428468,-0.1877597
visec_hf_005269,0,south,angry,1.3751754,-0.26106387
visec_hf_005270,3,north,angry,-0.5973572,0.94130296
visec_hf_005271,23,south,sad,0.12994488,0.13336109
visec_hf_005272,17,central,angry,0.30996925,-0.49941394
visec_hf_005274,0,south,happy,1.0336663,-0.2941687
visec_hf_005275,12,north,angry,-0.22820185,0.7511449
visec_hf_005276,0,south,neutral,0.2663864,0.3624662
visec_hf_005277,0,south,neutral,-0.22952473,0.02140554
visec_hf_005278,54,north,sad,0.33311313,0.4507199
visec_hf_005279,0,south,angry,0.9009083,0.5098668
