sample_id,original_split,relative_path,file_name,sha256,utterance_id,view,folder_label,filename_label_raw,filename_label,source_id,speaker_local_id,speaker_id,gender,is_child,sample_rate_hz,channels,sample_width_bytes,frame_count,duration_seconds,compression_type,issues
7d3364d63706edaf,test,Angry/angry_p01_F1_2433_2436.wav,angry_p01_F1_2433_2436.wav,7d3364d63706edaf4d1db3854896b4a5ccb8b23178637e65bf7acdbc6b6e24bd,angry_p01_f1_2433_2436,raw,angry,angry,angry,p01,F1,p01:F1,F,False,24200,1,2,77434,3.199752066,NONE,
d69340578108654d,test,Angry/angry_p01_F1_2639_2622.wav,angry_p01_F1_2639_2622.wav,d69340578108654d47754fbb676d8cc13a76c3d155e70bc75f2dc51c703e360a,angry_p01_f1_2639_2622,raw,angry,angry,angry,p01,F1,p01:F1,F,False,24200,1,2,130390,5.388016529,NONE,
58098f813352efcd,test,Angry/angry_p01_M2_2230_2235.wav,angry_p01_M2_2230_2235.wav,58098f813352efcd5ad534c6b811be9fd896c67eb6b27ca55b6fe7f2bf8793e2,angry_p01_m2_2230_2235,raw,angry,angry,angry,p01,M2,p01:M2,M,False,24200,1,2,143413,5.926157025,NONE,
63f83c8ae3e806f0,test,Angry/angry_p01_M2_2620_2625.wav,angry_p01_M2_2620_2625.wav,63f83c8ae3e806f05654ef78eba49f931081bd78ec0be09af350cc2fbf996358,angry_p01_m2_2620_2625,raw,angry,angry,angry,p01,M2,p01:M2,M,False,24200,1,2,119991,4.958305785,NONE,
97852ac963f52488,test,Angry/angry_p01_M2_2634_2629.wav,angry_p01_M2_2634_2629.wav,97852ac963f524886d6b263b061769a9b41dfb29c078af1e0dc4c7129cefb409,angry_p01_m2_2634_2629,raw,angry,angry,angry,p01,M2,p01:M2,M,False,24200,1,2,111032,4.588099174,NONE,
14e7b6344ffcb79a,test,Angry/angry_p01_M2_3034_3037.wav,angry_p01_M2_3034_3037.wav,14e7b6344ffcb79a568006917a6b4c36e94bc0134bb8fa5e02613b39792bad26,angry_p01_m2_3034_3037,raw,angry,angry,angry,p01,M2,p01:M2,M,False,24200,1,2,88467,3.655661157,NONE,
bec1f7a32f3e153b,test,Angry/angry_p01_M2_322_328.wav,angry_p01_M2_322_328.wav,bec1f7a32f3e153b9459f0a8888f23550acda797838b1af9849413615ca9f3ae,angry_p01_m2_322_328,raw,angry,angry,angry,p01,M2,p01:M2,M,False,24200,1,2,148022,6.11661157,NONE,
e1e472e4b7b8e4c1,test,Angry/angry_p01_M2_322_328_vocals.wav,angry_p01_M2_322_328_vocals.wav,e1e472e4b7b8e4c1cf8a258e2fefdc99a22f659277e0a389a986435caec0ba23,angry_p01_m2_322_328,processed,angry,angry,angry,p01,M2,p01:M2,M,False,24400,1,2,149246,6.116639344,NONE,
2adb920263a89493,test,Angry/angry_p02_M1_4754_4756.wav,angry_p02_M1_4754_4756.wav,2adb920263a894937b4dec8f3648f37f9a27c0f7ca5ed390c2e565bc237a36e2,angry_p02_m1_4754_4756,raw,angry,angry,angry,p02,M1,p02:M1,M,False,24200,1,2,53772,2.221983471,NONE,
02b78e1e90d37b6f,test,Angry/angry_p02_M2_12026_12029.wav,angry_p02_M2_12026_12029.wav,02b78e1e90d37b6fd462bfaba1c4f471ec90c4e8e0130d7dced3148d494ec33b,angry_p02_m2_12026_12029,raw,angry,angry,angry,p02,M2,p02:M2,M,False,24200,1,2,62525,2.583677686,NONE,
59aca0dc65f25248,test,Angry/angry_p02_M2_12147_12151.wav,angry_p02_M2_12147_12151.wav,59aca0dc65f252482ade1353a3442ddcd5ad612b28cfe7453df54319d39090a5,angry_p02_m2_12147_12151,raw,angry,angry,angry,p02,M2,p02:M2,M,False,24200,1,2,106293,4.392272727,NONE,
1f581297b8f9e9e8,test,Angry/angry_p02_M3_11533_11539.wav,angry_p02_M3_11533_11539.wav,1f581297b8f9e9e822c39279cf70f253a130c1ed9e4e79846a4aad199a2b9152,angry_p02_m3_11533_11539,raw,angry,angry,angry,p02,M3,p02:M3,M,False,24200,1,2,172258,7.118099174,NONE,
79a54caf3251de91,test,Angry/angry_p02_M3_11614_11617.wav,angry_p02_M3_11614_11617.wav,79a54caf3251de91dccc4e250a68e400055483c809dfb7362146ccf4f24d4c33,angry_p02_m3_11614_11617,raw,angry,angry,angry,p02,M3,p02:M3,M,False,24200,1,2,90974,3.759256198,NONE,
4235485fde7af369,test,Angry/angry_p03_t11_M5_1049_1056.wav,angry_p03_t11_M5_1049_1056.wav,4235485fde7af369703e31b59af5d3a357373a496ec913939ad99fad1c6e423d,angry_p03_t11_m5_1049_1056,raw,angry,angry,angry,p03,M5,p03:M5,M,False,24200,1,2,172835,7.141942149,NONE,
a899c8777c38f217,test,Angry/angry_p03_t11_M5_1301_1308.wav,angry_p03_t11_M5_1301_1308.wav,a899c8777c38f2175423697cfe324c49b9626cdd01c4bb0478847d87356f475c,angry_p03_t11_m5_1301_1308,raw,angry,angry,angry,p03,M5,p03:M5,M,False,24200,1,2,176575,7.296487603,NONE,
f18600100ec3db0f,test,Angry/angry_p03_t11_M5_1325_1332.wav,angry_p03_t11_M5_1325_1332.wav,f18600100ec3db0ff1cd0dedb4afcdcb03df18743b7244ed883bccedf25e61fd,angry_p03_t11_m5_1325_1332,raw,angry,angry,angry,p03,M5,p03:M5,M,False,24200,1,2,187166,7.734132231,NONE,
67fa6e946103e2d9,test,Angry/angry_p03_t4_F4_1340_1350.wav,angry_p03_t4_F4_1340_1350.wav,67fa6e946103e2d9252032089ec23da42abae1dc883b3828e814cf9c2f22ed31,angry_p03_t4_f4_1340_1350,raw,angry,angry,angry,p03,F4,p03:F4,F,False,24200,1,2,225206,9.306033058,NONE,
03b0903d032e7a71,test,Angry/angry_p03_t4_F4_4547_4552.wav,angry_p03_t4_F4_4547_4552.wav,03b0903d032e7a71b047e9e19deb0dcfc7d5e061f1cbb52cd663f14024c4626a,angry_p03_t4_f4_4547_4552,raw,angry,angry,angry,p03,F4,p03:F4,F,False,24200,1,2,128800,5.32231405,NONE,
c67c19b283d71258,test,Angry/angry_p04_F7_12809_12811.wav,angry_p04_F7_12809_12811.wav,c67c19b283d712582690903b89177d78e3d2ad4b84049d652dc1c0a20f357428,angry_p04_f7_12809_12811,raw,angry,angry,angry,p04,F7,p04:F7,F,False,24200,1,2,41503,1.715,NONE,
e869b45ba3e11dcf,test,Angry/angry_p04_F7_12820_12822.wav,angry_p04_F7_12820_12822.wav,e869b45ba3e11dcf120cc8f9c83f725d83d419d19c896d3ea5c5896a3a2d5e8a,angry_p04_f7_12820_12822,raw,angry,angry,angry,p04,F7,p04:F7,F,False,24200,1,2,51852,2.142644628,NONE,
1198b7155eadfaa0,test,Angry/angry_p04_F7_12835_12837.wav,angry_p04_F7_12835_12837.wav,1198b7155eadfaa077e5b4aac41a94c6001811eab09bcefc88f6cef24414814e,angry_p04_f7_12835_12837,raw,angry,angry,angry,p04,F7,p04:F7,F,False,24200,1,2,40435,1.670867769,NONE,
fa22e39aecba307f,test,Angry/angry_p04_F8_152_154.wav,angry_p04_F8_152_154.wav,fa22e39aecba307f591dbbe1e4e288b318cfa69b746d97ec36ab1c9bd074db47,angry_p04_f8_152_154,raw,angry,angry,angry,p04,F8,p04:F8,F,False,24200,1,2,59272,2.449256198,NONE,
133e8f2d3d25482c,test,Angry/angry_p04_F8_2523_2526.wav,angry_p04_F8_2523_2526.wav,133e8f2d3d25482c4c9c7df1ef21b0b5234285e19d3d8a462aae9ba51d568634,angry_p04_f8_2523_2526,raw,angry,angry,angry,p04,F8,p04:F8,F,False,24200,1,2,68173,2.817066116,NONE,
2648eb6163760af8,test,Angry/angry_p04_F8_5042_5046.wav,angry_p04_F8_5042_5046.wav,2648eb6163760af86199a41770304236eb464e4379be085641f0e40a9e35d8cb,angry_p04_f8_5042_5046,raw,angry,angry,angry,p04,F8,p04:F8,F,False,24200,1,2,84672,3.498842975,NONE,
d021b3b9392dffd5,test,Angry/angry_p04_M17_10350_10400_vocals.wav,angry_p04_M17_10350_10400_vocals.wav,d021b3b9392dffd5bbed26103cf48a9ac3ab1aecde1c6c237cdda03992bf4dea,angry_p04_m17_10350_10400,processed,angry,angry,angry,p04,M17,p04:M17,M,False,24200,1,2,224364,9.271239669,NONE,
04f0f6cb1cecbc9a,test,Angry/angry_p04_M17_10415_10420_vocals.wav,angry_p04_M17_10415_10420_vocals.wav,04f0f6cb1cecbc9a78237a3919499172577da11761495e2223c102cf01982c81,angry_p04_m17_10415_10420,processed,angry,angry,angry,p04,M17,p04:M17,M,False,24200,1,2,90358,3.733801653,NONE,
fdd7822e1a4297ce,test,Angry/angry_p06_F10_2616_2622.wav,angry_p06_F10_2616_2622.wav,fdd7822e1a4297ce12fd136fa02fd206feecf1be2db9289fb364a9077c370338,angry_p06_f10_2616_2622,raw,angry,angry,angry,p06,F10,p06:F10,F,False,24200,1,2,146175,6.040289256,NONE,
3a7d84fe824c3c6b,test,Angry/angry_p06_F10_2634_2637_vocals.wav,angry_p06_F10_2634_2637_vocals.wav,3a7d84fe824c3c6bd4fc6905492ae5c5356459ae723ec80506a37cc025085ad9,angry_p06_f10_2634_2637,processed,angry,angry,angry,p06,F10,p06:F10,F,False,24400,1,2,93192,3.819344262,NONE,
bf3482a66cb2cfd3,test,Angry/angry_p06_F10_2652_2657.wav,angry_p06_F10_2652_2657.wav,bf3482a66cb2cfd3bf9700805aac98318fdeb1714dd0e01f481a3765139aa116,angry_p06_f10_2652_2657,raw,angry,angry,angry,p06,F10,p06:F10,F,False,24200,1,2,129888,5.367272727,NONE,
39ec6f6bf20dba0e,test,Angry/angry_p06_F10_2737_2741.wav,angry_p06_F10_2737_2741.wav,39ec6f6bf20dba0e40d1a16d94899e8702e5ca415bd967402d2e046fe34c2974,angry_p06_f10_2737_2741,raw,angry,angry,angry,p06,F10,p06:F10,F,False,24200,1,2,105457,4.357727273,NONE,
b671c8f29e5a5b77,test,Angry/angry_p06_F10_2743_2747.wav,angry_p06_F10_2743_2747.wav,b671c8f29e5a5b77f5f3a05ed9507e45a26b9daee00500a108231985ca52b23a,angry_p06_f10_2743_2747,raw,angry,angry,angry,p06,F10,p06:F10,F,False,24200,1,2,125002,5.165371901,NONE,
a6c5f352e6c5282c,test,Angry/angry_p06_F10_2817_2820.wav,angry_p06_F10_2817_2820.wav,a6c5f352e6c5282c64a8e56327b5c8a000055aa4033e824a9ab119e7d05ff130,angry_p06_f10_2817_2820,raw,angry,angry,angry,p06,F10,p06:F10,F,False,24200,1,2,92835,3.836157025,NONE,
eb39bd54baa7b4c9,test,Angry/angry_p06_F10_3011_3016.wav,angry_p06_F10_3011_3016.wav,eb39bd54baa7b4c9f9ce31fbd9edb5aecaa2a2f5261af24555547c9e415abe75,angry_p06_f10_3011_3016,raw,angry,angry,angry,p06,F10,p06:F10,F,False,24200,1,2,125408,5.18214876,NONE,
de4328258d308c4e,test,Angry/angry_p06_F10_4225_4231.wav,angry_p06_F10_4225_4231.wav,de4328258d308c4ec0c949d1715855b8acdcef0b05e6dd557b5d8d444f00f9ce,angry_p06_f10_4225_4231,raw,angry,angry,angry,p06,F10,p06:F10,F,False,24200,1,2,148617,6.141198347,NONE,
e4c2da28cd06e668,test,Angry/angry_p06_F9_4125_4130.wav,angry_p06_F9_4125_4130.wav,e4c2da28cd06e668c57e4e1dcfa4f013bfca59a4b35d9ab32a6338180a7ef2db,angry_p06_f9_4125_4130,raw,angry,angry,angry,p06,F9,p06:F9,F,False,24200,1,2,116857,4.828801653,NONE,
781b3b9dd8eb1e4e,test,Angry/angry_p06_M20_3004_3008.wav,angry_p06_M20_3004_3008.wav,781b3b9dd8eb1e4e9f280dc1cef1f71ad35773b07bee3afe99b18f6b97f6ca7a,angry_p06_m20_3004_3008,raw,angry,angry,angry,p06,M20,p06:M20,M,False,24200,1,2,105050,4.340909091,NONE,
699b800c8f96e32f,test,Angry/angry_p06_M20_4257_4304.wav,angry_p06_M20_4257_4304.wav,699b800c8f96e32f247ec413af252add8bacf326af13c2657f2b7325fe49ab25,angry_p06_m20_4257_4304,raw,angry,angry,angry,p06,M20,p06:M20,M,False,24200,1,2,174269,7.201198347,NONE,
4fe1d84a3576378f,test,Anxiety/anxiety_p02_F3_10129_10132.wav,anxiety_p02_F3_10129_10132.wav,4fe1d84a3576378fee728966d27cc30d7d6e54bcf0b61199af7ee28adbbb6b67,anxiety_p02_f3_10129_10132,raw,anxiety,anxiety,anxiety,p02,F3,p02:F3,F,False,24200,1,2,85660,3.539669421,NONE,
b936ddfcd41b085e,test,Anxiety/anxiety_p03_F12_4635_4639_vocals.wav,anxiety_p03_F12_4635_4639_vocals.wav,b936ddfcd41b085e5221477fff3091604ad8451748752852272e2f7faf987145,anxiety_p03_f12_4635_4639,processed,anxiety,anxiety,anxiety,p03,F12,p03:F12,F,False,24200,1,2,125232,5.174876033,NONE,
fe691ee62acc43da,test,Anxiety/anxiety_p03_M6_3137_3139_vocals.wav,anxiety_p03_M6_3137_3139_vocals.wav,fe691ee62acc43dadeb6165ab362979d24233e958062453b15ab9b4416847089,anxiety_p03_m6_3137_3139,processed,anxiety,anxiety,anxiety,p03,M6,p03:M6,M,False,24200,1,2,54725,2.261363636,NONE,
a972c4833421050f,test,Anxiety/anxiety_p03_t2_F14_4730_4731_vocals.wav,anxiety_p03_t2_F14_4730_4731_vocals.wav,a972c4833421050fcf0354839067579b314c518284297362f4ca187778a2ca27,anxiety_p03_t2_f14_4730_4731,processed,anxiety,anxiety,anxiety,p03,F14,p03:F14,F,False,24400,1,2,32940,1.35,NONE,
fdb8b166875832f2,test,Anxiety/anxiety_p03_t2_M16_4723_4726_vocals.wav,anxiety_p03_t2_M16_4723_4726_vocals.wav,fdb8b166875832f23e133c9fb0a241af0b2c8818fb2c98ea93c3b167386f82d9,anxiety_p03_t2_m16_4723_4726,processed,anxiety,anxiety,anxiety,p03,M16,p03:M16,M,False,24200,1,2,93580,3.866942149,NONE,
52404ca30067f13b,test,Anxiety/anxiety_p03_t3_M14_457_502_vocals.wav,anxiety_p03_t3_M14_457_502_vocals.wav,52404ca30067f13bcb23067634dc3765a97b6e6b7752f7ee4c804dbc459ee898,anxiety_p03_t3_m14_457_502,processed,anxiety,anxiety,anxiety,p03,M14,p03:M14,M,False,24400,1,2,114953,4.711188525,NONE,
e793202e4ab0a53a,test,Anxiety/anxiety_p04_F15_12316_12320.wav,anxiety_p04_F15_12316_12320.wav,e793202e4ab0a53a61206a3cdba16f82609a2cbdd029953e04bdac2f01f9d38b,anxiety_p04_f15_12316_12320,raw,anxiety,anxiety,anxiety,p04,F15,p04:F15,F,False,24200,1,2,113592,4.693884298,NONE,
d026ce733c5fbc57,test,Anxiety/anxiety_p04_F7_2214_2216.wav,anxiety_p04_F7_2214_2216.wav,d026ce733c5fbc575cea1ede264938c91f34906705826a5486f3a9f888bf9cbd,anxiety_p04_f7_2214_2216,raw,anxiety,anxiety,anxiety,p04,F7,p04:F7,F,False,24200,1,2,58518,2.418099174,NONE,
7f818ad01a6b83d0,test,Anxiety/anxiety_p04_F7_2420_2422.wav,anxiety_p04_F7_2420_2422.wav,7f818ad01a6b83d0b781b4d193d508ffa2e702c60e1533f23f248bf12e6aea14,anxiety_p04_f7_2420_2422,raw,anxiety,anxiety,anxiety,p04,F7,p04:F7,F,False,24200,1,2,50395,2.082438017,NONE,
159f24b6daa2494e,test,Anxiety/anxiety_p04_F7_3259_3303.wav,anxiety_p04_F7_3259_3303.wav,159f24b6daa2494ece34682594e5e5bacc12449d821cffe1261514fa6f2ca21c,anxiety_p04_f7_3259_3303,raw,anxiety,anxiety,anxiety,p04,F7,p04:F7,F,False,24200,1,2,117226,4.844049587,NONE,
4feca990d338f73c,test,Anxiety/anxiety_p04_F7_5326_5233.wav,anxiety_p04_F7_5326_5233.wav,4feca990d338f73c30661cfeef66a236b6f57e7855262e766e2520b61f05ac2b,anxiety_p04_f7_5326_5233,raw,anxiety,anxiety,anxiety,p04,F7,p04:F7,F,False,24200,1,2,168695,6.970867769,NONE,
986f82b2d5a53324,test,Anxiety/anxiety_p04_F8_4150_4154_vocals.wav,anxiety_p04_F8_4150_4154_vocals.wav,986f82b2d5a53324fa4b3f32035d24417424e683f586a94aea7a5bf12aa69dfd,anxiety_p04_f8_4150_4154,processed,anxiety,anxiety,anxiety,p04,F8,p04:F8,F,False,24200,1,2,101258,4.184214876,NONE,
cbfa981e0335eded,test,Anxiety/anxiety_p04_F8_4154_4157.wav,anxiety_p04_F8_4154_4157.wav,cbfa981e0335edede5e64e8a7b2fb12250e982f5c53fbed5ab493513649b4498,anxiety_p04_f8_4154_4157,raw,anxiety,anxiety,anxiety,p04,F8,p04:F8,F,False,24200,1,2,64813,2.67822314,NONE,
fc6b60dac0aae605,test,Anxiety/anxiety_p04_M17_3054_3058.wav,anxiety_p04_M17_3054_3058.wav,fc6b60dac0aae6052e36e5ba0c727bae39353882af2fe416890282cefc262e2a,anxiety_p04_m17_3054_3058,raw,anxiety,anxiety,anxiety,p04,M17,p04:M17,M,False,24200,1,2,108208,4.471404959,NONE,
5dde3f1567046818,test,Anxiety/anxiety_p06_F18_1624_1632_vocals.wav,anxiety_p06_F18_1624_1632_vocals.wav,5dde3f1567046818769a0f37c1bf79e42e86c0e66adc8a2141de95c482dcc66d,anxiety_p06_f18_1624_1632,processed,anxiety,anxiety,anxiety,p06,F18,p06:F18,F,False,24400,1,2,222510,9.119262295,NONE,
aa9d4d5d970e21c8,test,Anxiety/anxiety_p06_F18_3315_3320_vocals.wav,anxiety_p06_F18_3315_3320_vocals.wav,aa9d4d5d970e21c86a231a89fca4781c775d71269f6af074d84c51521d03ad2a,anxiety_p06_f18_3315_3320,processed,anxiety,anxiety,anxiety,p06,F18,p06:F18,F,False,24400,1,2,142456,5.838360656,NONE,
7d55755ab4e13b59,test,Anxiety/anxiety_p06_F9_2550_2553.wav,anxiety_p06_F9_2550_2553.wav,7d55755ab4e13b5914eae07ce422da9813d2a6271ec5d2e9e912ebc2e03a03b7,anxiety_p06_f9_2550_2553,raw,anxiety,anxiety,anxiety,p06,F9,p06:F9,F,False,24200,1,2,77363,3.196818182,NONE,
f86c6d5fe9ac881f,test,Anxiety/anxiety_p09_M25_2459_2505.wav,anxiety_p09_M25_2459_2505.wav,f86c6d5fe9ac881f8f7b5307637c17cf918d46941d9a4e2cecaf15199790c4f4,anxiety_p09_m25_2459_2505,raw,anxiety,anxiety,anxiety,p09,M25,p09:M25,M,False,24200,1,2,165667,6.845743802,NONE,
e91855a2cb170d5d,test,Anxiety/auxiety_p07_F24_12923_12929.wav,auxiety_p07_F24_12923_12929.wav,e91855a2cb170d5de02c87bf7ef9a31b2274ff1a3c63861576dda58b0b3d9577,auxiety_p07_f24_12923_12929,raw,anxiety,auxiety,anxiety,p07,F24,p07:F24,F,False,24200,1,2,144402,5.967024793,NONE,filename_label_alias
dafbe2c5a899cfc7,test,Anxiety/auxiety_p07_F24_13005_13011_vocals.wav,auxiety_p07_F24_13005_13011_vocals.wav,dafbe2c5a899cfc773e6715e520b67916d11e4c7274b8ee546cb77898994c265,auxiety_p07_f24_13005_13011,processed,anxiety,auxiety,anxiety,p07,F24,p07:F24,F,False,24400,1,2,156343,6.4075,NONE,filename_label_alias
dd91d345c493a91d,test,Happy/happy_p02_F2_10717_10721.wav,happy_p02_F2_10717_10721.wav,dd91d345c493a91de220b459bf6c171c2cff5346219081e3a6f37390d530bd3e,happy_p02_f2_10717_10721,raw,happy,happy,happy,p02,F2,p02:F2,F,False,24200,1,2,105668,4.366446281,NONE,
7da561fcd8453641,test,Happy/happy_p04_eb_F30_10006_10010.wav,happy_p04_eb_F30_10006_10010.wav,7da561fcd8453641473ff1c2f886491d35bead2f4a3604d88f0aa6862e82c58f,happy_p04_eb_f30_10006_10010,raw,happy,happy,happy,p04,F30,p04:F30,F,True,24200,1,2,123767,5.114338843,NONE,
a9cc4dbcb2278de3,test,Happy/happy_p04_F31_4545_4550.wav,happy_p04_F31_4545_4550.wav,a9cc4dbcb2278de3ca4620665d5055972da5ce805e63cdc9ba7324a704ea3594,happy_p04_f31_4545_4550,raw,happy,happy,happy,p04,F31,p04:F31,F,False,24200,1,2,120232,4.968264463,NONE,
cf4f17f3e36514f1,test,Happy/happy_p04_F8_10221_10224.wav,happy_p04_F8_10221_10224.wav,cf4f17f3e36514f1cf8317edc48bc5d9a58b9d783ef04478cb72535483670bbc,happy_p04_f8_10221_10224,raw,happy,happy,happy,p04,F8,p04:F8,F,False,24200,1,2,92880,3.838016529,NONE,
299786c82a558db4,test,Happy/happy_p04_M17_4536_4543.wav,happy_p04_M17_4536_4543.wav,299786c82a558db4c6682dd0ad1544234f6e9037d77192eb5a016b19693b9306,happy_p04_m17_4536_4543,raw,happy,happy,happy,p04,M17,p04:M17,M,False,24200,1,2,201200,8.314049587,NONE,
fe6b68955c2f5612,test,Happy/happy_p04_M17_4635_4640.wav,happy_p04_M17_4635_4640.wav,fe6b68955c2f561203b3cc1ad3498ca5a5305f3d67da8dabebc454fb57afbbd1,happy_p04_m17_4635_4640,raw,happy,happy,happy,p04,M17,p04:M17,M,False,24200,1,2,126995,5.247727273,NONE,
76f8bf43714d058a,test,Happy/happy_p04_M18_10305_10310.wav,happy_p04_M18_10305_10310.wav,76f8bf43714d058a75bfe99b3889fb6b2ee78c5fc3957dfc5a474c4472f27bc9,happy_p04_m18_10305_10310,raw,happy,happy,happy,p04,M18,p04:M18,M,False,24200,1,2,204052,8.431900826,NONE,
2f29f45c636192e8,test,Happy/happy_p04_M18_1058_1100.wav,happy_p04_M18_1058_1100.wav,2f29f45c636192e8718d4c8d96c4c71312fea3ee62e64ad91ae95c04d585c069,happy_p04_m18_1058_1100,raw,happy,happy,happy,p04,M18,p04:M18,M,False,24200,1,2,41174,1.701404959,NONE,
c5a99f55d6ca1670,test,Happy/happy_p04_M18_123_128_vocals.wav,happy_p04_M18_123_128_vocals.wav,c5a99f55d6ca1670862b0a218fe621b6d090bb02096e35f0c41ff50adf36f4a2,happy_p04_m18_123_128,processed,happy,happy,happy,p04,M18,p04:M18,M,False,24200,1,2,145692,6.020330579,NONE,
81c1efc1892bbb37,test,Happy/happy_p04_M18_130_133.wav,happy_p04_M18_130_133.wav,81c1efc1892bbb376251067f3cf92662cad8343fa3bbb17f7783ed2911b2a481,happy_p04_m18_130_133,raw,happy,happy,happy,p04,M18,p04:M18,M,False,24200,1,2,102105,4.219214876,NONE,
154ca8c6524fc7d0,test,Happy/happy_p04_M18_1549_1553.wav,happy_p04_M18_1549_1553.wav,154ca8c6524fc7d090b21f3ef53677744fc31fb0fa3eca2234eb0fdecfceb607,happy_p04_m18_1549_1553,raw,happy,happy,happy,p04,M18,p04:M18,M,False,24200,1,2,124578,5.14785124,NONE,
2a908902e3758525,test,Happy/happy_p04_M18_2359_2404.wav,happy_p04_M18_2359_2404.wav,2a908902e37585254429ce1600b21b27c3f326536587e8dac7e0c52920f3fbba,happy_p04_m18_2359_2404,raw,happy,happy,happy,p04,M18,p04:M18,M,False,24200,1,2,134876,5.57338843,NONE,
57745b63bc34217b,test,Happy/happy_p04_M18_2518_2522.wav,happy_p04_M18_2518_2522.wav,57745b63bc34217b83a7af941cf635ef49774b7668e614044a9b99bd9f890b6a,happy_p04_m18_2518_2522,raw,happy,happy,happy,p04,M18,p04:M18,M,False,24200,1,2,89917,3.715578512,NONE,
69a680fc6c98a444,test,Happy/happy_p04_M18_2612_2615.wav,happy_p04_M18_2612_2615.wav,69a680fc6c98a44452e3a3711a2dbd25e5e0a18d64e13269d6e6bba7650fd840,happy_p04_m18_2612_2615,raw,happy,happy,happy,p04,M18,p04:M18,M,False,24200,1,2,89623,3.703429752,NONE,
8c059d702443ad66,test,Happy/happy_p04_M18_5016_5017.wav,happy_p04_M18_5016_5017.wav,8c059d702443ad664ed76d669633300cc3342eb2427bda86ee7ddeabc2636e31,happy_p04_m18_5016_5017,raw,happy,happy,happy,p04,M18,p04:M18,M,False,24200,1,2,49032,2.026115702,NONE,
8e80673e6c4b9525,test,Happy/happy_p07_eb_F32_1442_1447_vocals.wav,happy_p07_eb_F32_1442_1447_vocals.wav,8e80673e6c4b9525a016430bd197055fe311fb01606edf1e6a16c4752d3062ba,happy_p07_eb_f32_1442_1447,processed,happy,happy,happy,p07,F32,p07:F32,F,True,24400,1,2,131218,5.377786885,NONE,
13b40b557bc78e33,test,Happy/happy_p07_F33_2610_2614_vocals.wav,happy_p07_F33_2610_2614_vocals.wav,13b40b557bc78e33bbb4460c83ca98a7e44b145295fd700a8441790d78b26080,happy_p07_f33_2610_2614,processed,happy,happy,happy,p07,F33,p07:F33,F,False,24400,1,2,99953,4.096434426,NONE,
3cdfc7828c5f6c88,test,Happy/happy_p07_F33_2650_2656_vocals.wav,happy_p07_F33_2650_2656_vocals.wav,3cdfc7828c5f6c88b107001a166a27af9420ab0a1b8734738c2a16886ab098d3,happy_p07_f33_2650_2656,processed,happy,happy,happy,p07,F33,p07:F33,F,False,24400,1,2,159778,6.548278689,NONE,
34988de9a1c91647,test,Happy/happy_p07_M19_2615_2619_vocals.wav,happy_p07_M19_2615_2619_vocals.wav,34988de9a1c9164748d81994058ff3817158471bf90a4672f66b9c55efe616e8,happy_p07_m19_2615_2619,processed,happy,happy,happy,p07,M19,p07:M19,M,False,24400,1,2,104816,4.295737705,NONE,
89a03b6e110eeade,test,Happy/happy_p10_F27_2028_2034_vocals.wav,happy_p10_F27_2028_2034_vocals.wav,89a03b6e110eeade32c6c704add107dfad84678dd8d9262e18fd071c1a4fee8a,happy_p10_f27_2028_2034,processed,happy,happy,happy,p10,F27,p10:F27,F,False,24200,1,2,159367,6.585413223,NONE,
6289d43b5462d18b,test,Happy/happy_p10_F27_2043_22048_vocals.wav,happy_p10_F27_2043_22048_vocals.wav,6289d43b5462d18b69f3ea1d4097f2bf5a7a16debf0ebdf84af67cb36eee020e,happy_p10_f27_2043_22048,processed,happy,happy,happy,p10,F27,p10:F27,F,False,24200,1,2,130264,5.382809917,NONE,
2d4a466d2561c287,test,Happy/happy_p10_F27_2050_2054_vocals.wav,happy_p10_F27_2050_2054_vocals.wav,2d4a466d2561c287378f865e9b0d3c18950a5bce6590b53b43e627b62aac9e50,happy_p10_f27_2050_2054,processed,happy,happy,happy,p10,F27,p10:F27,F,False,24200,1,2,109720,4.533884298,NONE,
04ad77f1f8487cef,test,Happy/happy_p10_F27_2104_2107_vocals.wav,happy_p10_F27_2104_2107_vocals.wav,04ad77f1f8487ceff5b502478e3bad6f09810e0cb6f7058877d1480ef962262e,happy_p10_f27_2104_2107,processed,happy,happy,happy,p10,F27,p10:F27,F,False,24200,1,2,79217,3.273429752,NONE,
0798648d070626fe,test,Happy/happy_p10_F28_1531_1535_vocals.wav,happy_p10_F28_1531_1535_vocals.wav,0798648d070626fec51218ea293e4d29ebb5892989a30db9d35fbb7de15aab49,happy_p10_f28_1531_1535,processed,happy,happy,happy,p10,F28,p10:F28,F,False,24200,1,2,122427,5.058966942,NONE,
4c843a2eb2a87528,test,Happy/happy_p10_F28_2733_2737.wav,happy_p10_F28_2733_2737.wav,4c843a2eb2a87528b0794e5697eaf5436f098df5f36f0dab05d18c02ebe070a9,happy_p10_f28_2733_2737,raw,happy,happy,happy,p10,F28,p10:F28,F,False,24200,1,2,103383,4.272024793,NONE,
1a8c7f5453334cba,test,Happy/happy_p10_F28_3202_3208.wav,happy_p10_F28_3202_3208.wav,1a8c7f5453334cba84bd189c1469ba3700f918ec2e623bd074ffc124c4068397,happy_p10_f28_3202_3208,raw,happy,happy,happy,p10,F28,p10:F28,F,False,24200,1,2,162046,6.696115702,NONE,
32f040e044f8ba63,test,Happy/happy_p10_F28_t10_14_19_vocals.wav,happy_p10_F28_t10_14_19_vocals.wav,32f040e044f8ba63492fc51e293a0278b4ae40d693ea94e79f47dc98b9a526e3,happy_p10_f28_t10_14_19,processed,happy,happy,happy,p10,F28,p10:F28,F,False,24200,1,2,126712,5.236033058,NONE,
201e002d0897c2a2,test,Happy/happy_p10_F29_3623_3630_vocals.wav,happy_p10_F29_3623_3630_vocals.wav,201e002d0897c2a2982a73106c9ea5cd22afd1ae8ccdfd4a1d1723cd6e24fa80,happy_p10_f29_3623_3630,processed,happy,happy,happy,p10,F29,p10:F29,F,False,24200,1,2,190697,7.880041322,NONE,
182e3c7d0052fc68,test,Happy/happy_p11_M27_1728_1731.wav,happy_p11_M27_1728_1731.wav,182e3c7d0052fc680e55dde98cd08937f79b9074d9351faa6b37355fc9aab3e8,happy_p11_m27_1728_1731,raw,happy,happy,happy,p11,M27,p11:M27,M,False,24200,1,2,101940,4.212396694,NONE,
9862a299f78b3924,test,Happy/happy_p11_M27_1921_1923_vocals.wav,happy_p11_M27_1921_1923_vocals.wav,9862a299f78b39244f4776f7c981656043aff3cfd30bf1af0dedef779df8df1e,happy_p11_m27_1921_1923,processed,happy,happy,happy,p11,M27,p11:M27,M,False,24200,1,2,66261,2.738057851,NONE,
450a875328c6af81,test,Happy/happy_p11_M27_1924_1927_vocals.wav,happy_p11_M27_1924_1927_vocals.wav,450a875328c6af819f86dccc65c0a7cd631fba163321e6e22fbae628a6397cdd,happy_p11_m27_1924_1927,processed,happy,happy,happy,p11,M27,p11:M27,M,False,24200,1,2,90436,3.737024793,NONE,
737a1780f16ff402,test,Happy/happy_p11_M27_1934_1936_vocals.wav,happy_p11_M27_1934_1936_vocals.wav,737a1780f16ff40286975a21ae502adbc806246298e95e8353a535266354d562,happy_p11_m27_1934_1936,processed,happy,happy,happy,p11,M27,p11:M27,M,False,24200,1,2,48057,1.985826446,NONE,
06d231c9fbfea65d,test,Happy/happy_p11_M27_3239_3243_vocals.wav,happy_p11_M27_3239_3243_vocals.wav,06d231c9fbfea65d961330f6cedc334f8fc22f84e85d9a2ceff0f1ad123e21f1,happy_p11_m27_3239_3243,processed,happy,happy,happy,p11,M27,p11:M27,M,False,24200,1,2,86649,3.58053719,NONE,
135ad535c6730236,test,Happy/happy_p11_M2_1804_1807.wav,happy_p11_M2_1804_1807.wav,135ad535c6730236fb9d9c5a79bdb7fbd952607dc6979fd94ad8ca5a934cd0da,happy_p11_m2_1804_1807,raw,happy,happy,happy,p11,M2,p11:M2,M,False,24200,1,2,86795,3.586570248,NONE,
21551301fff39f82,test,Happy/happy_p11_M2_1804_1807_vocals.wav,happy_p11_M2_1804_1807_vocals.wav,21551301fff39f820856ec2c01f75cefd28231cf1fe43120eddea688f6841ad2,happy_p11_m2_1804_1807,processed,happy,happy,happy,p11,M2,p11:M2,M,False,24200,1,2,86795,3.586570248,NONE,
d3b44c5846ed73ae,test,Happy/happy_p11_M2_1856_1902.wav,happy_p11_M2_1856_1902.wav,d3b44c5846ed73ae4cf7c1a64d5d68aeadf2270f74401c275ba7bd9fa85b140b,happy_p11_m2_1856_1902,raw,happy,happy,happy,p11,M2,p11:M2,M,False,24200,1,2,104852,4.332727273,NONE,
aedfa13a7cae54b2,test,Happy/happy_p11_M2_1856_1902_vocals.wav,happy_p11_M2_1856_1902_vocals.wav,aedfa13a7cae54b2239114f0b91bea5af6f145c9b2516d8d3ba1c8721e2643ce,happy_p11_m2_1856_1902,processed,happy,happy,happy,p11,M2,p11:M2,M,False,24200,1,2,104852,4.332727273,NONE,
71064ab1847742c5,test,Happy/happy_p11_M2_1858_1859_vocals.wav,happy_p11_M2_1858_1859_vocals.wav,71064ab1847742c5389e61384e565593ef769a9d4bda6e5511d17eb8ceb3c980,happy_p11_m2_1858_1859,processed,happy,happy,happy,p11,M2,p11:M2,M,False,24200,1,2,33640,1.390082645,NONE,
001aba68cfeb79f6,test,Happy/happy_p11_M2_3139_3143_vocals.wav,happy_p11_M2_3139_3143_vocals.wav,001aba68cfeb79f6398e3d7af5e5b0a17cd31fd73f8c035d1082ad927d037fd5,happy_p11_m2_3139_3143,processed,happy,happy,happy,p11,M2,p11:M2,M,False,24200,1,2,104707,4.326735537,NONE,
d3f383c18759769b,test,Happy/happy_p11_M2_3414_3417_vocals.wav,happy_p11_M2_3414_3417_vocals.wav,d3f383c18759769b323e5e20c95fcd2bc6951b813942c307caf465c6d1d44a05,happy_p11_m2_3414_3417,processed,happy,happy,happy,p11,M2,p11:M2,M,False,24200,1,2,75290,3.111157025,NONE,
2c92c73d4a41c405,test,Happy/happy_p11_M2_34273429_vocals.wav,happy_p11_M2_34273429_vocals.wav,2c92c73d4a41c405016219b0547f7814d593cc79a9f698631e66c8473f0a8ffe,happy_p11_m2_34273429,processed,happy,happy,happy,p11,M2,p11:M2,M,False,24200,1,2,109076,4.507272727,NONE,
90c6adddc19e4c70,test,Happy/happy_p11_M2_3434_3438_vocals.wav,happy_p11_M2_3434_3438_vocals.wav,90c6adddc19e4c70b549cc41a85026e6a529cf709fd6204e744b3275d53c0202,happy_p11_m2_3434_3438,processed,happy,happy,happy,p11,M2,p11:M2,M,False,24200,1,2,107182,4.429008264,NONE,
0a16839f3b5fdae9,test,Happy/happy_p11_M2_3444_3450_vocals.wav,happy_p11_M2_3444_3450_vocals.wav,0a16839f3b5fdae96319082ca9e7781bc55e674c25777b31bf815bf4e1d2bd9a,happy_p11_m2_3444_3450,processed,happy,happy,happy,p11,M2,p11:M2,M,False,24200,1,2,152240,6.290909091,NONE,
4f2239c4f4b02955,test,Happy/happy_p11_M2_4826_4831_vocals.wav,happy_p11_M2_4826_4831_vocals.wav,4f2239c4f4b02955fd53ef3241f32f06241bf7721e001c2aadfd182bc6943feb,happy_p11_m2_4826_4831,processed,happy,happy,happy,p11,M2,p11:M2,M,False,24200,1,2,133163,5.502603306,NONE,
2036480c564c268e,test,Neutral/neutral_p12_F34_26552657.wav,neutral_p12_F34_26552657.wav,2036480c564c268ec332984d576e8edf6b275b48ffb5b0e8c3906cdbd2135c2e,neutral_p12_f34_26552657,raw,neutral,neutral,neutral,p12,F34,p12:F34,F,False,24200,1,2,62982,2.602561983,NONE,
88917a6890fbc8b4,test,Neutral/neutral_p12_F34_2819_2822.wav,neutral_p12_F34_2819_2822.wav,88917a6890fbc8b437f6ea0f0f474e256f828c29510d62a0078c5058327d1345,neutral_p12_f34_2819_2822,raw,neutral,neutral,neutral,p12,F34,p12:F34,F,False,24200,1,2,86490,3.573966942,NONE,
6b8921320f83ce6a,test,Neutral/neutral_p12_F34_2820_2824.wav,neutral_p12_F34_2820_2824.wav,6b8921320f83ce6a892a26815db3e7d12d16fa5420dd599e3fab0b4178e9eec2,neutral_p12_f34_2820_2824,raw,neutral,neutral,neutral,p12,F34,p12:F34,F,False,24200,1,2,92776,3.833719008,NONE,
4ae1c35e1b0f2788,test,Neutral/neutral_p12_F34_2825_2828.wav,neutral_p12_F34_2825_2828.wav,4ae1c35e1b0f2788531d83937545938bfdaee0f60991da6bac7902f24ba4cafd,neutral_p12_f34_2825_2828,raw,neutral,neutral,neutral,p12,F34,p12:F34,F,False,24200,1,2,81336,3.360991736,NONE,
d8032d237efb916c,test,Neutral/neutral_p12_F35_3028_3032.wav,neutral_p12_F35_3028_3032.wav,d8032d237efb916c52a87c3579fff300920bfecde30e9ad4c7c9f72193b3efb4,neutral_p12_f35_3028_3032,raw,neutral,neutral,neutral,p12,F35,p12:F35,F,False,24200,1,2,117416,4.851900826,NONE,
c29b5596e765c439,test,Neutral/neutral_p12_F35_3033_3038.wav,neutral_p12_F35_3033_3038.wav,c29b5596e765c439e6cc27a74756781b17e4bfe1348984a8ce4c641d972f11fc,neutral_p12_f35_3033_3038,raw,neutral,neutral,neutral,p12,F35,p12:F35,F,False,24200,1,2,111004,4.586942149,NONE,
40fafb0b366d6425,test,Neutral/neutral_p12_F36_3133_3137.wav,neutral_p12_F36_3133_3137.wav,40fafb0b366d642557741d4f7d52f9c6b164a00cdda6f8beabc3b163dbe1d4d5,neutral_p12_f36_3133_3137,raw,neutral,neutral,neutral,p12,F36,p12:F36,F,False,24200,1,2,114902,4.748016529,NONE,
ba649313fe0f148e,test,Neutral/neutral_p12_F37_1449_1453.wav,neutral_p12_F37_1449_1453.wav,ba649313fe0f148e9f46f47332969de8cf9257257c619a5f8712d1924d94ae11,neutral_p12_f37_1449_1453,raw,neutral,neutral,neutral,p12,F37,p12:F37,F,False,24200,1,2,93886,3.879586777,NONE,
f001dc6f955323a4,test,Neutral/neutral_p12_M30_2901_2903.wav,neutral_p12_M30_2901_2903.wav,f001dc6f955323a434bf0e1ddb68854ca6bd63d3320534c1cf6ce436a4700c80,neutral_p12_m30_2901_2903,raw,neutral,neutral,neutral,p12,M30,p12:M30,M,False,24200,1,2,64868,2.680495868,NONE,
fd986ed72c1ec9c0,test,Neutral/neutral_p12_M30_2903_2906.wav,neutral_p12_M30_2903_2906.wav,fd986ed72c1ec9c09e143a2fa676be342060f8175d7f69fd93cc441f305e8694,neutral_p12_m30_2903_2906,raw,neutral,neutral,neutral,p12,M30,p12:M30,M,False,24200,1,2,86490,3.573966942,NONE,
431a42f737e298fb,test,Neutral/neutral_p12_M30_2907_2910.wav,neutral_p12_M30_2907_2910.wav,431a42f737e298fbc6f446c8910079d5063bf0d0748a4e62b06ab0dc70bc8150,neutral_p12_m30_2907_2910,raw,neutral,neutral,neutral,p12,M30,p12:M30,M,False,24200,1,2,67256,2.779173554,NONE,
3ea207ef9fdc20da,test,Neutral/neutral_p12_M30_2910_2914.wav,neutral_p12_M30_2910_2914.wav,3ea207ef9fdc20da9ac7f2dd77c35682055658a550c98b9616e480787905612d,neutral_p12_m30_2910_2914,raw,neutral,neutral,neutral,p12,M30,p12:M30,M,False,24200,1,2,88879,3.67268595,NONE,
ba9cb640d92cc199,test,Neutral/neutral_p12_M30_2914_2919.wav,neutral_p12_M30_2914_2919.wav,ba9cb640d92cc1998628f7e7b898a8c25fed3530b3a10fdc960090f2c9f891a1,neutral_p12_m30_2914_2919,raw,neutral,neutral,neutral,p12,M30,p12:M30,M,False,24200,1,2,111633,4.612933884,NONE,
1c2888ea2c01803f,test,Neutral/neutral_p12_M30_3144_3147.wav,neutral_p12_M30_3144_3147.wav,1c2888ea2c01803f01297aba4e7f3d9e739d304f6fdfcbf25fa3d551985026c7,neutral_p12_m30_3144_3147,raw,neutral,neutral,neutral,p12,M30,p12:M30,M,False,24200,1,2,71782,2.966198347,NONE,
d40bd2846e3a4c37,test,Neutral/neutral_p12_M30_3147_3151.wav,neutral_p12_M30_3147_3151.wav,d40bd2846e3a4c372ca369a53bcd0c69e19b6982a337acfaf90cf8704bf418af,neutral_p12_m30_3147_3151,raw,neutral,neutral,neutral,p12,M30,p12:M30,M,False,24200,1,2,112639,4.654504132,NONE,
f3dc4a2eb2ada61e,test,Neutral/neutral_p12_M30_3152_3155.wav,neutral_p12_M30_3152_3155.wav,f3dc4a2eb2ada61e3404044e90982395b5f785b5ed236cdc257810fe3d29ed6b,neutral_p12_m30_3152_3155,raw,neutral,neutral,neutral,p12,M30,p12:M30,M,False,24200,2,2,80456,3.324628099,NONE,
301257feb58450ff,test,Neutral/neutral_p12_M30_3222_3227.wav,neutral_p12_M30_3222_3227.wav,301257feb58450ff507af86537e059f3e6d8fa24fe39d8770db99b8c75e69106,neutral_p12_m30_3222_3227,raw,neutral,neutral,neutral,p12,M30,p12:M30,M,False,24200,1,2,119050,4.919421488,NONE,
b6412f8180a4be2f,test,Neutral/neutral_p12_M30_3227_3229.wav,neutral_p12_M30_3227_3229.wav,b6412f8180a4be2fd087fc24db1a1536da5b973f63dff535e2fd3fb32f9a7679,neutral_p12_m30_3227_3229,raw,neutral,neutral,neutral,p12,M30,p12:M30,M,False,24200,1,2,56194,2.322066116,NONE,
2e05014db2edc6a5,test,Neutral/neutral_p12_M30_3230_3233.wav,neutral_p12_M30_3230_3233.wav,2e05014db2edc6a5b11683ac99547de2d310b67319ae5aec8e81c7c4ecfbc6f9,neutral_p12_m30_3230_3233,raw,neutral,neutral,neutral,p12,M30,p12:M30,M,False,24200,1,2,89633,3.703842975,NONE,
0ff0dd1dd9a583f1,test,Neutral/neutral_p12_M30_3233_3235.wav,neutral_p12_M30_3233_3235.wav,0ff0dd1dd9a583f14216d8bb6531213bb79e1f96865e20bdf133d9b2f3a0743e,neutral_p12_m30_3233_3235,raw,neutral,neutral,neutral,p12,M30,p12:M30,M,False,24200,1,2,80833,3.340206612,NONE,
6072adf7eb54a48d,test,Neutral/neutral_p12_M30_3236_3239.wav,neutral_p12_M30_3236_3239.wav,6072adf7eb54a48d764d7f2360c6502d73a9e438da0c9931570b7fa48abf75a0,neutral_p12_m30_3236_3239,raw,neutral,neutral,neutral,p12,M30,p12:M30,M,False,24200,1,2,86364,3.568760331,NONE,
8655995cfc652f5d,test,Neutral/neutral_p12_M30_3240_3242.wav,neutral_p12_M30_3240_3242.wav,8655995cfc652f5dc0bc9dbae0e4b4ca7e9a482a57af0faab40775daf8e9ae92,neutral_p12_m30_3240_3242,raw,neutral,neutral,neutral,p12,M30,p12:M30,M,False,24200,1,2,50788,2.098677686,NONE,
f49f99ce268998ec,test,Neutral/neutral_p12_M30_3248_3251.wav,neutral_p12_M30_3248_3251.wav,f49f99ce268998eccd33f235f11668463808b0d569daba6c34a409f60048c862,neutral_p12_m30_3248_3251,raw,neutral,neutral,neutral,p12,M30,p12:M30,M,False,24200,1,2,80833,3.340206612,NONE,
0df91b97ee4f3016,test,Neutral/neutral_p12_M30_3250_3252.wav,neutral_p12_M30_3250_3252.wav,0df91b97ee4f3016f993696c7619d0091f1fb0cc75d71c925e895ae8c372eff4,neutral_p12_m30_3250_3252,raw,neutral,neutral,neutral,p12,M30,p12:M30,M,False,24200,1,2,54056,2.233719008,NONE,
de4f8c83c54ef8b1,test,Neutral/neutral_p12_M30_3253_3256.wav,neutral_p12_M30_3253_3256.wav,de4f8c83c54ef8b12c90e7dfc87af65f5c805b286d12b66b8754b3bb750477ef,neutral_p12_m30_3253_3256,raw,neutral,neutral,neutral,p12,M30,p12:M30,M,False,24200,1,2,76684,3.168760331,NONE,
747f0a40b1cb481e,test,Neutral/neutral_p12_M30_714_718.wav,neutral_p12_M30_714_718.wav,747f0a40b1cb481ec2b53a135f19b6b2921338008130472cc24f9b3bdf0ab2a0,neutral_p12_m30_714_718,raw,neutral,neutral,neutral,p12,M30,p12:M30,M,False,24200,1,2,106421,4.397561983,NONE,
ef0f859a00b9aa00,test,Neutral/neutral_p12_M30_719_722.wav,neutral_p12_M30_719_722.wav,ef0f859a00b9aa006eaba56661043727eb68ef2304319203d536070d3e36b28a,neutral_p12_m30_719_722,raw,neutral,neutral,neutral,p12,M30,p12:M30,M,False,24200,1,2,93375,3.858471074,NONE,
a31d845012f8c2a1,test,Neutral/neutral_p12_M31_1457_1500.wav,neutral_p12_M31_1457_1500.wav,a31d845012f8c2a1dcce9c24bda7de5a6889d13e11fa34efda05bf4068b1d27f,neutral_p12_m31_1457_1500,raw,neutral,neutral,neutral,p12,M31,p12:M31,M,False,24200,1,2,91200,3.768595041,NONE,
8cfb9911ab3953e0,test,Neutral/neutral_p12_M31_2607_2610.wav,neutral_p12_M31_2607_2610.wav,8cfb9911ab3953e0a27a8ef391195617a2caae5e508802b29f97fe820e67e8dd,neutral_p12_m31_2607_2610,raw,neutral,neutral,neutral,p12,M31,p12:M31,M,False,24200,1,2,67759,2.799958678,NONE,
5daa0e35e0aeb1ae,test,Neutral/neutral_p12_M31_2610_2614.wav,neutral_p12_M31_2610_2614.wav,5daa0e35e0aeb1ae4333b61e189e3f8298bfa577ba4cd0d2c12a7ed1bc4c3535,neutral_p12_m31_2610_2614,raw,neutral,neutral,neutral,p12,M31,p12:M31,M,False,24200,1,2,97679,4.036322314,NONE,
66eb95612c3f7f66,test,Neutral/neutral_p12_M31_2615_2620.wav,neutral_p12_M31_2615_2620.wav,66eb95612c3f7f663aead45eb7dd938120a29830b1c4c074057fe2e8f445dc92,neutral_p12_m31_2615_2620,raw,neutral,neutral,neutral,p12,M31,p12:M31,M,False,24200,1,2,135267,5.589545455,NONE,
79d41907bcdd8f5b,test,Neutral/neutral_p12_M31_2620_2624.wav,neutral_p12_M31_2620_2624.wav,79d41907bcdd8f5b82ef0aa1ae408a129d5679a2bd6ab748171a2fa8d7b4a069,neutral_p12_m31_2620_2624,raw,neutral,neutral,neutral,p12,M31,p12:M31,M,False,24200,1,2,92399,3.818140496,NONE,
5db2d648d891c7e6,test,Sad/sad_p01_F1_2611_2615.wav,sad_p01_F1_2611_2615.wav,5db2d648d891c7e69f464b2da4d557176b58545335c8b9c61529559e3c5118ea,sad_p01_f1_2611_2615,raw,sad,sad,sad,p01,F1,p01:F1,F,False,24200,2,2,116237,4.803181818,NONE,
6de56317648928d4,test,Sad/sad_p01_F1_2616_2619.wav,sad_p01_F1_2616_2619.wav,6de56317648928d49a2e5fe5720548880d4942c0daf3856f3a0e1ed1b2dde4b7,sad_p01_f1_2616_2619,raw,sad,sad,sad,p01,F1,p01:F1,F,False,24200,2,2,90810,3.752479339,NONE,
4f3caec311d3aa7a,test,Sad/sad_p01_F1_2844_2849.wav,sad_p01_F1_2844_2849.wav,4f3caec311d3aa7ae799ab57ed98324eb7cae00f0845c291bdc76c414cc64145,sad_p01_f1_2844_2849,raw,sad,sad,sad,p01,F1,p01:F1,F,False,24200,1,2,116523,4.815,NONE,
ea298bd51b243a53,test,Sad/sad_p01_F38_2811_2816.wav,sad_p01_F38_2811_2816.wav,ea298bd51b243a5364c62fbfe7e2989a6e22ea53f295881233450bbbb158b09d,sad_p01_f38_2811_2816,raw,sad,sad,sad,p01,F38,p01:F38,F,False,24200,1,2,144126,5.955619835,NONE,
9524ac70e94fff20,test,Sad/sad_p01_M35_1933_1937.wav,sad_p01_M35_1933_1937.wav,9524ac70e94fff200c9090dd9efc1252dc0bb7c1ded3e0627cce6e4169c9cc42,sad_p01_m35_1933_1937,raw,sad,sad,sad,p01,M35,p01:M35,M,False,24200,1,2,106820,4.414049587,NONE,
aaf7f73a9fa3b009,test,Sad/sad_p01_M35_2303_2306.wav,sad_p01_M35_2303_2306.wav,aaf7f73a9fa3b009543c383f7ce1b1600c5b27590cb83354d266a4d61073b646,sad_p01_m35_2303_2306,raw,sad,sad,sad,p01,M35,p01:M35,M,False,24200,1,2,89753,3.708801653,NONE,
a674a82c59021ae1,test,Sad/sad_p01_M35_3047_3051.wav,sad_p01_M35_3047_3051.wav,a674a82c59021ae12f358efb1cec190d98e77668bf70e102bc2590bd97f2cdf4,sad_p01_m35_3047_3051,raw,sad,sad,sad,p01,M35,p01:M35,M,False,24200,1,2,95255,3.936157025,NONE,
b9774f38499bad0e,test,Sad/sad_p02_F2_5705_5712.wav,sad_p02_F2_5705_5712.wav,b9774f38499bad0efd458ff8751edec6a07d2a4ee46e9b822b2ccaff074e7431,sad_p02_f2_5705_5712,raw,sad,sad,sad,p02,F2,p02:F2,F,False,24200,1,2,165380,6.833884298,NONE,
46c0398c1a400954,test,Sad/sad_p02_F39_5028_5032.wav,sad_p02_F39_5028_5032.wav,46c0398c1a400954f6ec7cc458d62863cd4dc1a79c3469094c44ac97476a4437,sad_p02_f39_5028_5032,raw,sad,sad,sad,p02,F39,p02:F39,F,False,24200,1,2,111920,4.624793388,NONE,
d21794f1cf01b4cf,test,Sad/sad_p02_F3_10139_10144.wav,sad_p02_F3_10139_10144.wav,d21794f1cf01b4cf3ca8db89a4eff53ac12c681747c2f7c7199ffbd68f4ac669,sad_p02_f3_10139_10144,raw,sad,sad,sad,p02,F3,p02:F3,F,False,24200,1,2,138494,5.722892562,NONE,
dace76e1c2275cc0,test,Sad/sad_p02_M1_12031_12036.wav,sad_p02_M1_12031_12036.wav,dace76e1c2275cc0d11465dcf43e91c9915be732bdde4148902aab222880aad5,sad_p02_m1_12031_12036,raw,sad,sad,sad,p02,M1,p02:M1,M,False,24200,1,2,123488,5.102809917,NONE,
5a04d9e26501f94c,test,Sad/sad_p02_M1_4801_4807.wav,sad_p02_M1_4801_4807.wav,5a04d9e26501f94c763f31966d5f3b53a20830dc397bcf0b1af8298d7d07145d,sad_p02_m1_4801_4807,raw,sad,sad,sad,p02,M1,p02:M1,M,False,24200,1,2,161629,6.678884298,NONE,
bee98a681c1e39a3,test,Sad/sad_p02_M1_4819_4821.wav,sad_p02_M1_4819_4821.wav,bee98a681c1e39a3093400840f26207ec24aeba8a7b90fd484b0d269ebb73fa9,sad_p02_m1_4819_4821,raw,sad,sad,sad,p02,M1,p02:M1,M,False,24200,1,2,60650,2.506198347,NONE,
de7592f6b14c483c,test,Sad/sad_p02_M2_12015_12023.wav,sad_p02_M2_12015_12023.wav,de7592f6b14c483cb90b2d32f75bed0d2440af5589ab741f040a8dd209f6bbc0,sad_p02_m2_12015_12023,raw,sad,sad,sad,p02,M2,p02:M2,M,False,24200,1,2,214462,8.862066116,NONE,
aa9ab2c92e7d0a9c,test,Sad/sad_p02_M2_12051_12053.wav,sad_p02_M2_12051_12053.wav,aa9ab2c92e7d0a9c170310b8e83d648685fdc5869da82e6e1186f4724c437e90,sad_p02_m2_12051_12053,raw,sad,sad,sad,p02,M2,p02:M2,M,False,24200,1,2,73780,3.048760331,NONE,
7989418d3f2ddf07,test,Sad/sad_p02_M2_12051_12100.wav,sad_p02_M2_12051_12100.wav,7989418d3f2ddf077da7b1c1c57d5713a40de0d2ed4d761ebbbce5c95d716815,sad_p02_m2_12051_12100,raw,sad,sad,sad,p02,M2,p02:M2,M,False,24200,1,2,239785,9.908471074,NONE,
f09480127c74f99f,test,Sad/sad_p04_F8_13745_13749.wav,sad_p04_F8_13745_13749.wav,f09480127c74f99f8d582108e32eeb26b95e18e548d2320e4941ce202dfde816,sad_p04_f8_13745_13749,raw,sad,sad,sad,p04,F8,p04:F8,F,False,24200,2,2,113945,4.708471074,NONE,
e26d7942cdb001c2,test,Sad/sad_p04_F8_13806_13810.wav,sad_p04_F8_13806_13810.wav,e26d7942cdb001c20a3aef42b55764fb7a95d702d8b3e4c27f3f81bafccf8163,sad_p04_f8_13806_13810,raw,sad,sad,sad,p04,F8,p04:F8,F,False,24200,1,2,102635,4.241115702,NONE,
da6b8f346caf2794,test,Sad/sad_p06_eb_M36_1953_1957.wav,sad_p06_eb_M36_1953_1957.wav,da6b8f346caf2794ab168d84d293b72da27d36be00a933d9889666380ddf79c0,sad_p06_eb_m36_1953_1957,raw,sad,sad,sad,p06,M36,p06:M36,M,True,24200,1,2,127445,5.266322314,NONE,
14bfd15c72d85678,test,Sad/sad_p06_F9_1918_1925.wav,sad_p06_F9_1918_1925.wav,14bfd15c72d856787c20d433003098fc00ea5b55b934a52d03a91877ba25d986,sad_p06_f9_1918_1925,raw,sad,sad,sad,p06,F9,p06:F9,F,False,24200,1,2,183227,7.571363636,NONE,
abf524de730fc4b0,test,Sad/sad_p06_F9_1934_1941.wav,sad_p06_F9_1934_1941.wav,abf524de730fc4b01a0818db47783bb1f0611f00cbc3920f291f2dc784a6b109,sad_p06_f9_1934_1941,raw,sad,sad,sad,p06,F9,p06:F9,F,False,24200,1,2,192999,7.975165289,NONE,
999d03d44bd75531,test,Sad/sad_p06_F9_2607_2611.wav,sad_p06_F9_2607_2611.wav,999d03d44bd7553186442fdf3b16997f12867ffbf0bd2e19dffd2801e7f83b53,sad_p06_f9_2607_2611,raw,sad,sad,sad,p06,F9,p06:F9,F,False,24200,1,2,120115,4.963429752,NONE,
90a02b136765870d,test,Sad/sad_p06_F9_2628_2633.wav,sad_p06_F9_2628_2633.wav,90a02b136765870d7ca6f67f79d87903ceafecdfd681f81d11f8168ec2c50eb5,sad_p06_f9_2628_2633,raw,sad,sad,sad,p06,F9,p06:F9,F,False,24200,1,2,115636,4.778347107,NONE,
1dc5ed869df2650f,test,Sad/sad_p06_F9_2728_2733.wav,sad_p06_F9_2728_2733.wav,1dc5ed869df2650f36e9a92d5badd43fdbc23a4e66cef8e5f6325d213d90fdca,sad_p06_f9_2728_2733,raw,sad,sad,sad,p06,F9,p06:F9,F,False,24200,1,2,146582,6.057107438,NONE,
f33e1b5858c8e7f7,test,Sad/sad_p06_F9_2824_2829.wav,sad_p06_F9_2824_2829.wav,f33e1b5858c8e7f76dc7c84fb4875b4e43702e2303bb55d672817dac514b7034,sad_p06_f9_2824_2829,raw,sad,sad,sad,p06,F9,p06:F9,F,False,24200,1,2,134366,5.55231405,NONE,
4fb31fb761bc0e6a,test,Sad/sad_p06_F9_3232_3237.wav,sad_p06_F9_3232_3237.wav,4fb31fb761bc0e6a6d3b353786758f4760cb46086874d00b4dd54760b8815394,sad_p06_f9_3232_3237,raw,sad,sad,sad,p06,F9,p06:F9,F,False,24200,1,2,143324,5.922479339,NONE,
a64b5d746622fb6c,test,Sad/sad_p06_F9_406_413.wav,sad_p06_F9_406_413.wav,a64b5d746622fb6cd01f503301af72a84158103a8e7230e8cbf29e949df9a215,sad_p06_f9_406_413,raw,sad,sad,sad,p06,F9,p06:F9,F,False,24200,1,2,199107,8.227561983,NONE,
422302fdeb2f2ec2,test,Sad/sad_p06_M20_4343_4348.wav,sad_p06_M20_4343_4348.wav,422302fdeb2f2ec24f8a43966699ef237bce3634a54c4e389d666573a8f432f0,sad_p06_m20_4343_4348,raw,sad,sad,sad,p06,M20,p06:M20,M,False,24200,1,2,144139,5.956157025,NONE,
8402210a1d80eb25,test,Sad/sad_p07_F17_13320_13328.wav,sad_p07_F17_13320_13328.wav,8402210a1d80eb2548303061c7c7a3df97a988a51f16f7c44251598ba21e3293,sad_p07_f17_13320_13328,raw,sad,sad,sad,p07,F17,p07:F17,F,False,24200,1,2,197522,8.162066116,NONE,
1dc77b0632784b56,test,Sad/sad_p07_F17_13405_13413.wav,sad_p07_F17_13405_13413.wav,1dc77b0632784b564fb8a6a0b320e4a2f24ea13e38a5925d693b6508920bbddc,sad_p07_f17_13405_13413,raw,sad,sad,sad,p07,F17,p07:F17,F,False,24200,1,2,280226,11.579586777,NONE,
483f083bbfa72d32,test,Sad/sad_p07_F17_13456_13502.wav,sad_p07_F17_13456_13502.wav,483f083bbfa72d325e18dae08f97c276fd672d07805444f6d8ba8e34ed2bd22c,sad_p07_f17_13456_13502,raw,sad,sad,sad,p07,F17,p07:F17,F,False,24200,1,2,157705,6.516735537,NONE,
270c34b11c684d9c,test,Sad/sad_p07_F17_5132_5140.wav,sad_p07_F17_5132_5140.wav,270c34b11c684d9cf431686771f3518f5150a1a912e3e9c409d46eb3ac86e71c,sad_p07_f17_5132_5140,raw,sad,sad,sad,p07,F17,p07:F17,F,False,24200,1,2,205743,8.50177686,NONE,
a62c9a8ec58060be,test,Sad/sad_p07_F33_12225_12232.wav,sad_p07_F33_12225_12232.wav,a62c9a8ec58060be6877a05cb3e59aa2bc969bf5fc3a8453bb6de71b267f7811,sad_p07_f33_12225_12232,raw,sad,sad,sad,p07,F33,p07:F33,F,False,24200,1,2,164172,6.783966942,NONE,
20c6b2883938f229,test,Sad/sad_p07_F33_12253_12300.wav,sad_p07_F33_12253_12300.wav,20c6b2883938f229fa1a2fe8f2a525592acb2bd5a067154b4e4952d188376236,sad_p07_f33_12253_12300,raw,sad,sad,sad,p07,F33,p07:F33,F,False,24200,1,2,201991,8.346735537,NONE,
0bdb35e8cc086e74,test,Sad/sad_p07_F33_12359_12405.wav,sad_p07_F33_12359_12405.wav,0bdb35e8cc086e74ca5fad27570f937ec5e40d4fd7e723ccf097771dbcc7124a,sad_p07_f33_12359_12405,raw,sad,sad,sad,p07,F33,p07:F33,F,False,24200,1,2,171220,7.075206612,NONE,
6bcdc25142e007fb,test,Sad/sad_p07_F33_12409_12412_vocals.wav,sad_p07_F33_12409_12412_vocals.wav,6bcdc25142e007fb987cfc94f8dcd035e9b0619f153b088d4dc50ed335d85644,sad_p07_f33_12409_12412,processed,sad,sad,sad,p07,F33,p07:F33,F,False,24400,1,2,93424,3.828852459,NONE,
fa4fa7d7e51ef38c,test,Sad/sad_p07_F33_12447_12452.wav,sad_p07_F33_12447_12452.wav,fa4fa7d7e51ef38cdfd6c49bfc8f942f55c969390be695aa87cdf8cb3425ec43,sad_p07_f33_12447_12452,raw,sad,sad,sad,p07,F33,p07:F33,F,False,24200,1,2,161593,6.677396694,NONE,
2317f0c4ff094968,test,Sad/sad_p07_F33_12459_12505.wav,sad_p07_F33_12459_12505.wav,2317f0c4ff0949684795ed154e07073bebe0ffeb9ab0480a4fdd97e8f7a315ea,sad_p07_f33_12459_12505,raw,sad,sad,sad,p07,F33,p07:F33,F,False,24200,1,2,195287,8.069710744,NONE,
c2fc1ecb39e73fcf,test,Sad/sad_p07_F33_13934_13940.wav,sad_p07_F33_13934_13940.wav,c2fc1ecb39e73fcf342cb8956eab2edc7b51676c39d6d52f1a25fb60847a5891,sad_p07_f33_13934_13940,raw,sad,sad,sad,p07,F33,p07:F33,F,False,24200,1,2,129558,5.353636364,NONE,
ff3866dfa3e1eb3e,test,Sad/sad_p07_F33_2329_2333.wav,sad_p07_F33_2329_2333.wav,ff3866dfa3e1eb3eba989a32528a20b630ac95d4211a568b9e5b57ffc21320a1,sad_p07_f33_2329_2333,raw,sad,sad,sad,p07,F33,p07:F33,F,False,24200,1,2,105606,4.363884298,NONE,
43ff1e8f6fb4d103,test,Sad/sad_p07_F33_2339_2337.wav,sad_p07_F33_2339_2337.wav,43ff1e8f6fb4d1038f2ff9ca648740dc0222a87d0d228cf156c9573f4ab2164b,sad_p07_f33_2339_2337,raw,sad,sad,sad,p07,F33,p07:F33,F,False,24200,1,2,207673,8.581528926,NONE,
9fbef3ebae53c1a9,test,Sad/sad_p07_F33_5750_5757.wav,sad_p07_F33_5750_5757.wav,9fbef3ebae53c1a97421849be7865bc47adda14682c6516250c899a3bfdbe018,sad_p07_f33_5750_5757,raw,sad,sad,sad,p07,F33,p07:F33,F,False,24200,1,2,157639,6.514008264,NONE,
dfeca96910951e10,test,Sad/sad_p07_F43_11712_11717.wav,sad_p07_F43_11712_11717.wav,dfeca96910951e10c4e8c38cabc8e8a9bfc77f402c945286d17f10b7ff15ccb1,sad_p07_f43_11712_11717,raw,sad,sad,sad,p07,F43,p07:F43,F,False,24200,1,2,137526,5.682892562,NONE,
83bf6f36044d3405,test,Sad/sad_p07_F44_12540_12544.wav,sad_p07_F44_12540_12544.wav,83bf6f36044d3405a5176479875dc60b9ca2c109d382186a5a9ebe32c71b3c8c,sad_p07_f44_12540_12544,raw,sad,sad,sad,p07,F44,p07:F44,F,False,24200,1,2,111396,4.603140496,NONE,
540687ed421530e7,test,Sad/sad_p07_M19_1045_1051.wav,sad_p07_M19_1045_1051.wav,540687ed421530e7328740bacb338e4ae24dd88e6ab99f163a3e37bb62d1d88c,sad_p07_m19_1045_1051,raw,sad,sad,sad,p07,M19,p07:M19,M,False,24200,1,2,134618,5.562727273,NONE,
11ef4b89525cf938,test,Sad/sad_p07_M19_1052_1057.wav,sad_p07_M19_1052_1057.wav,11ef4b89525cf938d69da5c0a95dfae032d48d1ef103c7e0de7f7a0149d58610,sad_p07_m19_1052_1057,raw,sad,sad,sad,p07,M19,p07:M19,M,False,24200,1,2,118040,4.87768595,NONE,
722e467b31938720,test,Sad/sad_p07_M19_12306_12311.wav,sad_p07_M19_12306_12311.wav,722e467b319387206054b94d06c317bcae709de02d9dcc7deeb3ca9f102777ba,sad_p07_m19_12306_12311,raw,sad,sad,sad,p07,M19,p07:M19,M,False,24200,1,2,128243,5.299297521,NONE,
a5cd8e2e259e1725,test,Sad/sad_p07_M19_12417_12421.wav,sad_p07_M19_12417_12421.wav,a5cd8e2e259e17253b2d142c6341c495d47e4916569ee6655d07ef971d8b7d94,sad_p07_m19_12417_12421,raw,sad,sad,sad,p07,M19,p07:M19,M,False,24200,1,2,139589,5.768140496,NONE,
f291be7aa27cdb10,test,Sad/sad_p07_M19_12421_12425_vocals.wav,sad_p07_M19_12421_12425_vocals.wav,f291be7aa27cdb106d570d6c23d48c3cdfafb8b7dde8d7522092a0841a342079,sad_p07_m19_12421_12425,processed,sad,sad,sad,p07,M19,p07:M19,M,False,24400,1,2,111970,4.588934426,NONE,
60273701c9f42c30,test,Sad/sad_p07_M19_12429_12436.wav,sad_p07_M19_12429_12436.wav,60273701c9f42c309d8da49ecd11a6098a22f520fa052f52291ea4d301ceb439,sad_p07_m19_12429_12436,raw,sad,sad,sad,p07,M19,p07:M19,M,False,24200,1,2,162281,6.705826446,NONE,
b1bdc17307239e72,test,Sad/sad_p07_M19_13223_13236.wav,sad_p07_M19_13223_13236.wav,b1bdc17307239e72905ee910e85736e68ba96430a069f888535784e24f363310,sad_p07_m19_13223_13236,raw,sad,sad,sad,p07,M19,p07:M19,M,False,24200,1,2,102285,4.226652893,NONE,
bb4885bb0d7831aa,test,Sad/sad_p07_M19_13352_13356.wav,sad_p07_M19_13352_13356.wav,bb4885bb0d7831aaf5b8dfdf1dcd44ba747e38b50cc47eb3f3f5ae179dee6369,sad_p07_m19_13352_13356,raw,sad,sad,sad,p07,M19,p07:M19,M,False,24200,1,2,103488,4.276363636,NONE,
6b4c5f34779840b0,test,Sad/sad_p07_M19_1715_1722.wav,sad_p07_M19_1715_1722.wav,6b4c5f34779840b0aea83f2a8c4d2cd859e4b45995795f368ec9dc48f031cf68,sad_p07_m19_1715_1722,raw,sad,sad,sad,p07,M19,p07:M19,M,False,24200,1,2,169765,7.015082645,NONE,
abb65ccf4022460d,test,Sad/sad_p07_M19_2234_2247.wav,sad_p07_M19_2234_2247.wav,abb65ccf4022460d8459034236d394f6ea1ba04246c45bbcae20474c8914faa2,sad_p07_m19_2234_2247,raw,sad,sad,sad,p07,M19,p07:M19,M,False,24200,1,2,112071,4.631033058,NONE,
52af384502eea549,test,Sad/sad_p07_M19_2308_2311.wav,sad_p07_M19_2308_2311.wav,52af384502eea549828ab14d80550bab56ecc4abe88da73551e63d5da217c128,sad_p07_m19_2308_2311,raw,sad,sad,sad,p07,M19,p07:M19,M,False,24200,1,2,87370,3.610330579,NONE,
bbb1831e0adefe92,test,Sad/sad_p07_M19_2530_2536.wav,sad_p07_M19_2530_2536.wav,bbb1831e0adefe92aae8b3640fd6ba2866c9af99254934d3480d0b4eb6063478,sad_p07_m19_2530_2536,raw,sad,sad,sad,p07,M19,p07:M19,M,False,24200,1,2,154368,6.378842975,NONE,
5535f734595ce178,test,Sad/sad_p07_M19_2644_2649.wav,sad_p07_M19_2644_2649.wav,5535f734595ce178406a1bc5470f622cd6d7ae4f3e7be55028183651ab8f7c33,sad_p07_m19_2644_2649,raw,sad,sad,sad,p07,M19,p07:M19,M,False,24200,1,2,124941,5.16285124,NONE,
2cb55c4244ea1646,test,Sad/sad_p07_M19_3227_3230.wav,sad_p07_M19_3227_3230.wav,2cb55c4244ea1646eea408985d7ed920bc05e28cf42d31b14a78889a9fd5975c,sad_p07_m19_3227_3230,raw,sad,sad,sad,p07,M19,p07:M19,M,False,24200,1,2,82973,3.428636364,NONE,
286c7551e2ae5941,test,Sad/sad_p07_M19_5028_5035.wav,sad_p07_M19_5028_5035.wav,286c7551e2ae59417952cc22832361eca48b954c86ccc9066ba12721222107c1,sad_p07_m19_5028_5035,raw,sad,sad,sad,p07,M19,p07:M19,M,False,24200,1,2,181382,7.495123967,NONE,
bae3c31ecd22aa9c,test,Sad/sad_p07_M19_5038_5046.wav,sad_p07_M19_5038_5046.wav,bae3c31ecd22aa9c2ade8d7dba9a8fe5df75600a5d2ff3b00830e4482b3b8baf,sad_p07_m19_5038_5046,raw,sad,sad,sad,p07,M19,p07:M19,M,False,24200,1,2,188618,7.794132231,NONE,
25baf9e7fef9adb5,test,Sad/sad_p07_M19_5048_5055.wav,sad_p07_M19_5048_5055.wav,25baf9e7fef9adb522103eabb1d631f948f1657640e433b219032a08038623ad,sad_p07_m19_5048_5055,raw,sad,sad,sad,p07,M19,p07:M19,M,False,24200,1,2,158951,6.56822314,NONE,
cc6a4d0f82b01cdb,test,Sad/sad_p09_F19_1811_1816_vocals.wav,sad_p09_F19_1811_1816_vocals.wav,cc6a4d0f82b01cdb8f7f0e4227bf588e29f971f1a6b5954ed81090dc1b62385e,sad_p09_f19_1811_1816,processed,sad,sad,sad,p09,F19,p09:F19,F,False,24200,1,2,144980,5.990909091,NONE,
23183e61efe763f9,test,Sad/sad_p09_F19_1831_1836_vocals.wav,sad_p09_F19_1831_1836_vocals.wav,23183e61efe763f9013f482205dc5ba0d49b175ebd318a10b9b094e781853c9d,sad_p09_f19_1831_1836,processed,sad,sad,sad,p09,F19,p09:F19,F,False,24200,1,2,127034,5.249338843,NONE,
5dfcaca4c4c2e8f8,test,Sad/sad_p09_F19_1837_1843_vocals.wav,sad_p09_F19_1837_1843_vocals.wav,5dfcaca4c4c2e8f8f450f0a6033f2baf2192dc7d8e4864c1c1499707d0481774,sad_p09_f19_1837_1843,processed,sad,sad,sad,p09,F19,p09:F19,F,False,24200,1,2,137520,5.682644628,NONE,
88a83875d747df9c,test,Sad/sad_p09_F21_1552_1558_vocals.wav,sad_p09_F21_1552_1558_vocals.wav,88a83875d747df9c1fed1200505e114f35d03c216b1724fbf930a6ce6134ce5a,sad_p09_f21_1552_1558,processed,sad,sad,sad,p09,F21,p09:F21,F,False,24200,1,2,167766,6.932479339,NONE,
7ce0a13c47956fbc,test,Sad/sad_p09_F21_1629_1635.wav,sad_p09_F21_1629_1635.wav,7ce0a13c47956fbc9ab582994b6cf1a8108003d340ca58ddaee86c27353ed0cf,sad_p09_f21_1629_1635,raw,sad,sad,sad,p09,F21,p09:F21,F,False,24200,1,2,173210,7.157438017,NONE,
cd13e3199712fbdb,test,Sad/sad_p09_F21_1638_1644.wav,sad_p09_F21_1638_1644.wav,cd13e3199712fbdbe2557edadbbdd2db5bc8bc6774fdba8c063c60605a3fa5b6,sad_p09_f21_1638_1644,raw,sad,sad,sad,p09,F21,p09:F21,F,False,24200,1,2,158894,6.565867769,NONE,
abcd58b7d13ad86c,test,Sad/sad_p09_F21_1708_1714_vocals.wav,sad_p09_F21_1708_1714_vocals.wav,abcd58b7d13ad86c825f13b323182aa339ff62ad5130d8c6a4dfea380208d651,sad_p09_f21_1708_1714,processed,sad,sad,sad,p09,F21,p09:F21,F,False,24200,1,2,152844,6.315867769,NONE,
5ab84c0edcd71eda,test,Sad/sad_p09_F21_1732_1735_vocals.wav,sad_p09_F21_1732_1735_vocals.wav,5ab84c0edcd71eda609e6b79ea821aba25a5602e4ce8f7dead9cde9020225cc5,sad_p09_f21_1732_1735,processed,sad,sad,sad,p09,F21,p09:F21,F,False,24200,1,2,65130,2.691322314,NONE,
c9c372258060a5cb,test,Sad/sad_p09_F21_1805_1808_vocals.wav,sad_p09_F21_1805_1808_vocals.wav,c9c372258060a5cbc3f77bccdb19bd3c09a1d649e1f04b14d0476c2a77825c1c,sad_p09_f21_1805_1808,processed,sad,sad,sad,p09,F21,p09:F21,F,False,24200,1,2,79245,3.274586777,NONE,
252dff08d86966a0,test,Sad/sad_p09_F21_2406_2412_vocals.wav,sad_p09_F21_2406_2412_vocals.wav,252dff08d86966a08a4c5abf538cdef4f3f021ec3803eee877b6438b8cb847c7,sad_p09_f21_2406_2412,processed,sad,sad,sad,p09,F21,p09:F21,F,False,24200,1,2,160708,6.640826446,NONE,
47d1dfd2c38ae629,test,Sad/sad_p09_F21_3320_3327_vocals.wav,sad_p09_F21_3320_3327_vocals.wav,47d1dfd2c38ae629cda52bb67b66258d2b8a085c58eccd8078c00d370f5f0d76,sad_p09_f21_3320_3327,processed,sad,sad,sad,p09,F21,p09:F21,F,False,24200,1,2,188132,7.774049587,NONE,
375fdf041b5ecd7f,test,Sad/sad_p09_F22_2140_2144.wav,sad_p09_F22_2140_2144.wav,375fdf041b5ecd7fe08cc236f9215cb9fba2312dcce36948ae5b99c80f989863,sad_p09_f22_2140_2144,raw,sad,sad,sad,p09,F22,p09:F22,F,False,24200,1,2,106477,4.399876033,NONE,
550e48fd68f68c51,test,Sad/sad_p09_M25_2507_2511_vocals.wav,sad_p09_M25_2507_2511_vocals.wav,550e48fd68f68c5182ddfa3df9297859f86e6b986aefd03c56d1a87049095f14,sad_p09_m25_2507_2511,processed,sad,sad,sad,p09,M25,p09:M25,M,False,24200,1,2,102837,4.24946281,NONE,
0273818ad97bd6ef,test,Sad/sad_p09_M32_806_809_vocals.wav,sad_p09_M32_806_809_vocals.wav,0273818ad97bd6ef0c551bbe52703080f7b2b7fc3f7f7b9494398f7b6d7e1a58,sad_p09_m32_806_809,processed,sad,sad,sad,p09,M32,p09:M32,M,False,24200,1,2,89730,3.70785124,NONE,
851d1be68aeb4946,test,Sad/sad_p10_F27_448_458_vocals.wav,sad_p10_F27_448_458_vocals.wav,851d1be68aeb494669a5fd3e1a710b18e4af915bb5a804c95176a270b671387a,sad_p10_f27_448_458,processed,sad,sad,sad,p10,F27,p10:F27,F,False,24200,1,2,213057,8.804008264,NONE,
c67f082d80055085,test,Sad/sad_p10_F27_458_504_vocals.wav,sad_p10_F27_458_504_vocals.wav,c67f082d800550851611a3e3fe494856af14bdd75d828d6e43c4a618cc475447,sad_p10_f27_458_504,processed,sad,sad,sad,p10,F27,p10:F27,F,False,24200,1,2,151164,6.246446281,NONE,
d2d646d2f51fb16c,test,Sad/sad_p10_F28_2316_2321_vocals.wav,sad_p10_F28_2316_2321_vocals.wav,d2d646d2f51fb16cba77532e3e0b131eaa06a49b008102e0f0f2fe45900a3d48,sad_p10_f28_2316_2321,processed,sad,sad,sad,p10,F28,p10:F28,F,False,24200,1,2,131099,5.41731405,NONE,
d33ef2ed3cc1b3d3,test,Sad/sad_p10_F28_2331_2335.wav,sad_p10_F28_2331_2335.wav,d33ef2ed3cc1b3d354d4b66ea91fd2cdf50d01a80525aeed0ad84102485ae8de,sad_p10_f28_2331_2335,raw,sad,sad,sad,p10,F28,p10:F28,F,False,24200,1,2,108314,4.475785124,NONE,
f845e6dff4e16128,test,Sad/sad_p10_F28_258_204_vocals.wav,sad_p10_F28_258_204_vocals.wav,f845e6dff4e161281d816e4ec415967623c283fa3e6158b4319e1c4eeab97239,sad_p10_f28_258_204,processed,sad,sad,sad,p10,F28,p10:F28,F,False,24200,1,2,159359,6.585082645,NONE,
4fa9a4a94e68af54,test,Sad/sad_p10_F28_314_318_vocals.wav,sad_p10_F28_314_318_vocals.wav,4fa9a4a94e68af5447281e2ead97e1335ffaba560e6abdbbdee5c510a80d7cd5,sad_p10_f28_314_318,processed,sad,sad,sad,p10,F28,p10:F28,F,False,24200,1,2,88550,3.659090909,NONE,
14cec7d07ef09163,test,Sad/sad_p10_F28_3352_3401.wav,sad_p10_F28_3352_3401.wav,14cec7d07ef09163c31eb79ef372670a6ddbef41db4b0be7ce1cdd05c616d7a5,sad_p10_f28_3352_3401,raw,sad,sad,sad,p10,F28,p10:F28,F,False,24200,1,2,232791,9.61946281,NONE,
234670aadc69bf63,test,Sad/sad_p10_F28_3352_3401_vocals.wav,sad_p10_F28_3352_3401_vocals.wav,234670aadc69bf632d8a9211c8a6d2c6d060620f34b1b8727cc92dd213aaac44,sad_p10_f28_3352_3401,processed,sad,sad,sad,p10,F28,p10:F28,F,False,24200,1,2,232791,9.61946281,NONE,
f7f91a4ecef53805,test,Sad/sad_p10_F28_336_341_vocals.wav,sad_p10_F28_336_341_vocals.wav,f7f91a4ecef53805b2b62ea50efb1f666344cef75283d258de1da690904a2d04,sad_p10_f28_336_341,processed,sad,sad,sad,p10,F28,p10:F28,F,False,24200,1,2,129739,5.361115702,NONE,
01001e0ff3318b2a,test,Sad/sad_p10_F28_3401_3410_vocals.wav,sad_p10_F28_3401_3410_vocals.wav,01001e0ff3318b2a6e8c2d5bb0a64e046cb9d7809a01f4a21c2da8156b23f178,sad_p10_f28_3401_3410,processed,sad,sad,sad,p10,F28,p10:F28,F,False,24200,1,2,227689,9.408636364,NONE,
1c78327c0c972150,test,Sad/sad_p10_F28_3437_3442_vocals.wav,sad_p10_F28_3437_3442_vocals.wav,1c78327c0c9721501756f9e787ae1191e17ac0f03da38ea80d3618aedd92f5da,sad_p10_f28_3437_3442,processed,sad,sad,sad,p10,F28,p10:F28,F,False,24200,1,2,154025,6.364669421,NONE,
da5597105312597e,test,Sad/sad_p10_F28_3717_3725_vocals.wav,sad_p10_F28_3717_3725_vocals.wav,da5597105312597ea076b47d4a82016786c99cdc06e4c745f53c9fc50b1aca5f,sad_p10_f28_3717_3725,processed,sad,sad,sad,p10,F28,p10:F28,F,False,24200,1,2,208875,8.631198347,NONE,
1993c147fd63a775,test,Sad/sad_p10_F28_3736_3743_vocals.wav,sad_p10_F28_3736_3743_vocals.wav,1993c147fd63a7750adb5dc045f51c073142fff3bef5a727435e694258f5ea80,sad_p10_f28_3736_3743,processed,sad,sad,sad,p10,F28,p10:F28,F,False,24200,1,2,203453,8.40714876,NONE,
b5f3798e32733f50,test,Sad/sad_p10_F28_3744_3750_vocals.wav,sad_p10_F28_3744_3750_vocals.wav,b5f3798e32733f5080f2e5a2220e16aaa5508bae26052f2d33a641ac56728314,sad_p10_f28_3744_3750,processed,sad,sad,sad,p10,F28,p10:F28,F,False,24200,1,2,182725,7.550619835,NONE,
a8b7ac5e53e5aed9,test,Sad/sad_p10_F28_3753_3800_vocals.wav,sad_p10_F28_3753_3800_vocals.wav,a8b7ac5e53e5aed939ed1d0dfb411f954eef1a60d974d4b3e5b9c7033102a425,sad_p10_f28_3753_3800,processed,sad,sad,sad,p10,F28,p10:F28,F,False,24200,1,2,184639,7.629710744,NONE,
a651ec0e9eb1c3f7,test,Sad/sad_p10_F28_3909_3917_vocals.wav,sad_p10_F28_3909_3917_vocals.wav,a651ec0e9eb1c3f700d283b23f1ce9c1de98ad1101a3e88ff23e219462eb34ad,sad_p10_f28_3909_3917,processed,sad,sad,sad,p10,F28,p10:F28,F,False,24200,1,2,208556,8.618016529,NONE,
a9d9242d60d51cf8,test,Sad/sad_p10_F28_4008_4015_vocals.wav,sad_p10_F28_4008_4015_vocals.wav,a9d9242d60d51cf8752049966ec10e7f25af38ca56e66e094aae64eb98765980,sad_p10_f28_4008_4015,processed,sad,sad,sad,p10,F28,p10:F28,F,False,24200,1,2,175710,7.260743802,NONE,
def82954eb5a9496,test,Sad/sad_p10_F28_414_417_vocals.wav,sad_p10_F28_414_417_vocals.wav,def82954eb5a9496d033e6970f306852285ed1cfdebd9aa07170fe5945b3c0ee,sad_p10_f28_414_417,processed,sad,sad,sad,p10,F28,p10:F28,F,False,24200,1,2,91991,3.801280992,NONE,
f3545e59703901b0,test,Sad/sad_p10_F28_440_445_vocals.wav,sad_p10_F28_440_445_vocals.wav,f3545e59703901b092552833c01e86b4f5cd95d68e37c81d2e7d1dbbb77fa234,sad_p10_f28_440_445,processed,sad,sad,sad,p10,F28,p10:F28,F,False,24200,1,2,141471,5.845909091,NONE,
80fcd5e7b9e3d040,test,Sad/sad_p10_F29_331_335_vocals.wav,sad_p10_F29_331_335_vocals.wav,80fcd5e7b9e3d040e2ddd3aaaaf8f5b7bb6e864e434359dadb903f74c3190305,sad_p10_f29_331_335,processed,sad,sad,sad,p10,F29,p10:F29,F,False,24200,1,2,124638,5.150330579,NONE,
0af19741f873f38d,test,Sad/sad_p10_F29_349_353_vocals.wav,sad_p10_F29_349_353_vocals.wav,0af19741f873f38d63239ded3af828b3e7367898c3748c64b4c6299b40b19353,sad_p10_f29_349_353,processed,sad,sad,sad,p10,F29,p10:F29,F,False,24200,1,2,109505,4.525,NONE,
9c4dc618a68ea53d,test,Sad/sad_p10_F29_354_359_vocals.wav,sad_p10_F29_354_359_vocals.wav,9c4dc618a68ea53d44b9779f8ea3f7839f34dd7782a7dab4858ae48e571571f0,sad_p10_f29_354_359,processed,sad,sad,sad,p10,F29,p10:F29,F,False,24200,1,2,130929,5.410289256,NONE,
4f75a83da93116b1,test,Sad/sad_p10_F29_402_406_vocals.wav,sad_p10_F29_402_406_vocals.wav,4f75a83da93116b1a80c0b608180a97b7333116a80dd392648064e8cf03ce3b3,sad_p10_f29_402_406,processed,sad,sad,sad,p10,F29,p10:F29,F,False,24200,1,2,96582,3.990991736,NONE,
f07c4013cdd784f1,test,Sad/sad_p10_F29_428_434_vocals.wav,sad_p10_F29_428_434_vocals.wav,f07c4013cdd784f1d9a2af29759073029bd8e46fe99049afdbe6d1600d15d4bc,sad_p10_f29_428_434,processed,sad,sad,sad,p10,F29,p10:F29,F,False,24200,1,2,157625,6.513429752,NONE,
28c5520abad7212d,train,Angry/angry_p01_F1_2433_2436_vocals.wav,angry_p01_F1_2433_2436_vocals.wav,28c5520abad7212db848b461f91efa4d2e26f92d02b20c90a1fecb9e32ea91bc,angry_p01_f1_2433_2436,processed,angry,angry,angry,p01,F1,p01:F1,F,False,24400,1,2,78074,3.199754098,NONE,
02f4cbcc23b581c9,train,Angry/angry_p01_F1_2639_2622_vocals.wav,angry_p01_F1_2639_2622_vocals.wav,02f4cbcc23b581c97960a8a0acde343153072698d22c5b9ca63fdc3431c7c2f4,angry_p01_f1_2639_2622,processed,angry,angry,angry,p01,F1,p01:F1,F,False,24400,1,2,131468,5.388032787,NONE,
18e2e8bcf589bda5,train,Angry/angry_p01_F1_2927_2930.wav,angry_p01_F1_2927_2930.wav,18e2e8bcf589bda5395c31b90f9ff56a4a983911a7ff34f94c7d5b939817038b,angry_p01_f1_2927_2930,raw,angry,angry,angry,p01,F1,p01:F1,F,False,24200,2,2,82584,3.412561983,NONE,
059501b435436f19,train,Angry/angry_p01_F1_2927_2930_vocals.wav,angry_p01_F1_2927_2930_vocals.wav,059501b435436f198459b368c1f818caf924d68f720a00ef7dc791a55b184643,angry_p01_f1_2927_2930,processed,angry,angry,angry,p01,F1,p01:F1,F,False,24400,1,2,83266,3.412540984,NONE,
1e4ca8856abbcfcf,train,Angry/angry_p01_M2_2230_2235_vocals.wav,angry_p01_M2_2230_2235_vocals.wav,1e4ca8856abbcfcf4bae0cc8a8fd4188d1d282cd01ce98150c1e74893adb88c2,angry_p01_m2_2230_2235,processed,angry,angry,angry,p01,M2,p01:M2,M,False,24400,1,2,144598,5.926147541,NONE,
970f0536816f9ab9,train,Angry/angry_p01_M2_2335_2338_vocals.wav,angry_p01_M2_2335_2338_vocals.wav,970f0536816f9ab9c8977c814547d8bdf5cbc5b088ccf269121795df5af1c842,angry_p01_m2_2335_2338,processed,angry,angry,angry,p01,M2,p01:M2,M,False,24400,1,2,83559,3.42454918,NONE,
de02831dffe5976b,train,Angry/angry_p01_M2_2426_2429.wav,angry_p01_M2_2426_2429.wav,de02831dffe5976b7b7b9beeb65c5c1e78edf42f8092d46a1bf3fbd84f79c791,angry_p01_m2_2426_2429,raw,angry,angry,angry,p01,M2,p01:M2,M,False,24200,1,2,78394,3.239421488,NONE,
820f348a223f8333,train,Angry/angry_p01_M2_2620_2625_vocals.wav,angry_p01_M2_2620_2625_vocals.wav,820f348a223f8333fa3a137f94356e0ba3c54c957ab24fe3bb343355ad54aa8f,angry_p01_m2_2620_2625,processed,angry,angry,angry,p01,M2,p01:M2,M,False,24400,1,2,120983,4.958319672,NONE,
e6ffaa03aea34f98,train,Angry/angry_p01_M2_2634_2629_vocals.wav,angry_p01_M2_2634_2629_vocals.wav,e6ffaa03aea34f98703ac0a11637b5eaf7000a76cbb354813dfa0679f6860dfd,angry_p01_m2_2634_2629,processed,angry,angry,angry,p01,M2,p01:M2,M,False,24400,1,2,111950,4.588114754,NONE,
06c824ba4af49ef1,train,Angry/angry_p01_M2_2706_2708.wav,angry_p01_M2_2706_2708.wav,06c824ba4af49ef130c943421a05ddf4720b63fd7eddb04acbd9bb06364017a7,angry_p01_m2_2706_2708,raw,angry,angry,angry,p01,M2,p01:M2,M,False,24200,1,2,66235,2.736983471,NONE,
61186db0d5b1bfdf,train,Angry/angry_p01_M2_3034_3037_vocals.wav,angry_p01_M2_3034_3037_vocals.wav,61186db0d5b1bfdf64fbec5b09542e0a3edb65a32e8560eabf8c693cdcb46594,angry_p01_m2_3034_3037,processed,angry,angry,angry,p01,M2,p01:M2,M,False,24400,1,2,89198,3.655655738,NONE,
10c816b983045705,train,Angry/angry_p02_F2_4725_4731.wav,angry_p02_F2_4725_4731.wav,10c816b9830457050c62e954be547c5a7f6e1b5cc08932c6f36c6c37fe89c3e8,angry_p02_f2_4725_4731,raw,angry,angry,angry,p02,F2,p02:F2,F,False,24200,1,2,170695,7.053512397,NONE,
ccba1f049b89bcfa,train,Angry/angry_p02_F2_4738_3740.wav,angry_p02_F2_4738_3740.wav,ccba1f049b89bcfa4399621c29fb600215aad9e879c973daaf3ad586bea2a444,angry_p02_f2_4738_3740,raw,angry,angry,angry,p02,F2,p02:F2,F,False,24200,1,2,65339,2.699958678,NONE,
2673c73b6dc814b7,train,Angry/angry_p02_F2_5756_5758.wav,angry_p02_F2_5756_5758.wav,2673c73b6dc814b7315e0fd1277353df853312624ca7108331683d46de023ac9,angry_p02_f2_5756_5758,raw,angry,angry,angry,p02,F2,p02:F2,F,False,24200,1,2,87223,3.604256198,NONE,
91669019d099cdcb,train,Angry/angry_p02_F2_5804_.wav,angry_p02_F2_5804_.wav,91669019d099cdcb61967feb0447a36b79b76992420e6656f9ae79a26e05b321,angry_p02_f2_5804_,raw,angry,angry,angry,p02,F2,p02:F2,F,False,24200,2,2,92225,3.810950413,NONE,
d120f717d92d9a67,train,Angry/angry_p02_F2_5804_5807.wav,angry_p02_F2_5804_5807.wav,d120f717d92d9a675b275fad4039932b2e7d883d186cb3d643d5ebc514498aec,angry_p02_f2_5804_5807,raw,angry,angry,angry,p02,F2,p02:F2,F,False,24200,1,2,90662,3.746363636,NONE,
94b0687a804c317f,train,Angry/angry_p02_F2_5808_5811.wav,angry_p02_F2_5808_5811.wav,94b0687a804c317f3e4aaa772ed9a60d9f6fe0db33d823abe8bfcf01b2d888ef,angry_p02_f2_5808_5811,raw,angry,angry,angry,p02,F2,p02:F2,F,False,24200,1,2,72217,2.984173554,NONE,
3f07b5097de6a19c,train,Angry/angry_p02_F2_5814_5817.wav,angry_p02_F2_5814_5817.wav,3f07b5097de6a19c59a8522cd8bf1c9941a2762727bdf5f43f4614728be77888,angry_p02_f2_5814_5817,raw,angry,angry,angry,p02,F2,p02:F2,F,False,24200,1,2,73468,3.035867769,NONE,
abf35e692eac08de,train,Angry/angry_p02_F3_11004_11006.wav,angry_p02_F3_11004_11006.wav,abf35e692eac08deb1c2003d50f5d0208a48e70660c1714a4d9959438f78f8e6,angry_p02_f3_11004_11006,raw,angry,angry,angry,p02,F3,p02:F3,F,False,24200,1,2,51584,2.131570248,NONE,
1cc78119a1a5407c,train,Angry/angry_p02_F3_20219_2024.wav,angry_p02_F3_20219_2024.wav,1cc78119a1a5407c479eb510db829de3d7f85f5c4c8d97ec4abc649511a352dd,angry_p02_f3_20219_2024,raw,angry,angry,angry,p02,F3,p02:F3,F,False,24200,1,2,120987,4.99946281,NONE,
ce137d1c6e152cb3,train,Angry/angry_p02_F3_4556_4601.wav,angry_p02_F3_4556_4601.wav,ce137d1c6e152cb3f87d9532c9a4efa4e7b8ae52b6d53cc2f802191965e93fa5,angry_p02_f3_4556_4601,raw,angry,angry,angry,p02,F3,p02:F3,F,False,24200,1,2,136619,5.645413223,NONE,
b40a481fe06628f8,train,Angry/angry_p02_F3_4602_4606.wav,angry_p02_F3_4602_4606.wav,b40a481fe06628f87da6a4f8cc9c3542fb63438a6af60db9ad6a7a43a94bce87,angry_p02_f3_4602_4606,raw,angry,angry,angry,p02,F3,p02:F3,F,False,24200,1,2,93476,3.862644628,NONE,
a39ea47030c1390f,train,Angry/angry_p02_F3_637_640.wav,angry_p02_F3_637_640.wav,a39ea47030c1390fb305797b98d350d7a42cb7962958dc47962eef4b5217eef0,angry_p02_f3_637_640,raw,angry,angry,angry,p02,F3,p02:F3,F,False,24200,1,2,77702,3.210826446,NONE,
f3bcad40ad78dd22,train,Angry/angry_p02_F3_637_640_vocals.wav,angry_p02_F3_637_640_vocals.wav,f3bcad40ad78dd22718d550fb982e8149fb1db6e2950583b00e3f7ae1d648159,angry_p02_f3_637_640,processed,angry,angry,angry,p02,F3,p02:F3,F,False,24200,1,2,77702,3.210826446,NONE,
ee142460750b086a,train,Angry/angry_p02_M1_11146_11149.wav,angry_p02_M1_11146_11149.wav,ee142460750b086a1d7ddd93752e0852ac9c74eaf0255c38c7cc180de2820dc9,angry_p02_m1_11146_11149,raw,angry,angry,angry,p02,M1,p02:M1,M,False,24200,1,2,64714,2.674132231,NONE,
3a14d023cc2e1b26,train,Angry/angry_p02_M1_11153_11155.wav,angry_p02_M1_11153_11155.wav,3a14d023cc2e1b2601eec62ef70fcbaf43d1fe2b8ffafa5c5dcd9fa271dcdd9f,angry_p02_m1_11153_11155,raw,angry,angry,angry,p02,M1,p02:M1,M,False,24200,1,2,64714,2.674132231,NONE,
99e52f729838ade4,train,Angry/angry_p02_M1_11253_11255.wav,angry_p02_M1_11253_11255.wav,99e52f729838ade46b43c972b36d165e50b2d3cd128b0628b6020e4c6243a27f,angry_p02_m1_11253_11255,raw,angry,angry,angry,p02,M1,p02:M1,M,False,24200,1,2,71592,2.958347107,NONE,
da4e1eb6ce924875,train,Angry/angry_p02_M1_11953_11957.wav,angry_p02_M1_11953_11957.wav,da4e1eb6ce924875653be1285dcd63843b7da426258697e8a84392d4d31ad1bc,angry_p02_m1_11953_11957,raw,angry,angry,angry,p02,M1,p02:M1,M,False,24200,1,2,131929,5.45161157,NONE,
1ccc72fd732968c7,train,Angry/angry_p02_M1_12113_12119.wav,angry_p02_M1_12113_12119.wav,1ccc72fd732968c7ba70b2b6856d3f3ebdc964c683ddff5de0f727aa50fed9d1,angry_p02_m1_12113_12119,raw,angry,angry,angry,p02,M1,p02:M1,M,False,24200,1,2,148810,6.149173554,NONE,
7a28595255bd2a7a,train,Angry/angry_p02_M1_12124_12126.wav,angry_p02_M1_12124_12126.wav,7a28595255bd2a7adf73a459b851dc33f79f059f110699c1058f07209bee241e,angry_p02_m1_12124_12126,raw,angry,angry,angry,p02,M1,p02:M1,M,False,24200,1,2,69404,2.867933884,NONE,
904ddbcb34529145,train,Angry/angry_p02_M1_4828_4830.wav,angry_p02_M1_4828_4830.wav,904ddbcb34529145f19e822daec6c848c73ee7542377ec44d58d4859099ee4da,angry_p02_m1_4828_4830,raw,angry,angry,angry,p02,M1,p02:M1,M,False,24200,1,2,40329,1.666487603,NONE,
2f069c93c6a90bd8,train,Angry/angry_p02_M2_12037_12041.wav,angry_p02_M2_12037_12041.wav,2f069c93c6a90bd803f5cbf88a225323fdf8c67acc41b316638c167092be1b7b,angry_p02_m2_12037_12041,raw,angry,angry,angry,p02,M2,p02:M2,M,False,24200,1,2,118799,4.909049587,NONE,
2043e852a3c652d7,train,Angry/angry_p02_M2_12108_12111.wav,angry_p02_M2_12108_12111.wav,2043e852a3c652d7cccf3e657265963fc14a5298f6c84d0419aca389134ebe87,angry_p02_m2_12108_12111,raw,angry,angry,angry,p02,M2,p02:M2,M,False,24200,1,2,92225,3.810950413,NONE,
e933cc66bb0dcdd8,train,Angry/angry_p02_M2_12122_12123.wav,angry_p02_M2_12122_12123.wav,e933cc66bb0dcdd82a6e1986a006cb8ff5d1c6298e551f62852848c676fa9d45,angry_p02_m2_12122_12123,raw,angry,angry,angry,p02,M2,p02:M2,M,False,24200,1,2,40329,1.666487603,NONE,
5ede176a733a71de,train,Angry/angry_p02_M2_12127_12132.wav,angry_p02_M2_12127_12132.wav,5ede176a733a71decf9739638bf619488e3d0e8a72f7571ef5ef04823c93bfc8,angry_p02_m2_12127_12132,raw,angry,angry,angry,p02,M2,p02:M2,M,False,24200,1,2,139745,5.774586777,NONE,
5c55796053284e65,train,Angry/angry_p02_M2_12139_12142.wav,angry_p02_M2_12139_12142.wav,5c55796053284e65c16fdb87fd0d8856c91e40de099f665ce9d8d50d2a5b04ab,angry_p02_m2_12139_12142,raw,angry,angry,angry,p02,M2,p02:M2,M,False,24200,1,2,78157,3.229628099,NONE,
43b2393d19745887,train,Angry/angry_p02_M2_12145_12148.wav,angry_p02_M2_12145_12148.wav,43b2393d19745887816df55e6b5c341d0ab0df364f29054284dc76b5c5126578,angry_p02_m2_12145_12148,raw,angry,angry,angry,p02,M2,p02:M2,M,False,24200,1,2,71592,2.958347107,NONE,
d2574cf7a45f3bba,train,Angry/angry_p02_M2_12145_12148_vocals.wav,angry_p02_M2_12145_12148_vocals.wav,d2574cf7a45f3bbabe58e62153c2626f375b9950a2354d52ef9a12d0d2bca8fd,angry_p02_m2_12145_12148,processed,angry,angry,angry,p02,M2,p02:M2,M,False,24200,1,2,71592,2.958347107,NONE,
5c99ca2eb33e31c4,train,Angry/angry_p02_M2_12147_12151_vocals.wav,angry_p02_M2_12147_12151_vocals.wav,5c99ca2eb33e31c4b004ebcb119e5109cd6db1da2d33e1f33e9983c163465e08,angry_p02_m2_12147_12151,processed,angry,angry,angry,p02,M2,p02:M2,M,False,24200,1,2,106293,4.392272727,NONE,
0f6251c2364576a0,train,Angry/angry_p02_M3_11533_11539_vocals.wav,angry_p02_M3_11533_11539_vocals.wav,0f6251c2364576a08539a55bd0bc49a7e1d21f386d6fe4934f30b2763e7ebc52,angry_p02_m3_11533_11539,processed,angry,angry,angry,p02,M3,p02:M3,M,False,24200,1,2,172258,7.118099174,NONE,
095805ff16ea367e,train,Angry/angry_p02_M3_11614_11617_vocals.wav,angry_p02_M3_11614_11617_vocals.wav,095805ff16ea367e9d3e4c355a53d5cd9bcb61855b9c23ea33f8bb1c7b79360d,angry_p02_m3_11614_11617,processed,angry,angry,angry,p02,M3,p02:M3,M,False,24200,1,2,90974,3.759256198,NONE,
cece0cf6f205953d,train,Angry/angry_p02_M3_11745_11750.wav,angry_p02_M3_11745_11750.wav,cece0cf6f205953d65398bb5f6bcdbd9f77b9ff82c8eb4e332755695d7573095,angry_p02_m3_11745_11750,raw,angry,angry,angry,p02,M3,p02:M3,M,False,24200,1,2,138494,5.722892562,NONE,
f1bc0ff7020d8ed4,train,Angry/angry_p02_M3_11757_11803.wav,angry_p02_M3_11757_11803.wav,f1bc0ff7020d8ed49657e3af0c2738fb66e310e553a627bdb732e847615c45de,angry_p02_m3_11757_11803,raw,angry,angry,angry,p02,M3,p02:M3,M,False,24200,1,2,184763,7.634834711,NONE,
ca5b002a47c90812,train,Angry/angry_p02_M3_11812_11818.wav,angry_p02_M3_11812_11818.wav,ca5b002a47c9081210b2d60c1058d5e85a47f26834c6907d5bad0468f6f339f0,angry_p02_m3_11812_11818,raw,angry,angry,angry,p02,M3,p02:M3,M,False,24200,1,2,164442,6.795123967,NONE,
7d8ba6cd3362df1c,train,Angry/angry_p02_M3_11823_11826.wav,angry_p02_M3_11823_11826.wav,7d8ba6cd3362df1c015e0c4cb799b5cf45574faa354f956cd5d40399b05c3963,angry_p02_m3_11823_11826,raw,angry,angry,angry,p02,M3,p02:M3,M,False,24200,1,2,92538,3.823884298,NONE,
1576c4a188d2e1f3,train,Angry/angry_p02_M3_11840_11808.wav,angry_p02_M3_11840_11808.wav,1576c4a188d2e1f36b806fda0a9e92c8d88c1651d9c64362de93a8084d97949f,angry_p02_m3_11840_11808,raw,angry,angry,angry,p02,M3,p02:M3,M,False,24200,1,2,78469,3.242520661,NONE,
4d3029cafd123a60,train,Angry/angry_p02_M3_11847_11851.wav,angry_p02_M3_11847_11851.wav,4d3029cafd123a600d0cad700144d1cb882a49a211e4a30d7956ea5fd52fffff,angry_p02_m3_11847_11851,raw,angry,angry,angry,p02,M3,p02:M3,M,False,24200,1,2,135367,5.593677686,NONE,
552bc2c76e485252,train,Angry/angry_p03_F4_4754_4758.wav,angry_p03_F4_4754_4758.wav,552bc2c76e485252f55414cd6004e7d68e70619195d41852c8e76b8e46714627,angry_p03_f4_4754_4758,raw,angry,angry,angry,p03,F4,p03:F4,F,False,24200,1,2,108979,4.503264463,NONE,
6a993d297a33c828,train,Angry/angry_p03_M4_4450_4455.wav,angry_p03_M4_4450_4455.wav,6a993d297a33c828d85116f1048dcb0aa4bd2fd15bb2be19711da615a4330eac,angry_p03_m4_4450_4455,raw,angry,angry,angry,p03,M4,p03:M4,M,False,24200,1,2,107778,4.453636364,NONE,
64b90ceb7b5055fd,train,Angry/angry_p03_M6_1652_1703.wav,angry_p03_M6_1652_1703.wav,64b90ceb7b5055fdbf02c63dcd04e1fc46af0626ad87bcb2fe643bc7b256d0f8,angry_p03_m6_1652_1703,raw,angry,angry,angry,p03,M6,p03:M6,M,False,16000,1,2,160224,10.014,NONE,
e5adc6513a857250,train,Angry/angry_p03_M6_1713_1720.wav,angry_p03_M6_1713_1720.wav,e5adc6513a8572501d594437f51bfd736508f0bb893ce3ade5ab7164fa883012,angry_p03_m6_1713_1720,raw,angry,angry,angry,p03,M6,p03:M6,M,False,16000,1,2,114854,7.178375,NONE,
c103b5936b31ac4b,train,Angry/angry_p03_t11_F4_2954_3001.wav,angry_p03_t11_F4_2954_3001.wav,c103b5936b31ac4b00811c75e51dec596a2be12039c73d40866419e4d71adc25,angry_p03_t11_f4_2954_3001,raw,angry,angry,angry,p03,F4,p03:F4,F,False,24200,1,2,163380,6.751239669,NONE,
70f987dcbcd3c3bb,train,Angry/angry_p03_t11_M5_1103_1111.wav,angry_p03_t11_M5_1103_1111.wav,70f987dcbcd3c3bb36296f9a98782c7755071d07290f338cd32ed7ef3daae697,angry_p03_t11_m5_1103_1111,raw,angry,angry,angry,p03,M5,p03:M5,M,False,24200,1,2,168029,6.943347107,NONE,
55f549207a85a54b,train,Angry/angry_p03_t11_M5_1228_1235.wav,angry_p03_t11_M5_1228_1235.wav,55f549207a85a54b2b5961675d151e7e97b7090fcb9cbc2b0e03ef63f1c68dc3,angry_p03_t11_m5_1228_1235,raw,angry,angry,angry,p03,M5,p03:M5,M,False,24200,1,2,175880,7.267768595,NONE,
6915acc14219b588,train,Angry/angry_p03_t11_M5_1242_1249.wav,angry_p03_t11_M5_1242_1249.wav,6915acc14219b588f6115f0fd0fa50a11371a4b4fc73f8c73f978c30f828e7c9,angry_p03_t11_m5_1242_1249,raw,angry,angry,angry,p03,M5,p03:M5,M,False,24200,1,2,159386,6.586198347,NONE,
512e23c00b71c530,train,Angry/angry_p03_t11_M5_1251_1259.wav,angry_p03_t11_M5_1251_1259.wav,512e23c00b71c530100dff0474f44e42aaa9a8d1a74c944cc970be9ecbf84ab8,angry_p03_t11_m5_1251_1259,raw,angry,angry,angry,p03,M5,p03:M5,M,False,24200,1,2,204354,8.444380165,NONE,
ac76429652690260,train,Angry/angry_p03_t11_M5_1312_1318.wav,angry_p03_t11_M5_1312_1318.wav,ac76429652690260c24a60880f8619da6a6743728b07d54ab48d56d6a164500f,angry_p03_t11_m5_1312_1318,raw,angry,angry,angry,p03,M5,p03:M5,M,False,24200,1,2,160428,6.629256198,NONE,
907a53f835f5530c,train,Angry/angry_p03_t11_M5_1341_1346.wav,angry_p03_t11_M5_1341_1346.wav,907a53f835f5530c498245d34b6550f61e272cf2256fb5220cd72998930d8208,angry_p03_t11_m5_1341_1346,raw,angry,angry,angry,p03,M5,p03:M5,M,False,24200,1,2,139246,5.753966942,NONE,
baecf627bf915864,train,Angry/angry_p03_t11_M5_1347_1352.wav,angry_p03_t11_M5_1347_1352.wav,baecf627bf915864c6dd91bb27371c1755eea89bba749228ae984c65a012f3f7,angry_p03_t11_m5_1347_1352,raw,angry,angry,angry,p03,M5,p03:M5,M,False,24200,1,2,126051,5.208719008,NONE,
cff426872c69b491,train,Angry/angry_p03_t11_M5_1354_1358.wav,angry_p03_t11_M5_1354_1358.wav,cff426872c69b49162e2c4537c6256401d3c12a40594270efe11a4e4632454ce,angry_p03_t11_m5_1354_1358,raw,angry,angry,angry,p03,M5,p03:M5,M,False,24200,1,2,107647,4.44822314,NONE,
67f2e0bc418ccfe4,train,Angry/angry_p03_t11_M5_1404_1411.wav,angry_p03_t11_M5_1404_1411.wav,67f2e0bc418ccfe4323c4008981cb93b781e25446146f38d2d489bc53c680d99,angry_p03_t11_m5_1404_1411,raw,angry,angry,angry,p03,M5,p03:M5,M,False,24200,1,2,177443,7.332355372,NONE,
bdae81373de7c565,train,Angry/angry_p03_t1_M6_1700_1704.wav,angry_p03_t1_M6_1700_1704.wav,bdae81373de7c565deb320d0545e68241898e3e2781e5fa1212f87003404ac01,angry_p03_t1_m6_1700_1704,raw,angry,angry,angry,p03,M6,p03:M6,M,False,16000,1,2,150644,9.41525,NONE,
bda832b1214a32ba,train,Angry/angry_p03_t1_M6_1714_1720.wav,angry_p03_t1_M6_1714_1720.wav,bda832b1214a32ba0605fa04c49d62ceec30a65710f15ca630380a7a0cd5b9db,angry_p03_t1_m6_1714_1720,raw,angry,angry,angry,p03,M6,p03:M6,M,False,24200,1,2,146578,6.056942149,NONE,
557424ad35c544b4,train,Angry/angry_p03_t1_M6_1720_1723.wav,angry_p03_t1_M6_1720_1723.wav,557424ad35c544b4b3abadbe5b0078026352101e6e3a1bde72ee320c8b37b817,angry_p03_t1_m6_1720_1723,raw,angry,angry,angry,p03,M6,p03:M6,M,False,24200,1,2,86979,3.594173554,NONE,
48a99b70d4d44674,train,Angry/angry_p03_t1_M6_1752_1757.wav,angry_p03_t1_M6_1752_1757.wav,48a99b70d4d4467480c42544fa3cf700ddfd344163d9e2b0575b07656f697ebc,angry_p03_t1_m6_1752_1757,raw,angry,angry,angry,p03,M6,p03:M6,M,False,16000,1,2,85357,5.3348125,NONE,
0e2342e9d08e893b,train,Angry/angry_p03_t2_M10_5332_5335.wav,angry_p03_t2_M10_5332_5335.wav,0e2342e9d08e893bce27ee3f12f724e2a875efa89b11568f7dd9bc541b1b2b67,angry_p03_t2_m10_5332_5335,raw,angry,angry,angry,p03,M10,p03:M10,M,False,16000,1,2,47948,2.99675,NONE,
e1460fd1987ef494,train,Angry/angry_p03_t2_M10_5340_5342.wav,angry_p03_t2_M10_5340_5342.wav,e1460fd1987ef494d025eb18d7d5b4d164fc5cceca0ea59a9b6d1cded2f55a19,angry_p03_t2_m10_5340_5342,raw,angry,angry,angry,p03,M10,p03:M10,M,False,16000,1,2,41898,2.618625,NONE,
0079a60bb8ea20cb,train,Angry/angry_p03_t2_M11_3510_3513.wav,angry_p03_t2_M11_3510_3513.wav,0079a60bb8ea20cb4880afbeaad40dafad3f338dabaf69d8060108c8658f68f1,angry_p03_t2_m11_3510_3513,raw,angry,angry,angry,p03,M11,p03:M11,M,False,16000,1,2,35620,2.22625,NONE,
c4efa36363ab12d0,train,Angry/angry_p03_t2_M11_3521_3525.wav,angry_p03_t2_M11_3521_3525.wav,c4efa36363ab12d074101fed81f2a40e287d55e1d5a24bcc8e57d427bee42d25,angry_p03_t2_m11_3521_3525,raw,angry,angry,angry,p03,M11,p03:M11,M,False,16000,1,2,60375,3.7734375,NONE,
fb5f95df6b471a17,train,Angry/angry_p03_t2_M11_3907_3910.wav,angry_p03_t2_M11_3907_3910.wav,fb5f95df6b471a17d05dca11b927d373c4b455a0cdf8753d34367cbf16a1eb04,angry_p03_t2_m11_3907_3910,raw,angry,angry,angry,p03,M11,p03:M11,M,False,16000,1,2,61350,3.834375,NONE,
2c60c4181d0daca4,train,Angry/angry_p03_t2_M11_4739_4743.wav,angry_p03_t2_M11_4739_4743.wav,2c60c4181d0daca49dce7a1135825e798271f0cdbdec55c492e57cdc6fe837ab,angry_p03_t2_m11_4739_4743,raw,angry,angry,angry,p03,M11,p03:M11,M,False,16000,1,2,72476,4.52975,NONE,
ac6e8f4443ec6352,train,Angry/angry_p03_t2_M11_4810_4814.wav,angry_p03_t2_M11_4810_4814.wav,ac6e8f4443ec6352777be464e93faaf1be75628a2463ecace7f2af8567b1e01c,angry_p03_t2_m11_4810_4814,raw,angry,angry,angry,p03,M11,p03:M11,M,False,16000,1,2,76444,4.77775,NONE,
03655211146ff9e0,train,Angry/angry_p03_t2_M7_3514_3518.wav,angry_p03_t2_M7_3514_3518.wav,03655211146ff9e08d199d0ebad0fbff635a84f9f5b4c0a68dd009c57a998628,angry_p03_t2_m7_3514_3518,raw,angry,angry,angry,p03,M7,p03:M7,M,False,16000,1,2,65059,4.0661875,NONE,
55862d2c758b56b8,train,Angry/angry_p03_t2_M8_3902_3904.wav,angry_p03_t2_M8_3902_3904.wav,55862d2c758b56b81af112f25f69475ef3874d66b141fa15eb3c804ef7e49bc5,angry_p03_t2_m8_3902_3904,raw,angry,angry,angry,p03,M8,p03:M8,M,False,16000,1,2,45607,2.8504375,NONE,
0459363051c5d661,train,Angry/angry_p03_t2_M9_4001_4003.wav,angry_p03_t2_M9_4001_4003.wav,0459363051c5d6610d7e232afd43ec1f131e2584f8cce288958b7021adf2b3e9,angry_p03_t2_m9_4001_4003,raw,angry,angry,angry,p03,M9,p03:M9,M,False,16000,1,2,39621,2.4763125,NONE,
603c9392cb1f27ec,train,Angry/angry_p03_t3_M12_5210_5213.wav,angry_p03_t3_M12_5210_5213.wav,603c9392cb1f27ecfa4bf5f7630e91b289611cf4e7901b12ddba5b787e7ea14e,angry_p03_t3_m12_5210_5213,raw,angry,angry,angry,p03,M12,p03:M12,M,False,24200,1,2,77567,3.205247934,NONE,
47995d6c4b97a5c9,train,Angry/angry_p03_t3_M12_5238_5243.wav,angry_p03_t3_M12_5238_5243.wav,47995d6c4b97a5c9a048e9fbf79a0f28b2e5ec829ce220719f97e44f1b5419f4,angry_p03_t3_m12_5238_5243,raw,angry,angry,angry,p03,M12,p03:M12,M,False,24200,1,2,148175,6.122933884,NONE,
ebb616ae74e94549,train,Angry/angry_p03_t4_F4_1451_1453.wav,angry_p03_t4_F4_1451_1453.wav,ebb616ae74e945494616ea34c52d72b9966200cd4afd21838c2c58f7d4246768,angry_p03_t4_f4_1451_1453,raw,angry,angry,angry,p03,F4,p03:F4,F,False,24200,1,2,47867,1.977975207,NONE,
a77a1f7fdab72a01,train,Angry/angry_p03_t4_F4_1500_1502.wav,angry_p03_t4_F4_1500_1502.wav,a77a1f7fdab72a01c9f7635e96fab0029e5aea96a916ac251f926e51170e5a8a,angry_p03_t4_f4_1500_1502,raw,angry,angry,angry,p03,F4,p03:F4,F,False,24200,1,2,64986,2.685371901,NONE,
e1e9811a60181894,train,Angry/angry_p03_t4_F4_1514_1517.wav,angry_p03_t4_F4_1514_1517.wav,e1e9811a60181894a3b47d762f0c43a64a5f8f8625831f16d3d6b8dabd15129e,angry_p03_t4_f4_1514_1517,raw,angry,angry,angry,p03,F4,p03:F4,F,False,24200,1,2,97063,4.010867769,NONE,
7f3b5f3b1b155209,train,Angry/angry_p03_t4_F4_1817_1820.wav,angry_p03_t4_F4_1817_1820.wav,7f3b5f3b1b1552091edb18538cb6f8bece89befe01509789dd48e2beec915773,angry_p03_t4_f4_1817_1820,raw,angry,angry,angry,p03,F4,p03:F4,F,False,24200,1,2,68808,2.843305785,NONE,
49d71eecba24a5d1,train,Angry/angry_p03_t4_F4_4503_4507.wav,angry_p03_t4_F4_4503_4507.wav,49d71eecba24a5d1f63ca022027ad7dbeb66572eb389857442c47612d31fa591,angry_p03_t4_f4_4503_4507,raw,angry,angry,angry,p03,F4,p03:F4,F,False,24200,1,2,98236,4.059338843,NONE,
e40cf21d1687ca6c,train,Angry/angry_p03_t4_F4_4520_4524.wav,angry_p03_t4_F4_4520_4524.wav,e40cf21d1687ca6cb683b8607ccb380f548e42084acc159fb3dd666a6fdcf794,angry_p03_t4_f4_4520_4524,raw,angry,angry,angry,p03,F4,p03:F4,F,False,24200,1,2,87859,3.63053719,NONE,
9e5772f493bd59f0,train,Angry/angry_p03_t4_F4_4523_4526.wav,angry_p03_t4_F4_4523_4526.wav,9e5772f493bd59f064d8266b124d19dc0b709dc93b5c0a9d83aadf93dce0770d,angry_p03_t4_f4_4523_4526,raw,angry,angry,angry,p03,F4,p03:F4,F,False,24200,1,2,89664,3.705123967,NONE,
0cef3f72c232203f,train,Angry/angry_p03_t4_F4_4635_4640.wav,angry_p03_t4_F4_4635_4640.wav,0cef3f72c232203f0fbdf7484a3d611368135df016fb1c23df3cfefd343a7f63,angry_p03_t4_f4_4635_4640,raw,angry,angry,angry,p03,F4,p03:F4,F,False,24200,1,2,136469,5.639214876,NONE,
04f28782f88fea4f,train,Angry/angry_p03_t4_F4_4642_46_48.wav,angry_p03_t4_F4_4642_46_48.wav,04f28782f88fea4fd53db4df46f3b2a36e12107b33ba42ef89444267185f9950,angry_p03_t4_f4_4642_46_48,raw,angry,angry,angry,p03,F4,p03:F4,F,False,24200,1,2,145773,6.023677686,NONE,
1bef740647b7824c,train,Angry/angry_p03_t4_F4_4649_4653.wav,angry_p03_t4_F4_4649_4653.wav,1bef740647b7824c4e322f6d7b980cc489ed24e3f465275f19e3f626b2b2aa55,angry_p03_t4_f4_4649_4653,raw,angry,angry,angry,p03,F4,p03:F4,F,False,24200,1,2,94947,3.923429752,NONE,
81ee1e8680c06225,train,Angry/angry_p03_t4_F4_4805_4810.wav,angry_p03_t4_F4_4805_4810.wav,81ee1e8680c06225acb04ce4a0a0fa9a75d44031633f77269c1599fd2c41d738,angry_p03_t4_f4_4805_4810,raw,angry,angry,angry,p03,F4,p03:F4,F,False,24200,1,2,129091,5.334338843,NONE,
77844e2b765248c6,train,Angry/angry_p03_t4_F4_4826_4834.wav,angry_p03_t4_F4_4826_4834.wav,77844e2b765248c6be6217fd172938a0a2dee66250d364ab88f1eaaea281e3c1,angry_p03_t4_f4_4826_4834,raw,angry,angry,angry,p03,F4,p03:F4,F,False,24200,1,2,206669,8.540041322,NONE,
7e443bd3e4dab205,train,Angry/angry_p03_t4_F4_920_922.wav,angry_p03_t4_F4_920_922.wav,7e443bd3e4dab205218c327a2c07b934beeef5b77d73b143e00b6300f82ee997,angry_p03_t4_f4_920_922,raw,angry,angry,angry,p03,F4,p03:F4,F,False,24200,1,2,59168,2.444958678,NONE,
a6aa6e7e04c45346,train,Angry/angry_p03_t4_F4_935_943.wav,angry_p03_t4_F4_935_943.wav,a6aa6e7e04c45346cef91ae1087334dc6c3edf2fd1465c5e32778ba1c6f70659,angry_p03_t4_f4_935_943,raw,angry,angry,angry,p03,F4,p03:F4,F,False,24200,1,2,97229,4.017727273,NONE,
b7addc6074da2088,train,Angry/angry_p03_t4_M13_1628_1634.wav,angry_p03_t4_M13_1628_1634.wav,b7addc6074da2088fcb319d34ff8d3c505c63df5e5ffc01803e243e86206655a,angry_p03_t4_m13_1628_1634,raw,angry,angry,angry,p03,M13,p03:M13,M,False,24200,1,2,153239,6.332190083,NONE,
d4cad165a854e694,train,Angry/angry_p03_t5_M13_1812_1815.wav,angry_p03_t5_M13_1812_1815.wav,d4cad165a854e694760b2d13fb39253451d94c1b0c9cc552ad75d45895b2c934,angry_p03_t5_m13_1812_1815,raw,angry,angry,angry,p03,M13,p03:M13,M,False,24200,1,2,90573,3.74268595,NONE,
9e7c6dc98a04d520,train,Angry/angry_p03_t5_M13_1825_1831.wav,angry_p03_t5_M13_1825_1831.wav,9e7c6dc98a04d520b46a73e0f0c3443e82695e2ccb3b1ed3b97074ba83f3e969,angry_p03_t5_m13_1825_1831,raw,angry,angry,angry,p03,M13,p03:M13,M,False,24200,1,2,172808,7.140826446,NONE,
d29e74ed8ce21725,train,Angry/angry_p03_t5_M13_1840_1846.wav,angry_p03_t5_M13_1840_1846.wav,d29e74ed8ce21725153765da8c50ef757a81d13bf6f02ab5e9fd3cedc67970b9,angry_p03_t5_m13_1840_1846,raw,angry,angry,angry,p03,M13,p03:M13,M,False,24200,1,2,144446,5.968842975,NONE,
1a5f1c28513827be,train,Angry/angry_p03_t7_M14_4445_4449.wav,angry_p03_t7_M14_4445_4449.wav,1a5f1c28513827be78eedada3e03041afd4d399f7aee8458accaec407ba7ff0d,angry_p03_t7_m14_4445_4449,raw,angry,angry,angry,p03,M14,p03:M14,M,False,24200,1,2,108733,4.493099174,NONE,
cd95471c51aca332,train,Angry/angry_p03_t7_M15_4441_4443.wav,angry_p03_t7_M15_4441_4443.wav,cd95471c51aca332cf918067ac13e46a50d78f3e38ddc16266e6d00a0a1feeca,angry_p03_t7_m15_4441_4443,raw,angry,angry,angry,p03,M15,p03:M15,M,False,24200,1,2,57615,2.380785124,NONE,
ca076c8d4d0a5429,train,Angry/angry_p03_t7_M16__4257_4301.wav,angry_p03_t7_M16__4257_4301.wav,ca076c8d4d0a542949d7273ef14018e28374824e96ba5711156cb7d7f6a65375,angry_p03_t7_m16__4257_4301,raw,angry,angry,angry,p03,M16,p03:M16,M,False,24200,1,2,81598,3.371818182,NONE,
c2900495a508cdb4,train,Angry/angry_p03_t7_M16__4549_4554.wav,angry_p03_t7_M16__4549_4554.wav,c2900495a508cdb4b3489369462a1b2425934d3b1bb485346d0c6b9b5d7480cf,angry_p03_t7_m16__4549_4554,raw,angry,angry,angry,p03,M16,p03:M16,M,False,24200,1,2,140837,5.819710744,NONE,
6844c57edd43d0fb,train,Angry/angry_p03_t8_M16_1022_1027.wav,angry_p03_t8_M16_1022_1027.wav,6844c57edd43d0fbcd617102b1a802aa28c01d4f555c79bf52755eb52407d8bf,angry_p03_t8_m16_1022_1027,raw,angry,angry,angry,p03,M16,p03:M16,M,False,24200,1,2,139118,5.748677686,NONE,
7846334beb279f30,train,Angry/angry_p03_t_F4_4445_4458.wav,angry_p03_t_F4_4445_4458.wav,7846334beb279f30a049aa2bc607ece38b9462afa38f66a7107215c45bca35c6,angry_p03_t_f4_4445_4458,raw,angry,angry,angry,p03,F4,p03:F4,F,False,24200,1,2,69701,2.880206612,NONE,
aff5c1a4d43a0026,train,Angry/angry_p04_F7_12802_12806.wav,angry_p04_F7_12802_12806.wav,aff5c1a4d43a0026ae4bde9cb54dd6e487d6eff330238dc45e731eb8e6302eb9,angry_p04_f7_12802_12806,raw,angry,angry,angry,p04,F7,p04:F7,F,False,24200,1,2,92927,3.839958678,NONE,
7413bc256eb86e08,train,Angry/angry_p04_F7_12802_12806_vocals.wav,angry_p04_F7_12802_12806_vocals.wav,7413bc256eb86e08a5c2e5a9cea3f49d65b1c87a3a22a71e5386789f856a3b7e,angry_p04_f7_12802_12806,processed,angry,angry,angry,p04,F7,p04:F7,F,False,24200,1,2,92927,3.839958678,NONE,
75b734fb569ba119,train,Angry/angry_p04_F7_12820_12822_vocals.wav,angry_p04_F7_12820_12822_vocals.wav,75b734fb569ba11921aebd2d0cb6a93c17fa5d49e1e58a1726dccbfa709affe4,angry_p04_f7_12820_12822,processed,angry,angry,angry,p04,F7,p04:F7,F,False,24200,1,2,51852,2.142644628,NONE,
2acf5f89b1158812,train,Angry/angry_p04_F7_12835_12837_vocals.wav,angry_p04_F7_12835_12837_vocals.wav,2acf5f89b115881268430fa130029357c5e92fc2895f186c98b84aafd0f5c997,angry_p04_f7_12835_12837,processed,angry,angry,angry,p04,F7,p04:F7,F,False,24200,1,2,40435,1.670867769,NONE,
2b97b8816cc76364,train,Angry/angry_p04_F8_11611_11615.wav,angry_p04_F8_11611_11615.wav,2b97b8816cc76364606406bc3edc57218dbcf885bb1045cfb605b4b61e170d2f,angry_p04_f8_11611_11615,raw,angry,angry,angry,p04,F8,p04:F8,F,False,24200,1,2,90275,3.730371901,NONE,
cce59f895837fe12,train,Angry/angry_p04_F8_152_154_vocals.wav,angry_p04_F8_152_154_vocals.wav,cce59f895837fe128d878c024929ae56d1586b3c2bda291a0b92888936c6b06d,angry_p04_f8_152_154,processed,angry,angry,angry,p04,F8,p04:F8,F,False,24200,1,2,59272,2.449256198,NONE,
19a3bcbefedff02d,train,Angry/angry_p04_F8_155_158.wav,angry_p04_F8_155_158.wav,19a3bcbefedff02d0d09171591854b950af8a5a5c5aa32be237e173007b537b6,angry_p04_f8_155_158,raw,angry,angry,angry,p04,F8,p04:F8,F,False,24200,1,2,78276,3.234545455,NONE,
389ac5ae0aa181aa,train,Angry/angry_p04_F8_155_158_vocals.wav,angry_p04_F8_155_158_vocals.wav,389ac5ae0aa181aa874b28623c0d404d4299aa76a2e6ef6dbcdb00ec40d1e8c2,angry_p04_f8_155_158,processed,angry,angry,angry,p04,F8,p04:F8,F,False,24200,1,2,78276,3.234545455,NONE,
86ed4cfa62e8b6fc,train,Angry/angry_p04_F8_2523_2526_vocals.wav,angry_p04_F8_2523_2526_vocals.wav,86ed4cfa62e8b6fc98c9257b70953ae2633fa524b51bde90cb814d062f377aa9,angry_p04_f8_2523_2526,processed,angry,angry,angry,p04,F8,p04:F8,F,False,24200,1,2,68173,2.817066116,NONE,
490afa4cefc54bc9,train,Angry/angry_p04_F8_2943_2946.wav,angry_p04_F8_2943_2946.wav,490afa4cefc54bc90ef0c2e35b2519685fa4a617ecafab7d17262e8b1b00d3cd,angry_p04_f8_2943_2946,raw,angry,angry,angry,p04,F8,p04:F8,F,False,24200,1,2,83786,3.462231405,NONE,
d73f42f5e3091cd6,train,Angry/angry_p04_F8_4030_4033.wav,angry_p04_F8_4030_4033.wav,d73f42f5e3091cd6f21436958c35f96b24b716473f66af5ba4e4272abe3007a4,angry_p04_f8_4030_4033,raw,angry,angry,angry,p04,F8,p04:F8,F,False,24200,1,2,86980,3.594214876,NONE,
0b40c8e747c0ae98,train,Angry/angry_p04_F8_5023_5026.wav,angry_p04_F8_5023_5026.wav,0b40c8e747c0ae988c3b9f584b6edd6304f3ad29fe83544c5e3db5441f2f7655,angry_p04_f8_5023_5026,raw,angry,angry,angry,p04,F8,p04:F8,F,False,24200,1,2,74088,3.061487603,NONE,
c1f842e2d975c5e0,train,Angry/angry_p04_F8_5033_5036.wav,angry_p04_F8_5033_5036.wav,c1f842e2d975c5e0d1c6b25fc78d1b13a75ccfd20b40a3d5094113cb1de7dfe5,angry_p04_f8_5033_5036,raw,angry,angry,angry,p04,F8,p04:F8,F,False,24200,1,2,79704,3.293553719,NONE,
9a527b7d44cf49b9,train,Angry/angry_p04_F8_5631_5633.wav,angry_p04_F8_5631_5633.wav,9a527b7d44cf49b986cac436619df43298b48f30059a3b70cd3674e7e35ed59f,angry_p04_f8_5631_5633,raw,angry,angry,angry,p04,F8,p04:F8,F,False,24200,1,2,43848,1.811900826,NONE,
cb69ced03cc9fee8,train,Angry/angry_p04_F8_5635_5636.wav,angry_p04_F8_5635_5636.wav,cb69ced03cc9fee896d9217b2182829ab0174dd683beab5fc9f15a5a332887bc,angry_p04_f8_5635_5636,raw,angry,angry,angry,p04,F8,p04:F8,F,False,24200,1,2,31104,1.285289256,NONE,
4a8debe8ef1da310,train,Angry/angry_p04_M17_10350_10400.wav,angry_p04_M17_10350_10400.wav,4a8debe8ef1da31005ce416152f50cdf8b53c02ec8af8fa8f66dcc9fb4a288b3,angry_p04_m17_10350_10400,raw,angry,angry,angry,p04,M17,p04:M17,M,False,24200,1,2,224364,9.271239669,NONE,
8e6df64194b21948,train,Angry/angry_p04_M17_10415_10420.wav,angry_p04_M17_10415_10420.wav,8e6df64194b21948500f5f2a9dec401f86a147f3fa59dbaacaf79fb7c926bad9,angry_p04_m17_10415_10420,raw,angry,angry,angry,p04,M17,p04:M17,M,False,24200,1,2,90358,3.733801653,NONE,
bb0bff7d75487798,train,Angry/angry_p04_M17_2801_2803.wav,angry_p04_M17_2801_2803.wav,bb0bff7d7548779839c93190b7c4a1b670c83fb77df7766d5cf76fea52f84486,angry_p04_m17_2801_2803,raw,angry,angry,angry,p04,M17,p04:M17,M,False,24200,1,2,63177,2.610619835,NONE,
4d07ee5cdd02a629,train,Angry/angry_p04_M18_11626_11628.wav,angry_p04_M18_11626_11628.wav,4d07ee5cdd02a629cc46617a1031d8ff86629c20bf134cb0be3efb909d58656e,angry_p04_m18_11626_11628,raw,angry,angry,angry,p04,M18,p04:M18,M,False,24200,1,2,63478,2.623057851,NONE,
6c8bba378b491d8b,train,Angry/angry_p05_F5_314_321.wav,angry_p05_F5_314_321.wav,6c8bba378b491d8bc4ffc692e050ce37b0c32f694abc106eddf23187a19abbb7,angry_p05_f5_314_321,raw,angry,angry,angry,p05,F5,p05:F5,F,False,24200,1,2,191642,7.919090909,NONE,
63693ea7c8a29039,train,Angry/angry_p05_F6_141_146.wav,angry_p05_F6_141_146.wav,63693ea7c8a290394b4c0427a51b5f99ac84b41b344a497d4aacfbd2ad23c60f,angry_p05_f6_141_146,raw,angry,angry,angry,p05,F6,p05:F6,F,False,24200,1,2,148500,6.136363636,NONE,
d54fd2522a0760dc,train,Angry/angry_p05_F6_157_202.wav,angry_p05_F6_157_202.wav,d54fd2522a0760dcb70d4f06a0a333fe7f6a389194a6f0237872477dd7b7de97,angry_p05_f6_157_202,raw,angry,angry,angry,p05,F6,p05:F6,F,False,24200,1,2,115575,4.775826446,NONE,
6992b006a2ef99ea,train,Angry/angry_p05_F6_51_56.wav,angry_p05_F6_51_56.wav,6992b006a2ef99eaea7e0153709d8be181f9753e0191d052fa46596287685089,angry_p05_f6_51_56,raw,angry,angry,angry,p05,F6,p05:F6,F,False,24200,1,2,116177,4.800702479,NONE,
875091836e5c0f9c,train,Angry/angry_p05_F6_57_102.wav,angry_p05_F6_57_102.wav,875091836e5c0f9c17ebd38681ff1cc3dcd54d19fe013389d0893893a5a8c063,angry_p05_f6_57_102,raw,angry,angry,angry,p05,F6,p05:F6,F,False,24200,1,2,129880,5.366942149,NONE,
61424c17b0e65c84,train,Angry/angry_p06_F10_24242430.wav,angry_p06_F10_24242430.wav,61424c17b0e65c84f4a6b390caa71c7d7add74a591951f04e0e7b3dea0feae82,angry_p06_f10_24242430,raw,angry,angry,angry,p06,F10,p06:F10,F,False,24200,1,2,155946,6.444049587,NONE,
83ee6b8f65799368,train,Angry/angry_p06_F10_2424_2430_vocals.wav,angry_p06_F10_2424_2430_vocals.wav,83ee6b8f657993689abe17aee654b49c6946c547b5311aa2d7d58dd38cf50994,angry_p06_f10_2424_2430,processed,angry,angry,angry,p06,F10,p06:F10,F,False,24400,1,2,157235,6.444057377,NONE,
20d6e00d7350a18d,train,Angry/angry_p06_F10_2616_2622_vocals.wav,angry_p06_F10_2616_2622_vocals.wav,20d6e00d7350a18d9f88230612609d886c1bd21f8a04f3321f893a56f489ac68,angry_p06_f10_2616_2622,processed,angry,angry,angry,p06,F10,p06:F10,F,False,24400,1,2,147383,6.040286885,NONE,
3a5177a91294442f,train,Angry/angry_p06_F10_2634_2637.wav,angry_p06_F10_2634_2637.wav,3a5177a91294442fea17dc80d0682f2c5da51e5d080f076d27aa3517c34545a0,angry_p06_f10_2634_2637,raw,angry,angry,angry,p06,F10,p06:F10,F,False,24200,1,2,92428,3.819338843,NONE,
ae6dc6031cef9e92,train,Angry/angry_p06_F10_2652_2657_vocals.wav,angry_p06_F10_2652_2657_vocals.wav,ae6dc6031cef9e92bed709996aaef47aa3baeb04238b538c808b56a6703a2096,angry_p06_f10_2652_2657,processed,angry,angry,angry,p06,F10,p06:F10,F,False,24400,1,2,130962,5.367295082,NONE,
215d57a2ab6753a7,train,Angry/angry_p06_F10_2703_2706.wav,angry_p06_F10_2703_2706.wav,215d57a2ab6753a76c62189f860753a648d1e254f12c1a90dde1652f7199fbad,angry_p06_f10_2703_2706,raw,angry,angry,angry,p06,F10,p06:F10,F,False,24200,1,2,74105,3.062190083,NONE,
fd9f50ac1e066984,train,Angry/angry_p06_F10_2737_2741_vocals.wav,angry_p06_F10_2737_2741_vocals.wav,fd9f50ac1e066984596368271c16e9855d081465259571c56350d01720d96059,angry_p06_f10_2737_2741,processed,angry,angry,angry,p06,F10,p06:F10,F,False,24400,1,2,106329,4.357745902,NONE,
a1e00129e4b98e0d,train,Angry/angry_p06_F10_2743_2747_vocals.wav,angry_p06_F10_2743_2747_vocals.wav,a1e00129e4b98e0de69afab12dec1d803e81a17eefc70e94560aa0ba283d0f28,angry_p06_f10_2743_2747,processed,angry,angry,angry,p06,F10,p06:F10,F,False,24400,1,2,126035,5.165368852,NONE,
beac62e397b6f1b6,train,Angry/angry_p06_F10_2817_2820_vocals.wav,angry_p06_F10_2817_2820_vocals.wav,beac62e397b6f1b66d0a3709b7789a400ae177a948ba87647920efbb80c5e146,angry_p06_f10_2817_2820,processed,angry,angry,angry,p06,F10,p06:F10,F,False,24400,1,2,93602,3.836147541,NONE,
1cba32bac96d50c1,train,Angry/angry_p06_F10_3011_3016_vocals.wav,angry_p06_F10_3011_3016_vocals.wav,1cba32bac96d50c1e0c2f703529712840497647753480c602c1d17821d9a9849,angry_p06_f10_3011_3016,processed,angry,angry,angry,p06,F10,p06:F10,F,False,24400,1,2,126445,5.182172131,NONE,
fe5943b593229088,train,Angry/angry_p06_F10_4225_4231_vocals.wav,angry_p06_F10_4225_4231_vocals.wav,fe5943b5932290886dabbff52b0657353d3365781717ced55a36349a49f976f2,angry_p06_f10_4225_4231,processed,angry,angry,angry,p06,F10,p06:F10,F,False,24400,1,2,149845,6.141188525,NONE,
e70ba713c35c1932,train,Angry/angry_p06_F9_4125_4130_vocals.wav,angry_p06_F9_4125_4130_vocals.wav,e70ba713c35c1932f83bab0195b977b5b6b7efb9a3d95f17f8f42740f9f6fde3,angry_p06_f9_4125_4130,processed,angry,angry,angry,p06,F9,p06:F9,F,False,24400,1,2,117823,4.828811475,NONE,
e7cc44fedb37aa77,train,Angry/angry_p06_F9_4130_4133.wav,angry_p06_F9_4130_4133.wav,e7cc44fedb37aa77b7b1c043566a50f6190db1f91db2cf87da39f10a65087270,angry_p06_f9_4130_4133,raw,angry,angry,angry,p06,F9,p06:F9,F,False,24200,1,2,67998,2.809834711,NONE,
cfdd6e6831cd2751,train,Angry/angry_p06_M20_3004_3008_vocals.wav,angry_p06_M20_3004_3008_vocals.wav,cfdd6e6831cd275194ef6297dee346ffed547e2f05498e4cd6645140ac38ad2f,angry_p06_m20_3004_3008,processed,angry,angry,angry,p06,M20,p06:M20,M,False,24400,1,2,105919,4.340942623,NONE,
6141639e0cca9f26,train,Angry/angry_p06_M20_4234_4240.wav,angry_p06_M20_4234_4240.wav,6141639e0cca9f26b0d61ec092e2dbed21b3bada945d5fa4938184c420752d20,angry_p06_m20_4234_4240,raw,angry,angry,angry,p06,M20,p06:M20,M,False,24200,1,2,180784,7.470413223,NONE,
feca03a3b0d8f16f,train,Angry/angry_p06_M20_4234_4240_vocals.wav,angry_p06_M20_4234_4240_vocals.wav,feca03a3b0d8f16ff6a86d0bfa8ea13a9f2b89cebb10aaf64c9cde2e6d648f43,angry_p06_m20_4234_4240,processed,angry,angry,angry,p06,M20,p06:M20,M,False,24400,1,2,182278,7.470409836,NONE,
b5f378f542276991,train,Angry/angry_p06_M20_4257_4304_vocals.wav,angry_p06_M20_4257_4304_vocals.wav,b5f378f54227699153e622e9b7c1f6243332382d77d07f933e510fa2acd59c70,angry_p06_m20_4257_4304,processed,angry,angry,angry,p06,M20,p06:M20,M,False,24400,1,2,175709,7.201188525,NONE,
fc9039fb19e9ea42,train,Angry/angry_p07_M19_4756_4800.wav,angry_p07_M19_4756_4800.wav,fc9039fb19e9ea422a20d01b60e26d42b22debe34bc4874c2eb3100555349ca3,angry_p07_m19_4756_4800,raw,angry,angry,angry,p07,M19,p07:M19,M,False,24200,1,2,100097,4.136239669,NONE,
7c7e8d55dcb8779f,train,Angry/happy_p04_F8_2943_2946_vocals.wav,happy_p04_F8_2943_2946_vocals.wav,7c7e8d55dcb8779f9f1e68b41fec4e429193b6e700141bcd367eea3321a1ee01,happy_p04_f8_2943_2946,processed,angry,happy,happy,p04,F8,p04:F8,F,False,24200,1,2,83786,3.462231405,NONE,folder_filename_label_mismatch
3b7a670420983548,train,Anxiety/anxiety_p02_F3_10129_10132_vocals.wav,anxiety_p02_F3_10129_10132_vocals.wav,3b7a670420983548139cb740ae78430ac9c31a2bb9e62babfbe96d8d1db05f2b,anxiety_p02_f3_10129_10132,processed,anxiety,anxiety,anxiety,p02,F3,p02:F3,F,False,24200,1,2,85660,3.539669421,NONE,
19a9a24156456ef6,train,Anxiety/anxiety_p02_F3_4144_4148.wav,anxiety_p02_F3_4144_4148.wav,19a9a24156456ef6e0afe7b1ec4af058ec9dd8916353dda5c0b4f11ca5055cd8,anxiety_p02_f3_4144_4148,raw,anxiety,anxiety,anxiety,p02,F3,p02:F3,F,False,24200,1,2,91287,3.772190083,NONE,
edabf2ad65723c6f,train,Anxiety/anxiety_p02_F3_4512_4515.wav,anxiety_p02_F3_4512_4515.wav,edabf2ad65723c6fd18d805ebaff7f5160b21f8f04863ab501bce981c1cc256f,anxiety_p02_f3_4512_4515,raw,anxiety,anxiety,anxiety,p02,F3,p02:F3,F,False,24200,1,2,81908,3.384628099,NONE,
55d0d54b6df85391,train,Anxiety/anxiety_p02_F3_4512_4517.wav,anxiety_p02_F3_4512_4517.wav,55d0d54b6df853919f93bc9c87029cbd9bb9b355aaadc8cdd69f3a05a75d811f,anxiety_p02_f3_4512_4517,raw,anxiety,anxiety,anxiety,p02,F3,p02:F3,F,False,24200,1,2,145997,6.032933884,NONE,
30e3381c280eda93,train,Anxiety/anxiety_p03_F11_1842_1846.wav,anxiety_p03_F11_1842_1846.wav,30e3381c280eda935ad7882645a1bd945547e606694e925b3ba1550d74a04ad8,anxiety_p03_f11_1842_1846,raw,anxiety,anxiety,anxiety,p03,F11,p03:F11,F,False,16000,1,2,65543,4.0964375,NONE,
8e0d2350bd21e152,train,Anxiety/anxiety_p03_F11_1842_1846_vocals.wav,anxiety_p03_F11_1842_1846_vocals.wav,8e0d2350bd21e152055e4d206c09bc8fc7557a01b4e6a630942cfe011ec5c44d,anxiety_p03_f11_1842_1846,processed,anxiety,anxiety,anxiety,p03,F11,p03:F11,F,False,24200,1,2,99134,4.096446281,NONE,
f4543331b70e9683,train,Anxiety/anxiety_p03_F11_1852_1856_vocals.wav,anxiety_p03_F11_1852_1856_vocals.wav,f4543331b70e9683ec152306a9a13bd84f1494a82d602ce72a1b2ce847f30e0c,anxiety_p03_f11_1852_1856,processed,anxiety,anxiety,anxiety,p03,F11,p03:F11,F,False,24200,1,2,99948,4.130082645,NONE,
975ce2dc50ab1fb1,train,Anxiety/anxiety_p03_F12_4523_4516.wav,anxiety_p03_F12_4523_4516.wav,975ce2dc50ab1fb1b8a252dfdeeac5e03a8f63fee0e0fc15f8c0c4e7d52f49dd,anxiety_p03_f12_4523_4516,raw,anxiety,anxiety,anxiety,p03,F12,p03:F12,F,False,16000,1,2,53750,3.359375,NONE,
6bfe42effd9b58cd,train,Anxiety/anxiety_p03_F12_4635_4639.wav,anxiety_p03_F12_4635_4639.wav,6bfe42effd9b58cd4eaf8b19677f3be8c418fa99c73e6607fcf58375ef12283e,anxiety_p03_f12_4635_4639,raw,anxiety,anxiety,anxiety,p03,F12,p03:F12,F,False,16000,1,2,82798,5.174875,NONE,
8b7bebec64a88f69,train,Anxiety/anxiety_p03_F13_2315_2318.wav,anxiety_p03_F13_2315_2318.wav,8b7bebec64a88f69e5ad4f56ee1774dbe323b0ba12672343fd8e4ad928cd398b,anxiety_p03_f13_2315_2318,raw,anxiety,anxiety,anxiety,p03,F13,p03:F13,F,False,16000,1,2,60524,3.78275,NONE,
c93700c9a395fc33,train,Anxiety/anxiety_p03_F13_2315_2318_vocals.wav,anxiety_p03_F13_2315_2318_vocals.wav,c93700c9a395fc33187b307b34569b82ad3da36aadf9ed0023dbb2a137f0e852,anxiety_p03_f13_2315_2318,processed,anxiety,anxiety,anxiety,p03,F13,p03:F13,F,False,24200,1,2,91543,3.782768595,NONE,
ff5ed3cf8403c9d6,train,Anxiety/anxiety_p03_F4_t7_4307_4310.wav,anxiety_p03_F4_t7_4307_4310.wav,ff5ed3cf8403c9d60b81ef2409d8e029be2382776a174df65608c86684d1a772,anxiety_p03_f4_t7_4307_4310,raw,anxiety,anxiety,anxiety,p03,F4,p03:F4,F,False,24200,1,2,75674,3.127024793,NONE,
6d55b728b8bc521d,train,Anxiety/anxiety_p03_M16_1831_1835.wav,anxiety_p03_M16_1831_1835.wav,6d55b728b8bc521d81b7a6654bb88d3333c16bae9238626186b562c111ef0fcc,anxiety_p03_m16_1831_1835,raw,anxiety,anxiety,anxiety,p03,M16,p03:M16,M,False,16000,1,2,66726,4.170375,NONE,
cc578507aefdc315,train,Anxiety/anxiety_p03_M16_1831_1835_vocals.wav,anxiety_p03_M16_1831_1835_vocals.wav,cc578507aefdc3156fa049350d01d88bace7956fd2b1387093aa99f529f8cd3a,anxiety_p03_m16_1831_1835,processed,anxiety,anxiety,anxiety,p03,M16,p03:M16,M,False,24200,1,2,100923,4.170371901,NONE,
da1769594a021fa6,train,Anxiety/anxiety_p03_M16_3128_3135.wav,anxiety_p03_M16_3128_3135.wav,da1769594a021fa69755cf47ea8c4aadad557dc3c8e5f638e3399ea531d5574a,anxiety_p03_m16_3128_3135,raw,anxiety,anxiety,anxiety,p03,M16,p03:M16,M,False,16000,1,2,123715,7.7321875,NONE,
e6669dda2a086019,train,Anxiety/anxiety_p03_M16_3137_3139.wav,anxiety_p03_M16_3137_3139.wav,e6669dda2a086019604694b4529293dd7b8716a102269af1d096bff937e5fe89,anxiety_p03_m16_3137_3139,raw,anxiety,anxiety,anxiety,p03,M16,p03:M16,M,False,16000,1,2,36182,2.261375,NONE,
ab7aa8b3b73b164d,train,Anxiety/anxiety_p03_M16_4723_4726.wav,anxiety_p03_M16_4723_4726.wav,ab7aa8b3b73b164d4bdfaf32529ac849d9ee35f216c321c5cfb60ebde85cac80,anxiety_p03_m16_4723_4726,raw,anxiety,anxiety,anxiety,p03,M16,p03:M16,M,False,16000,1,2,61871,3.8669375,NONE,
96786a69f33e8a5b,train,Anxiety/anxiety_p03_M5_2536_2541.wav,anxiety_p03_M5_2536_2541.wav,96786a69f33e8a5b57a61c2ded7bb7bde506e35af13fe57cd47a71c366788d7a,anxiety_p03_m5_2536_2541,raw,anxiety,anxiety,anxiety,p03,M5,p03:M5,M,False,16000,1,2,69485,4.3428125,NONE,
1963108f159d89de,train,Anxiety/anxiety_p03_M5_2536_2541_vocals.wav,anxiety_p03_M5_2536_2541_vocals.wav,1963108f159d89def35d410cf8f27e53a012028cd0967abf42807a9838846915,anxiety_p03_m5_2536_2541,processed,anxiety,anxiety,anxiety,p03,M5,p03:M5,M,False,24200,1,2,105097,4.34285124,NONE,
0509efe040813856,train,Anxiety/anxiety_p03_M6_1804_18_11.wav,anxiety_p03_M6_1804_18_11.wav,0509efe040813856277ffd165ddf8c46714a086cb6ad11d0435795b928e43695,anxiety_p03_m6_1804_18_11,raw,anxiety,anxiety,anxiety,p03,M6,p03:M6,M,False,16000,1,2,111726,6.982875,NONE,
3832b97d6ffeeb4c,train,Anxiety/anxiety_p03_M6_1804_18_11_vocals.wav,anxiety_p03_M6_1804_18_11_vocals.wav,3832b97d6ffeeb4c4d0fb68619c2016c2745c533035ee477d6c501d40c6ea461,anxiety_p03_m6_1804_18_11,processed,anxiety,anxiety,anxiety,p03,M6,p03:M6,M,False,24200,1,2,168986,6.982892562,NONE,
f6f9f53e2b307f4c,train,Anxiety/anxiety_p03_M6_1820_1825.wav,anxiety_p03_M6_1820_1825.wav,f6f9f53e2b307f4c3b10967e198cc416dcccabe5e03dcab4c295a5626df4884e,anxiety_p03_m6_1820_1825,raw,anxiety,anxiety,anxiety,p03,M6,p03:M6,M,False,16000,1,2,87732,5.48325,NONE,
0f97b7e79514b79e,train,Anxiety/anxiety_p03_M6_1820_1825_vocals.wav,anxiety_p03_M6_1820_1825_vocals.wav,0f97b7e79514b79e732274fa7478a57ee174955f8e17dad92d036cfb2ccbccc6,anxiety_p03_m6_1820_1825,processed,anxiety,anxiety,anxiety,p03,M6,p03:M6,M,False,24200,1,2,132695,5.483264463,NONE,
3950a20126966f34,train,Anxiety/anxiety_p03_t2_F14_4730_4731.wav,anxiety_p03_t2_F14_4730_4731.wav,3950a20126966f3466cb82fdd37f854fedbb62760b2c07a5fe20c72b5e6545ef,anxiety_p03_t2_f14_4730_4731,raw,anxiety,anxiety,anxiety,p03,F14,p03:F14,F,False,16000,1,2,21600,1.35,NONE,
3a1f4998eb557c55,train,Anxiety/anxiety_p03_t2_M21_4430_4434.wav,anxiety_p03_t2_M21_4430_4434.wav,3a1f4998eb557c552d80795633f184580e742b966e0edfe75bdc12cf7557c671,anxiety_p03_t2_m21_4430_4434,raw,anxiety,anxiety,anxiety,p03,M21,p03:M21,M,False,16000,1,2,75143,4.6964375,NONE,
39dd147db2f20bff,train,Anxiety/anxiety_p03_t3_F14_457_502.wav,anxiety_p03_t3_F14_457_502.wav,39dd147db2f20bff09edc1dc9c4836a60bf8240335ddde4a84c611dd636cdbd3,anxiety_p03_t3_f14_457_502,raw,anxiety,anxiety,anxiety,p03,F14,p03:F14,F,False,24200,1,2,114010,4.711157025,NONE,
dcc86084ca5140f8,train,Anxiety/anxiety_p03_t3_F14_507_512.wav,anxiety_p03_t3_F14_507_512.wav,dcc86084ca5140f857ccf9f71c9da59e41215799f75ee8a2d68afb0d4d2fb974,anxiety_p03_t3_f14_507_512,raw,anxiety,anxiety,anxiety,p03,F14,p03:F14,F,False,24200,1,2,137546,5.683719008,NONE,
bc84cba470575a6e,train,Anxiety/anxiety_p03_t3_F14_507_512_vocals.wav,anxiety_p03_t3_F14_507_512_vocals.wav,bc84cba470575a6e339ba1f3678aed5654edc7ef4778f598ab0c4115835b7687,anxiety_p03_t3_f14_507_512,processed,anxiety,anxiety,anxiety,p03,F14,p03:F14,F,False,24400,1,2,138683,5.683729508,NONE,
ec669699c790e1f3,train,Anxiety/anxiety_p04_F15_12302_12304.wav,anxiety_p04_F15_12302_12304.wav,ec669699c790e1f3e403942329676e86510c3ac4b1abcf8ec82e1f9b2ad35ac8,anxiety_p04_f15_12302_12304,raw,anxiety,anxiety,anxiety,p04,F15,p04:F15,F,False,24200,1,2,49958,2.064380165,NONE,
0f781833ad6bf7e3,train,Anxiety/anxiety_p04_F15_12316_12320_vocals.wav,anxiety_p04_F15_12316_12320_vocals.wav,0f781833ad6bf7e35edf6542232caedff679459bf8926ffc9d5e608c67898aad,anxiety_p04_f15_12316_12320,processed,anxiety,anxiety,anxiety,p04,F15,p04:F15,F,False,24200,1,2,113592,4.693884298,NONE,
ae77415dc0c8f930,train,Anxiety/anxiety_p04_F7_12843_12845_vocals.wav,anxiety_p04_F7_12843_12845_vocals.wav,ae77415dc0c8f930dafe47bc8c0f2b65199d8a6f7e9737d54f089167226b3e3c,anxiety_p04_f7_12843_12845,processed,anxiety,anxiety,anxiety,p04,F7,p04:F7,F,False,24200,1,2,61453,2.539380165,NONE,
f0b0868e3863d390,train,Anxiety/anxiety_p04_F7_2214_2216_vocals.wav,anxiety_p04_F7_2214_2216_vocals.wav,f0b0868e3863d39056480c87d4e2a52fb55eb14f4712a187b6298ab76aa0e052,anxiety_p04_f7_2214_2216,processed,anxiety,anxiety,anxiety,p04,F7,p04:F7,F,False,24200,1,2,58518,2.418099174,NONE,
b455671fa81e6fed,train,Anxiety/anxiety_p04_F7_2420_2422_vocals.wav,anxiety_p04_F7_2420_2422_vocals.wav,b455671fa81e6fed686b6c051c5c077fa884b18951b6228f90d4c8c60d3ff85a,anxiety_p04_f7_2420_2422,processed,anxiety,anxiety,anxiety,p04,F7,p04:F7,F,False,24200,1,2,50395,2.082438017,NONE,
5c697b4fab1cb468,train,Anxiety/anxiety_p04_F7_3259_3303_vocals.wav,anxiety_p04_F7_3259_3303_vocals.wav,5c697b4fab1cb468465e6727f246e4051502f7a8104b5c14f2f42ce131a6fb81,anxiety_p04_f7_3259_3303,processed,anxiety,anxiety,anxiety,p04,F7,p04:F7,F,False,24200,1,2,117226,4.844049587,NONE,
96ccc67e24b580ea,train,Anxiety/anxiety_p04_F7_5326_5233_vocals.wav,anxiety_p04_F7_5326_5233_vocals.wav,96ccc67e24b580ea8a92d71408b427c674386a3c3173cd9ec3c1dbe75fb64942,anxiety_p04_f7_5326_5233,processed,anxiety,anxiety,anxiety,p04,F7,p04:F7,F,False,24200,1,2,168695,6.970867769,NONE,
8c59f2e920cb91dc,train,Anxiety/anxiety_p04_F8_11722_11725.wav,anxiety_p04_F8_11722_11725.wav,8c59f2e920cb91dc3a391d3667893cea26f2208c64bd90be77be9fbe5b126298,anxiety_p04_f8_11722_11725,raw,anxiety,anxiety,anxiety,p04,F8,p04:F8,F,False,24200,1,2,94637,3.910619835,NONE,
24e7ccf45ae84820,train,Anxiety/anxiety_p04_F8_13759_13802_vocals.wav,anxiety_p04_F8_13759_13802_vocals.wav,24e7ccf45ae84820dfed1b9315de8c6b7c1f35753a418251b1e4aff0921454d8,anxiety_p04_f8_13759_13802,processed,anxiety,anxiety,anxiety,p04,F8,p04:F8,F,False,24200,1,2,76817,3.174256198,NONE,
fe18df5bacd30654,train,Anxiety/anxiety_p04_F8_4150_4154.wav,anxiety_p04_F8_4150_4154.wav,fe18df5bacd306544d777de581a2d63a590620a4425b17b759f445fed234fed2,anxiety_p04_f8_4150_4154,raw,anxiety,anxiety,anxiety,p04,F8,p04:F8,F,False,24200,1,2,101258,4.184214876,NONE,
d361331d634dd919,train,Anxiety/anxiety_p04_F8_4154_4157_vocals.wav,anxiety_p04_F8_4154_4157_vocals.wav,d361331d634dd919807551ee4b5d8c1c6fd1935763cf43cc626832a821e0c82d,anxiety_p04_f8_4154_4157,processed,anxiety,anxiety,anxiety,p04,F8,p04:F8,F,False,24200,1,2,64813,2.67822314,NONE,
8d7de5f5f80463c2,train,Anxiety/anxiety_p04_M17_3054_3058_vocals.wav,anxiety_p04_M17_3054_3058_vocals.wav,8d7de5f5f80463c2771dbc2d8dfce2069dca728008446402a0e7e5be7c49f433,anxiety_p04_m17_3054_3058,processed,anxiety,anxiety,anxiety,p04,M17,p04:M17,M,False,24200,1,2,108208,4.471404959,NONE,
211a93d40fcad182,train,Anxiety/anxiety_p04_M17_4536_4543_vocals.wav,anxiety_p04_M17_4536_4543_vocals.wav,211a93d40fcad182f4695c3a4138307bb018761fa5456c60dd0520bd211de8ac,anxiety_p04_m17_4536_4543,processed,anxiety,anxiety,anxiety,p04,M17,p04:M17,M,False,24200,1,2,201200,8.314049587,NONE,
81e87ab6de6243bb,train,Anxiety/anxiety_p04_M17_4553_4556.wav,anxiety_p04_M17_4553_4556.wav,81e87ab6de6243bbd81c927a39b396941d8ff8cd6d4333c7584d2754bc79b75c,anxiety_p04_m17_4553_4556,raw,anxiety,anxiety,anxiety,p04,M17,p04:M17,M,False,24200,1,2,72139,2.980950413,NONE,
f89198856a9487ee,train,Anxiety/anxiety_p04_M18_10215_10220.wav,anxiety_p04_M18_10215_10220.wav,f89198856a9487ee6e35ff5525f5a3e08495cf02d541fb97ecc5b26bcd843f35,anxiety_p04_m18_10215_10220,raw,anxiety,anxiety,anxiety,p04,M18,p04:M18,M,False,24200,1,2,140616,5.810578512,NONE,
c8a17d7d697b9681,train,Anxiety/anxiety_p04_M18_10215_10220_vocals.wav,anxiety_p04_M18_10215_10220_vocals.wav,c8a17d7d697b9681735a09f8cf58cd2959aa1d649d9db99ee59645e95949b5ed,anxiety_p04_m18_10215_10220,processed,anxiety,anxiety,anxiety,p04,M18,p04:M18,M,False,24200,1,2,140616,5.810578512,NONE,
bd475390497c41dd,train,Anxiety/anxiety_p04_M18_11615_11619.wav,anxiety_p04_M18_11615_11619.wav,bd475390497c41ddb82112922a16cd43f1627341dc756c5f71cc0f9f9e580275,anxiety_p04_m18_11615_11619,raw,anxiety,anxiety,anxiety,p04,M18,p04:M18,M,False,24200,1,2,111142,4.592644628,NONE,
e97163c7b4571d1f,train,Anxiety/anxiety_p04_M18_11615_11621.wav,anxiety_p04_M18_11615_11621.wav,e97163c7b4571d1fda2f0ca867e830598485f009911d1e1bc4907dce82cd8113,anxiety_p04_m18_11615_11621,raw,anxiety,anxiety,anxiety,p04,M18,p04:M18,M,False,24200,1,2,159025,6.571280992,NONE,
43c680e67eca5b5e,train,Anxiety/anxiety_p04_M18_12413_12415.wav,anxiety_p04_M18_12413_12415.wav,43c680e67eca5b5e2103869d49b88d4a7e7e2720d5a95e3dd38117ffbf0ea038,anxiety_p04_m18_12413_12415,raw,anxiety,anxiety,anxiety,p04,M18,p04:M18,M,False,24200,1,2,69861,2.886818182,NONE,
06f15098c40cdc7e,train,Anxiety/anxiety_p04_M18_2804_2805.wav,anxiety_p04_M18_2804_2805.wav,06f15098c40cdc7ec697cb7abfd09927306b8d41ee51c15b7a1e5076e2c69bdb,anxiety_p04_m18_2804_2805,raw,anxiety,anxiety,anxiety,p04,M18,p04:M18,M,False,24200,1,2,57852,2.390578512,NONE,
c9ea0cdbf4369487,train,Anxiety/anxiety_p04_M18_3226_3228.wav,anxiety_p04_M18_3226_3228.wav,c9ea0cdbf43694870491d0cbfe38c68ee55b966597b855d955a60f82fbe67ad1,anxiety_p04_m18_3226_3228,raw,anxiety,anxiety,anxiety,p04,M18,p04:M18,M,False,24200,1,2,75709,3.128471074,NONE,
e59f80bc2b7aa110,train,Anxiety/anxiety_p04_M18_3226_3228_vocals.wav,anxiety_p04_M18_3226_3228_vocals.wav,e59f80bc2b7aa11042fc8deb05ca27be9c21a5092eada1fbafc63f61a68504d3,anxiety_p04_m18_3226_3228,processed,anxiety,anxiety,anxiety,p04,M18,p04:M18,M,False,24200,1,2,75709,3.128471074,NONE,
419b85862e5f8630,train,Anxiety/anxiety_p04_M18_3324_3327_vocals.wav,anxiety_p04_M18_3324_3327_vocals.wav,419b85862e5f86300a10030f6fbe1728a7a94a710984ecfa230407bfe6e58471,anxiety_p04_m18_3324_3327,processed,anxiety,anxiety,anxiety,p04,M18,p04:M18,M,False,24200,1,2,105203,4.347231405,NONE,
fc4abf11f94e499c,train,Anxiety/anxiety_p04_M18_5904_5909_vocals.wav,anxiety_p04_M18_5904_5909_vocals.wav,fc4abf11f94e499c193fe2ba3bc9466c9733b50cd95090a4d682f5974f234752,anxiety_p04_m18_5904_5909,processed,anxiety,anxiety,anxiety,p04,M18,p04:M18,M,False,24200,1,2,133704,5.524958678,NONE,
2ac9df348c5c2606,train,Anxiety/anxiety_p04_M22_2238_2241.wav,anxiety_p04_M22_2238_2241.wav,2ac9df348c5c2606a1f105d5dffa5ebbe5aa7db7d7a824dcee188975b963d674,anxiety_p04_m22_2238_2241,raw,anxiety,anxiety,anxiety,p04,M22,p04:M22,M,False,24200,1,2,85817,3.546157025,NONE,
c66860fd2b18e764,train,Anxiety/anxiety_p04_M22_2247_2251.wav,anxiety_p04_M22_2247_2251.wav,c66860fd2b18e764e56fc2fe17f19f51de3231829e8531afa96cfb98940cdc2f,anxiety_p04_m22_2247_2251,raw,anxiety,anxiety,anxiety,p04,M22,p04:M22,M,False,24200,1,2,122768,5.073057851,NONE,
8d08dda2908b8782,train,Anxiety/anxiety_p04_M23_13750_13751.wav,anxiety_p04_M23_13750_13751.wav,8d08dda2908b87826cfad1819a5424c129664eb0d56979cc5ebb30e096a5eefc,anxiety_p04_m23_13750_13751,raw,anxiety,anxiety,anxiety,p04,M23,p04:M23,M,False,24200,1,2,31901,1.31822314,NONE,
5eab9bd17e876d94,train,Anxiety/anxiety_p06_F18_1624_1632.wav,anxiety_p06_F18_1624_1632.wav,5eab9bd17e876d94cac8a1045eee01790155746ee82036bb73cecabf5b0519b3,anxiety_p06_f18_1624_1632,raw,anxiety,anxiety,anxiety,p06,F18,p06:F18,F,False,24200,1,2,220686,9.119256198,NONE,
c79a6ab5c21ec87f,train,Anxiety/anxiety_p06_F18_3315_3320.wav,anxiety_p06_F18_3315_3320.wav,c79a6ab5c21ec87fc8b56d6b53c9b4c869ea4f7fc03d2699ccc4559518304555,anxiety_p06_f18_3315_3320,raw,anxiety,anxiety,anxiety,p06,F18,p06:F18,F,False,24200,1,2,141288,5.838347107,NONE,
7194704f667859bb,train,Anxiety/anxiety_p06_F9_2544_2550_vocals.wav,anxiety_p06_F9_2544_2550_vocals.wav,7194704f667859bbc68c4be56194a42963f8c2aeb1c315a2e717e215a31a885e,anxiety_p06_f9_2544_2550,processed,anxiety,anxiety,anxiety,p06,F9,p06:F9,F,False,24400,1,2,151488,6.20852459,NONE,
c541f97dfc8eb674,train,Anxiety/anxiety_p06_F9_2550_2553_vocals.wav,anxiety_p06_F9_2550_2553_vocals.wav,c541f97dfc8eb6742214bcbe4b5a0a828f7306edca92819e512726347446b465,anxiety_p06_f9_2550_2553,processed,anxiety,anxiety,anxiety,p06,F9,p06:F9,F,False,24400,1,2,78002,3.196803279,NONE,
745d1162ecb8183a,train,Anxiety/anxiety_p06_F9_2557-2600_vocals.wav,anxiety_p06_F9_2557-2600_vocals.wav,745d1162ecb8183a9d45178362cda12b208fa4c319407901c2bd610685a24673,anxiety_p06_f9_2557-2600,processed,anxiety,anxiety,anxiety,p06,F9,p06:F9,F,False,24400,1,2,81697,3.348237705,NONE,
4c995afad30f516d,train,Anxiety/anxiety_p06_F9_3311_3314.wav,anxiety_p06_F9_3311_3314.wav,4c995afad30f516dac805b1d8af98b3431dce6783ad228c5706e434f3523f34a,anxiety_p06_f9_3311_3314,raw,anxiety,anxiety,anxiety,p06,F9,p06:F9,F,False,24200,1,2,73698,3.045371901,NONE,
1a4618e46c5ff2c5,train,Anxiety/anxiety_p07_F16_11641_11646.wav,anxiety_p07_F16_11641_11646.wav,1a4618e46c5ff2c52d604c38bd2f2ab4e9da7be9b3f18c3ff4f7fcf5c9727ee0,anxiety_p07_f16_11641_11646,raw,anxiety,anxiety,anxiety,p07,F16,p07:F16,F,False,24200,1,2,142511,5.888884298,NONE,
7e1288137379410e,train,Anxiety/anxiety_p07_F16_11641_11646_vocals.wav,anxiety_p07_F16_11641_11646_vocals.wav,7e1288137379410e06d1ab57082c754d18f3f7ed4c000bdf2ce6971286a8be93,anxiety_p07_f16_11641_11646,processed,anxiety,anxiety,anxiety,p07,F16,p07:F16,F,False,24400,1,2,143689,5.888893443,NONE,
16f87b92a38eb250,train,Anxiety/anxiety_p07_F16_11759_11803.wav,anxiety_p07_F16_11759_11803.wav,16f87b92a38eb250322d4b419670d0b61b1c943fb90dee88e44848586ff8f164,anxiety_p07_f16_11759_11803,raw,anxiety,anxiety,anxiety,p07,F16,p07:F16,F,False,24200,1,2,91111,3.764917355,NONE,
896a6baaf0c55c82,train,Anxiety/anxiety_p07_F16_13053_13057.wav,anxiety_p07_F16_13053_13057.wav,896a6baaf0c55c82931bc104b60bc3ac3bdc02e4e6f0cea544f1e822c2da1613,anxiety_p07_f16_13053_13057,raw,anxiety,anxiety,anxiety,p07,F16,p07:F16,F,False,24200,1,2,105551,4.36161157,NONE,
9d14488e91a236f2,train,Anxiety/anxiety_p07_F16_13053_13057_vocals.wav,anxiety_p07_F16_13053_13057_vocals.wav,9d14488e91a236f2d9e9adde3dd80765c575caefe78514360421cc76e0cedc73,anxiety_p07_f16_13053_13057,processed,anxiety,anxiety,anxiety,p07,F16,p07:F16,F,False,24400,1,2,106424,4.361639344,NONE,
bb5a4d4ca2d0b6ae,train,Anxiety/anxiety_p07_F17_13251_13256.wav,anxiety_p07_F17_13251_13256.wav,bb5a4d4ca2d0b6aea2a551875307d451dfd2fb83a5d1bfe7df102ac7b7580019,anxiety_p07_f17_13251_13256,raw,anxiety,anxiety,anxiety,p07,F17,p07:F17,F,False,24200,1,2,152654,6.308016529,NONE,
17bb2257673b5762,train,Anxiety/anxiety_p07_F17_13251_13256_vocals.wav,anxiety_p07_F17_13251_13256_vocals.wav,17bb2257673b576240d18af2350024d50ac72d12700ecf3f6f29a65b7d9025fd,anxiety_p07_f17_13251_13256,processed,anxiety,anxiety,anxiety,p07,F17,p07:F17,F,False,24400,1,2,153916,6.308032787,NONE,
8e2d5023d4ea2800,train,Anxiety/anxiety_p07_F17_257_311_vocals.wav,anxiety_p07_F17_257_311_vocals.wav,8e2d5023d4ea28008c697aa404dd046c40f2f34ab7e6f27ee0b1705ec6cfe73e,anxiety_p07_f17_257_311,processed,anxiety,anxiety,anxiety,p07,F17,p07:F17,F,False,24400,1,2,357674,14.658770492,NONE,
5235294e9f06ef25,train,Anxiety/anxiety_p07_F17_307_311_vocals.wav,anxiety_p07_F17_307_311_vocals.wav,5235294e9f06ef25e70ca38d5fd867c5ee5c193bbefa9bad875cf08a508b4d1a,anxiety_p07_f17_307_311,processed,anxiety,anxiety,anxiety,p07,F17,p07:F17,F,False,24400,1,2,112906,4.627295082,NONE,
551120a5ca111932,train,Anxiety/anxiety_p07_F24_12923_12929_vocals.wav,anxiety_p07_F24_12923_12929_vocals.wav,551120a5ca1119327a4df4ea30fe29cb8e95c165a74173bb56d45e49609757ae,anxiety_p07_f24_12923_12929,processed,anxiety,anxiety,anxiety,p07,F24,p07:F24,F,False,24400,1,2,145595,5.967008197,NONE,
f359a20c5a4e5874,train,Anxiety/anxiety_p07_F24_13005_13011.wav,anxiety_p07_F24_13005_13011.wav,f359a20c5a4e58748adbe5af297011541bb2b4b7d0f7323dc93034c71e8b0f3a,anxiety_p07_f24_13005_13011,raw,anxiety,anxiety,anxiety,p07,F24,p07:F24,F,False,24200,1,2,155061,6.407479339,NONE,
ce09f5d4d85406aa,train,Anxiety/anxiety_p08_F19_149_156.wav,anxiety_p08_F19_149_156.wav,ce09f5d4d85406aade55ea883c87ff414a03b2925b65a257e8f50be1c49083b8,anxiety_p08_f19_149_156,raw,anxiety,anxiety,anxiety,p08,F19,p08:F19,F,False,24200,1,2,180060,7.440495868,NONE,
5a029e5c9baf9529,train,Anxiety/anxiety_p08_F19_159_205.wav,anxiety_p08_F19_159_205.wav,5a029e5c9baf9529d9c8d8b589ab41bfab89afd94ac5aaa09543c3b1a840c94f,anxiety_p08_f19_159_205,raw,anxiety,anxiety,anxiety,p08,F19,p08:F19,F,False,24200,1,2,166831,6.893842975,NONE,
4431c58d92782f48,train,Anxiety/anxiety_p08_F19_306_312.wav,anxiety_p08_F19_306_312.wav,4431c58d92782f486e58e52d115c6f4fd9cd4fc68e869d8c411336b7257850a5,anxiety_p08_f19_306_312,raw,anxiety,anxiety,anxiety,p08,F19,p08:F19,F,False,24200,1,2,154337,6.377561983,NONE,
57628d2e5b4acbaf,train,Anxiety/anxiety_p08_F19_42_44.wav,anxiety_p08_F19_42_44.wav,57628d2e5b4acbaf42845f1cd251f2358e8a917e7d525bf906a4a1ccff642ded,anxiety_p08_f19_42_44,raw,anxiety,anxiety,anxiety,p08,F19,p08:F19,F,False,24200,1,2,37389,1.545,NONE,
36e04ac95e96fb1b,train,Anxiety/anxiety_p08_F20_826_830.wav,anxiety_p08_F20_826_830.wav,36e04ac95e96fb1b117b16065ad9ec546777e9f2d6d28af213cf26dfe5cb7815,anxiety_p08_f20_826_830,raw,anxiety,anxiety,anxiety,p08,F20,p08:F20,F,False,24200,1,2,104263,4.30838843,NONE,
460819e01a6e82ba,train,Anxiety/anxiety_p08_F20_837_842.wav,anxiety_p08_F20_837_842.wav,460819e01a6e82ba3f1d4af39ddbf2caa343efe6ed8ed6a05f3304f6cb34bda2,anxiety_p08_f20_837_842,raw,anxiety,anxiety,anxiety,p08,F20,p08:F20,F,False,24200,1,2,121754,5.031157025,NONE,
baf91c4867e2a48c,train,Anxiety/anxiety_p08_F20_nu_917_921.wav,anxiety_p08_F20_nu_917_921.wav,baf91c4867e2a48c7e8e32761337f374521f0d3b61e12e19e2355f09d90df5db,anxiety_p08_f20_nu_917_921,raw,anxiety,anxiety,anxiety,p08,F20,p08:F20,F,False,24200,1,2,111465,4.605991736,NONE,
b2a5dd92f8c26601,train,Anxiety/anxiety_p08_F21_103_105.wav,anxiety_p08_F21_103_105.wav,b2a5dd92f8c266010e2a0fdc420ff05ddc9d03c8096d029bb6110ab2d5ddce2f,anxiety_p08_f21_103_105,raw,anxiety,anxiety,anxiety,p08,F21,p08:F21,F,False,24200,1,2,61735,2.551033058,NONE,
81c35af3daa0707d,train,Anxiety/anxiety_p08_F21_124_129.wav,anxiety_p08_F21_124_129.wav,81c35af3daa0707d94c41d32df65014e71e0cb0d6e4c873a3ecb5f15fedf700b,anxiety_p08_f21_124_129,raw,anxiety,anxiety,anxiety,p08,F21,p08:F21,F,False,24200,1,2,130500,5.392561983,NONE,
a1337c92787ed3b0,train,Anxiety/anxiety_p08_F21_152_156.wav,anxiety_p08_F21_152_156.wav,a1337c92787ed3b0af86c3373d71877d519bf48cb5e2229cb83045dfa63cccaf,anxiety_p08_f21_152_156,raw,anxiety,anxiety,anxiety,p08,F21,p08:F21,F,False,24200,1,2,102376,4.230413223,NONE,
88dbd00ead0a1c67,train,Anxiety/anxiety_p08_F21_200_206.wav,anxiety_p08_F21_200_206.wav,88dbd00ead0a1c6712879b25fb6d7f1f80048f502879473c312e22319a03c4a8,anxiety_p08_f21_200_206,raw,anxiety,anxiety,anxiety,p08,F21,p08:F21,F,False,24200,1,2,145076,5.994876033,NONE,
7e2bdaf0cef8b216,train,Anxiety/anxiety_p08_F21_216_223.wav,anxiety_p08_F21_216_223.wav,7e2bdaf0cef8b2165987fbec45a2529e2d33d6dcc4f61feac5fd4a4dccbfb460,anxiety_p08_f21_216_223,raw,anxiety,anxiety,anxiety,p08,F21,p08:F21,F,False,24200,1,2,166340,6.873553719,NONE,
f9a79400068338f9,train,Anxiety/anxiety_p08_F21_36_43.wav,anxiety_p08_F21_36_43.wav,f9a79400068338f99ffd1fc1bcdc980b5ac2f79732624e21239adfbcc7941755,anxiety_p08_f21_36_43,raw,anxiety,anxiety,anxiety,p08,F21,p08:F21,F,False,24200,1,2,179544,7.419173554,NONE,
697f3e76f031f357,train,Anxiety/anxiety_p08_F21_nu_45_48.wav,anxiety_p08_F21_nu_45_48.wav,697f3e76f031f3572a325235fd9f66c036e4d685b7ff6407130797bede24e1b3,anxiety_p08_f21_nu_45_48,raw,anxiety,anxiety,anxiety,p08,F21,p08:F21,F,False,24200,1,2,68765,2.841528926,NONE,
39be828336af0efd,train,Anxiety/anxiety_p08_M25_317_322.wav,anxiety_p08_M25_317_322.wav,39be828336af0efd1167f2a526d961a6f75b23b862336c66e81a77f85e0ab0c8,anxiety_p08_m25_317_322,raw,anxiety,anxiety,anxiety,p08,M25,p08:M25,M,False,24200,1,2,126727,5.236652893,NONE,
7a9581c6bc54d4aa,train,Anxiety/anxiety_p09_F22_2013_2015.wav,anxiety_p09_F22_2013_2015.wav,7a9581c6bc54d4aaef7fa2f96a294e7106c0303964b2c2898c7917ebb998a13e,anxiety_p09_f22_2013_2015,raw,anxiety,anxiety,anxiety,p09,F22,p09:F22,F,False,24200,1,2,51853,2.14268595,NONE,
676fc486e3b15a3a,train,Anxiety/anxiety_p09_F22_2036_2038.wav,anxiety_p09_F22_2036_2038.wav,676fc486e3b15a3af70ab3f738822671c1458b48b85ef4f5a17bb840bc2a6672,anxiety_p09_f22_2036_2038,raw,anxiety,anxiety,anxiety,p09,F22,p09:F22,F,False,24200,1,2,47939,1.980950413,NONE,
473184d4b702a571,train,Anxiety/anxiety_p09_F22_2303_2308.wav,anxiety_p09_F22_2303_2308.wav,473184d4b702a57138f968371e9048afc4676af6188ea0b7d3a36a74bcbbecbf,anxiety_p09_f22_2303_2308,raw,anxiety,anxiety,anxiety,p09,F22,p09:F22,F,False,24200,1,2,135664,5.605950413,NONE,
339a0cbe45e1e605,train,Anxiety/anxiety_p09_F22_2309_2316.wav,anxiety_p09_F22_2309_2316.wav,339a0cbe45e1e605a416d1fcec42fe9c9606282ed857048444f04268148d6dfe,anxiety_p09_f22_2309_2316,raw,anxiety,anxiety,anxiety,p09,F22,p09:F22,F,False,24200,1,2,193713,8.004669421,NONE,
b1d80d8dcab3da6f,train,Anxiety/anxiety_p09_F22_nu_2827_2831.wav,anxiety_p09_F22_nu_2827_2831.wav,b1d80d8dcab3da6f5aee0a51b8c72043a06db082feec76d54644e1aee9410c4c,anxiety_p09_f22_nu_2827_2831,raw,anxiety,anxiety,anxiety,p09,F22,p09:F22,F,False,24200,1,2,121479,5.019793388,NONE,
ee386d7ef6b443ac,train,Anxiety/anxiety_p09_M24_2345_2348.wav,anxiety_p09_M24_2345_2348.wav,ee386d7ef6b443ac69f80bcfb5eb4f7184b20e0a0c8be4de85aba4a293742141,anxiety_p09_m24_2345_2348,raw,anxiety,anxiety,anxiety,p09,M24,p09:M24,M,False,24200,1,2,69626,2.877107438,NONE,
07603c497b32f1be,train,Anxiety/anxiety_p09_M24_2357_2403.wav,anxiety_p09_M24_2357_2403.wav,07603c497b32f1bec5e1cacf7d7cea1cdf125c7b2cb7c6456555a2973fa915af,anxiety_p09_m24_2357_2403,raw,anxiety,anxiety,anxiety,p09,M24,p09:M24,M,False,24200,1,2,150014,6.19892562,NONE,
6aa931bb7166d70e,train,Anxiety/anxiety_p09_M25_1955_2001.wav,anxiety_p09_M25_1955_2001.wav,6aa931bb7166d70ea7654be6c408c6b9f8e72c84ee66f81c8d05ea3a352defae,anxiety_p09_m25_1955_2001,raw,anxiety,anxiety,anxiety,p09,M25,p09:M25,M,False,24200,1,2,136159,5.626404959,NONE,
dd6d102a4a8ce781,train,Anxiety/anxiety_p09_M25_2019_2025.wav,anxiety_p09_M25_2019_2025.wav,dd6d102a4a8ce781141ff67a82dbfe043b2e4965080f4d3fe23b99f1bac30b0b,anxiety_p09_m25_2019_2025,raw,anxiety,anxiety,anxiety,p09,M25,p09:M25,M,False,24200,1,2,145611,6.016983471,NONE,
7e076d734a437cdb,train,Anxiety/anxiety_p09_M25_2059_2101.wav,anxiety_p09_M25_2059_2101.wav,7e076d734a437cdb669d8b49cd6d9ac36d817479018d38dab7ef8872043fe278,anxiety_p09_m25_2059_2101,raw,anxiety,anxiety,anxiety,p09,M25,p09:M25,M,False,24200,1,2,43537,1.799049587,NONE,
13cbf02d0fce2b13,train,Anxiety/anxiety_p09_M25_2104_2109.wav,anxiety_p09_M25_2104_2109.wav,13cbf02d0fce2b1342251fc8040c9b4518d2d196a3a51bcd89033d1dc90b2b11,anxiety_p09_m25_2104_2109,raw,anxiety,anxiety,anxiety,p09,M25,p09:M25,M,False,24200,1,2,143165,5.915909091,NONE,
0b984df99b3ddc9b,train,Anxiety/anxiety_p09_M25_2111_2115.wav,anxiety_p09_M25_2111_2115.wav,0b984df99b3ddc9b6c0f51f45f2103d5d96db94b418e4469c69ad6765a586692,anxiety_p09_m25_2111_2115,raw,anxiety,anxiety,anxiety,p09,M25,p09:M25,M,False,24200,1,2,98813,4.083181818,NONE,
dee409892b1e00d2,train,Anxiety/anxiety_p09_M25_2146_2151.wav,anxiety_p09_M25_2146_2151.wav,dee409892b1e00d2532501378b19caabd1ed7e57cf98dafdeb1f9859f038957c,anxiety_p09_m25_2146_2151,raw,anxiety,anxiety,anxiety,p09,M25,p09:M25,M,False,24200,2,2,134197,5.545330579,NONE,
63cc5523b38070f8,train,Anxiety/anxiety_p09_M25_2208_2210.wav,anxiety_p09_M25_2208_2210.wav,63cc5523b38070f88f8475f1825b324602a2def8f74cfe4b4c1401b491cedf62,anxiety_p09_m25_2208_2210,raw,anxiety,anxiety,anxiety,p09,M25,p09:M25,M,False,24200,1,2,57233,2.365,NONE,
ddcd98c2a02a9ada,train,Anxiety/anxiety_p09_M25_2224_2230.wav,anxiety_p09_M25_2224_2230.wav,ddcd98c2a02a9ada2983e72341775b152deb7c1db9669b1cc30cebdee8f0219e,anxiety_p09_m25_2224_2230,raw,anxiety,anxiety,anxiety,p09,M25,p09:M25,M,False,24200,1,2,160449,6.630123967,NONE,
1ba0d4922fced39b,train,Anxiety/anxiety_p09_M25_2242_2245.wav,anxiety_p09_M25_2242_2245.wav,1ba0d4922fced39bb722b025c443a223a4843e9ef2dbfd12e3c81d58a7933afd,anxiety_p09_m25_2242_2245,raw,anxiety,anxiety,anxiety,p09,M25,p09:M25,M,False,24200,1,2,72561,2.99838843,NONE,
c362944b6f9edbc6,train,Anxiety/anxiety_p09_M25_2325_2331.wav,anxiety_p09_M25_2325_2331.wav,c362944b6f9edbc6b221feb2fb47933d9ecc000802f5a0ea75937f9b25253753,anxiety_p09_m25_2325_2331,raw,anxiety,anxiety,anxiety,p09,M25,p09:M25,M,False,24200,1,2,148383,6.131528926,NONE,
e823a787139df145,train,Anxiety/anxiety_p09_M25_2332_2334.wav,anxiety_p09_M25_2332_2334.wav,e823a787139df145ea70a35f23f3b49bf9ba1bcd1a116016bd9114e25a6e14f7,anxiety_p09_m25_2332_2334,raw,anxiety,anxiety,anxiety,p09,M25,p09:M25,M,False,24200,1,2,57722,2.385206612,NONE,
d338ca89878253fc,train,Anxiety/anxiety_p09_M25_2508_2514.wav,anxiety_p09_M25_2508_2514.wav,d338ca89878253fcf1a6765a8de5d8c6129583326b5e2b38471f036ec83adf90,anxiety_p09_m25_2508_2514,raw,anxiety,anxiety,anxiety,p09,M25,p09:M25,M,False,24200,1,2,158656,6.556033058,NONE,
93b4a24e2e76f8ca,train,Anxiety/anxiety_p09_M25_2516_2521.wav,anxiety_p09_M25_2516_2521.wav,93b4a24e2e76f8ca05c1900e11502997358afa152fddb91de3769fdd0ced955c,anxiety_p09_m25_2516_2521,raw,anxiety,anxiety,anxiety,p09,M25,p09:M25,M,False,24200,1,2,133219,5.504917355,NONE,
4f1b7b2c25d0fefd,train,Anxiety/anxiety_p09_M25_3142_3144.wav,anxiety_p09_M25_3142_3144.wav,4f1b7b2c25d0fefddf4df13fbae36d52790375297d5687bd2211722d9a226bec,anxiety_p09_m25_3142_3144,raw,anxiety,anxiety,anxiety,p09,M25,p09:M25,M,False,24200,1,2,74517,3.079214876,NONE,
c90ea16b010dcba1,train,Anxiety/anxiety_p09_M25_3150_3155.wav,anxiety_p09_M25_3150_3155.wav,c90ea16b010dcba168b2e7596d6eb4109f8f3df5272511391cfc87b2f5d24120,anxiety_p09_m25_3150_3155,raw,anxiety,anxiety,anxiety,p09,M25,p09:M25,M,False,24200,1,2,217846,9.001900826,NONE,
460875bd2540b1c8,train,Happy/happ_p11_M2_3444_3450.wav,happ_p11_M2_3444_3450.wav,460875bd2540b1c8a2c6b1c2154dc0177b628728008d4370c90796deec9ca0a2,happ_p11_m2_3444_3450,raw,happy,happ,happy,p11,M2,p11:M2,M,False,24200,1,2,152240,6.290909091,NONE,filename_label_alias
bdaab2b8f93ed4a0,train,Happy/happy_M28_551_554.wav,happy_M28_551_554.wav,bdaab2b8f93ed4a065407004e5520309af1afaba736b96c5a718771d30d398bf,happy_m28_551_554,raw,happy,happy,happy,unknown,M28,unknown:M28,M,False,24200,1,2,132677,5.482520661,NONE,missing_source_id
27bf7c99757da721,train,Happy/happy_p02_F2_10652_10656.wav,happy_p02_F2_10652_10656.wav,27bf7c99757da72140d2a031034b99d8ef36585980997f2ec03d7450fa891e19,happy_p02_f2_10652_10656,raw,happy,happy,happy,p02,F2,p02:F2,F,False,24200,1,2,121612,5.025289256,NONE,
89558e6a2dc27ccb,train,Happy/happy_p02_F2_10704_10708.wav,happy_p02_F2_10704_10708.wav,89558e6a2dc27ccb0438d5cd84f44312711a6db80205c3df6dcbeb151e0f2ffe,happy_p02_f2_10704_10708,raw,happy,happy,happy,p02,F2,p02:F2,F,False,24200,1,2,103167,4.263099174,NONE,
adf6d68abad4bdc8,train,Happy/happy_p02_F2_10712_10716.wav,happy_p02_F2_10712_10716.wav,adf6d68abad4bdc82f195e8cce7eb60d0457a66d5a5c33d8b9b1d6b3d00cb5af,happy_p02_f2_10712_10716,raw,happy,happy,happy,p02,F2,p02:F2,F,False,24200,1,2,97540,4.030578512,NONE,
26bdc2021825480d,train,Happy/happy_p02_F2_10717_10721_vocals.wav,happy_p02_F2_10717_10721_vocals.wav,26bdc2021825480d3bafe9c2d35d7c21e777fc4613e99074814e13666dc2ee93,happy_p02_f2_10717_10721,processed,happy,happy,happy,p02,F2,p02:F2,F,False,24200,1,2,105668,4.366446281,NONE,
785018564d1a315b,train,Happy/happy_p02_F2_10731_10733.wav,happy_p02_F2_10731_10733.wav,785018564d1a315b60fd8365b846da65d1eaadfc0bca9470172f4588caba89f4,happy_p02_f2_10731_10733,raw,happy,happy,happy,p02,F2,p02:F2,F,False,24200,1,2,78782,3.255454545,NONE,
35e58c62533b8116,train,Happy/happy_p02_F2_5717_5721.wav,happy_p02_F2_5717_5721.wav,35e58c62533b8116494a8d40858d48b38eb2dd3f357314232296d443327677d0,happy_p02_f2_5717_5721,raw,happy,happy,happy,p02,F2,p02:F2,F,False,24200,1,2,120361,4.973595041,NONE,
064996ddf6f7d7ba,train,Happy/happy_p02_M1_3851_3854.wav,happy_p02_M1_3851_3854.wav,064996ddf6f7d7ba51308e0fba55fb40ac075c5dbcb4adb824dbcfe766be3655,happy_p02_m1_3851_3854,raw,happy,happy,happy,p02,M1,p02:M1,M,False,24200,1,2,66590,2.751652893,NONE,
a87b50f2a30cfab2,train,Happy/happy_p02_M26_10723_10726.wav,happy_p02_M26_10723_10726.wav,a87b50f2a30cfab2aa2337967c4ac5c2c68d0ca805f980df0966baaec7b349ec,happy_p02_m26_10723_10726,raw,happy,happy,happy,p02,M26,p02:M26,M,False,24200,1,2,109107,4.508553719,NONE,
ee400502ad012de2,train,Happy/happy_p02_M26_10853_10857.wav,happy_p02_M26_10853_10857.wav,ee400502ad012de2f60a4edf98b040c86692984140d942edb604d2622fdac681,happy_p02_m26_10853_10857,raw,happy,happy,happy,p02,M26,p02:M26,M,False,24200,1,2,101604,4.198512397,NONE,
996fe6001eb664d3,train,Happy/happy_p04_eb_F30_10006_10010_vocals.wav,happy_p04_eb_F30_10006_10010_vocals.wav,996fe6001eb664d319b935cbe44a680925b6ea04a645b3f3594b1ad6bf919ab5,happy_p04_eb_f30_10006_10010,processed,happy,happy,happy,p04,F30,p04:F30,F,True,24200,1,2,123767,5.114338843,NONE,
7d15e5a49b3c817c,train,Happy/happy_p04_eb_F30_5029_5033.wav,happy_p04_eb_F30_5029_5033.wav,7d15e5a49b3c817c95a6fb9fc8763868c2edc366957f8d0f163db43a287444a1,happy_p04_eb_f30_5029_5033,raw,happy,happy,happy,p04,F30,p04:F30,F,True,24200,1,2,106920,4.418181818,NONE,
fbc67c13d78c389b,train,Happy/happy_p04_F15_12312_12315.wav,happy_p04_F15_12312_12315.wav,fbc67c13d78c389b158bd8b352b0c8bfe7d8ea1017c8a01306471b09cd764324,happy_p04_f15_12312_12315,raw,happy,happy,happy,p04,F15,p04:F15,F,False,24200,1,2,79338,3.278429752,NONE,
9af5d1283e7de8d1,train,Happy/happy_p04_F15_12312_12315_vocals.wav,happy_p04_F15_12312_12315_vocals.wav,9af5d1283e7de8d13959202be5ba45824b6a84cfe91d2d0c128a3e2e34b2502f,happy_p04_f15_12312_12315,processed,happy,happy,happy,p04,F15,p04:F15,F,False,24200,1,2,79338,3.278429752,NONE,
ef26afa72e144f03,train,Happy/happy_p04_F15_1252_1256.wav,happy_p04_F15_1252_1256.wav,ef26afa72e144f0350ce65f0e52fa23d7fc9f3d8aebe640aba510b87a2b7542b,happy_p04_f15_1252_1256,raw,happy,happy,happy,p04,F15,p04:F15,F,False,24200,1,2,90040,3.720661157,NONE,
bce5c9b6b623788d,train,Happy/happy_p04_F31_4545_4550_vocals.wav,happy_p04_F31_4545_4550_vocals.wav,bce5c9b6b623788dc0e0ecf22d875f3876cb49aaf4fd6343c64f8d6f93fddecc,happy_p04_f31_4545_4550,processed,happy,happy,happy,p04,F31,p04:F31,F,False,24200,1,2,120232,4.968264463,NONE,
285e2e95f831bb53,train,Happy/happy_p04_F7_2023_2026.wav,happy_p04_F7_2023_2026.wav,285e2e95f831bb53dff85a1aa794245517c25b4f15c852ab269545c666e8ad41,happy_p04_f7_2023_2026,raw,happy,happy,happy,p04,F7,p04:F7,F,False,24200,1,2,73299,3.028884298,NONE,
1b8ed8b3ce5e88d4,train,Happy/happy_p04_F7_2025_2028.wav,happy_p04_F7_2025_2028.wav,1b8ed8b3ce5e88d4ab4f2165876b4232e6d3a1c8902edfeb8a5729aaa1796d79,happy_p04_f7_2025_2028,raw,happy,happy,happy,p04,F7,p04:F7,F,False,24200,1,2,78728,3.25322314,NONE,
b140e60634e7df33,train,Happy/happy_p04_F7_2227_2232.wav,happy_p04_F7_2227_2232.wav,b140e60634e7df33451756bc9b3a8ffa89794ced03c77b9e3fcf6c3e2d974318,happy_p04_f7_2227_2232,raw,happy,happy,happy,p04,F7,p04:F7,F,False,24200,1,2,137247,5.671363636,NONE,
18e72bdabe7082a4,train,Happy/happy_p04_F8_10050_10055.wav,happy_p04_F8_10050_10055.wav,18e72bdabe7082a4609ca0ac70f3383364d5b10570b9f7a5b7128618858405a6,happy_p04_f8_10050_10055,raw,happy,happy,happy,p04,F8,p04:F8,F,False,24200,1,2,119232,4.926942149,NONE,
67ab2f6269dcda21,train,Happy/happy_p04_F8_10101_10103.wav,happy_p04_F8_10101_10103.wav,67ab2f6269dcda21b5692e6a53ea7e22fa70e1df7cb31b40231cbbb8a447f5ab,happy_p04_f8_10101_10103,raw,happy,happy,happy,p04,F8,p04:F8,F,False,24200,1,2,64800,2.67768595,NONE,
b0633bd018265056,train,Happy/happy_p04_F8_10221_10224_vocals.wav,happy_p04_F8_10221_10224_vocals.wav,b0633bd018265056aaf717019780b78f2f5cf846b54abad1aa61dd8996155c26,happy_p04_f8_10221_10224,processed,happy,happy,happy,p04,F8,p04:F8,F,False,24200,1,2,92880,3.838016529,NONE,
61e5b3106e755336,train,Happy/happy_p04_F8_11105_11110.wav,happy_p04_F8_11105_11110.wav,61e5b3106e755336b14223c0c1eb5a734b57d9efdc2a0e8057f2e73fd0850fb9,happy_p04_f8_11105_11110,raw,happy,happy,happy,p04,F8,p04:F8,F,False,24200,1,2,222603,9.198471074,NONE,
ea7ec200c361561a,train,Happy/happy_p04_F8_11113_11119.wav,happy_p04_F8_11113_11119.wav,ea7ec200c361561aad74248151989aec208c594e69113af3e3696b3106e7f3b9,happy_p04_f8_11113_11119,raw,happy,happy,happy,p04,F8,p04:F8,F,False,24200,1,2,166274,6.870826446,NONE,
2df27de87c31f092,train,Happy/happy_p04_F8_11210_11413.wav,happy_p04_F8_11210_11413.wav,2df27de87c31f092ab4ae5596456dc6517cbaee65ab35472000e25d1fa22d292,happy_p04_f8_11210_11413,raw,happy,happy,happy,p04,F8,p04:F8,F,False,24200,1,2,85663,3.539793388,NONE,
83668542c6a5a7da,train,Happy/happy_p04_F8_11300_11303.wav,happy_p04_F8_11300_11303.wav,83668542c6a5a7da9275ca648a3c109e78cdaa4ddb122c580f6cfb7f82247833,happy_p04_f8_11300_11303,raw,happy,happy,happy,p04,F8,p04:F8,F,False,24200,1,2,74241,3.067809917,NONE,
5e696a4936be1cd2,train,Happy/happy_p04_F8_11715_11717.wav,happy_p04_F8_11715_11717.wav,5e696a4936be1cd2cc476082531eddce21104c7ba5d6f489f7b49034b6a65b99,happy_p04_f8_11715_11717,raw,happy,happy,happy,p04,F8,p04:F8,F,False,24200,1,2,55916,2.310578512,NONE,
8c6a1f5b8ba9ede9,train,Happy/happy_p04_F8_1846_1850.wav,happy_p04_F8_1846_1850.wav,8c6a1f5b8ba9ede9dcf961419a3bd3fe73e3ceb30078fbd64571f89ce683364a,happy_p04_f8_1846_1850,raw,happy,happy,happy,p04,F8,p04:F8,F,False,24200,1,2,104669,4.325165289,NONE,
dd48912130ac7312,train,Happy/happy_p04_F8_3507_3509.wav,happy_p04_F8_3507_3509.wav,dd48912130ac7312617367792f5aec9f54077dab300902beec2cba204dad3f37,happy_p04_f8_3507_3509,raw,happy,happy,happy,p04,F8,p04:F8,F,False,24200,1,2,59740,2.468595041,NONE,
5fcde81e0c61826a,train,Happy/happy_p04_F8_3931_3936.wav,happy_p04_F8_3931_3936.wav,5fcde81e0c61826a9646a1a333c79c08329b77fd7e0092f315564927ea8937dd,happy_p04_f8_3931_3936,raw,happy,happy,happy,p04,F8,p04:F8,F,False,24200,1,2,142775,5.899793388,NONE,
631c432149652065,train,Happy/happy_p04_F8_5009_5015.wav,happy_p04_F8_5009_5015.wav,631c432149652065684b850060e8d49755ad712d3adf2ab397ea63357e445c62,happy_p04_f8_5009_5015,raw,happy,happy,happy,p04,F8,p04:F8,F,False,24200,1,2,163511,6.756652893,NONE,
a296526edd097098,train,Happy/happy_p04_F8_50185021.wav,happy_p04_F8_50185021.wav,a296526edd097098a16aeea3cef09889fc26ac2f18b2bb98f801cd2ecc6bb65d,happy_p04_f8_50185021,raw,happy,happy,happy,p04,F8,p04:F8,F,False,24200,1,2,75599,3.12392562,NONE,
d647269f7005bca1,train,Happy/happy_p04_M17_2755_2757.wav,happy_p04_M17_2755_2757.wav,d647269f7005bca1ce32b7c38775c4c7dedb6ba794e6815f59e951d62ef4b5e1,happy_p04_m17_2755_2757,raw,happy,happy,happy,p04,M17,p04:M17,M,False,24200,1,2,60533,2.501363636,NONE,
95bf9f9fedd52abe,train,Happy/happy_p04_M17_3113_3117.wav,happy_p04_M17_3113_3117.wav,95bf9f9fedd52abe28d4d8333133c02fe5eeb0bdc069376233de5b8321b7ab0f,happy_p04_m17_3113_3117,raw,happy,happy,happy,p04,M17,p04:M17,M,False,24200,1,2,116662,4.820743802,NONE,
99ca86ca2886531a,train,Happy/happy_p04_M17_3149_3156.wav,happy_p04_M17_3149_3156.wav,99ca86ca2886531a24620ad088a9968e1ffa89bc6828f9f77cd669209d447a71,happy_p04_m17_3149_3156,raw,happy,happy,happy,p04,M17,p04:M17,M,False,24200,1,2,211720,8.748760331,NONE,
36ae60507e512e83,train,Happy/happy_p04_M17_3539_3540.wav,happy_p04_M17_3539_3540.wav,36ae60507e512e83e4df91e4be96eabeb1d1d15f76346e96991019281589f9c0,happy_p04_m17_3539_3540,raw,happy,happy,happy,p04,M17,p04:M17,M,False,24200,1,2,128685,5.317561983,NONE,
2fdb3db0ff744b7a,train,Happy/happy_p04_M17_4635_4640_vocals.wav,happy_p04_M17_4635_4640_vocals.wav,2fdb3db0ff744b7a0641a96484380b0ea551f5c56398c96d7ba920daed4ddec9,happy_p04_m17_4635_4640,processed,happy,happy,happy,p04,M17,p04:M17,M,False,24200,1,2,126995,5.247727273,NONE,
dc62f2f929074ba5,train,Happy/happy_p04_M18_10057_111102.wav,happy_p04_M18_10057_111102.wav,dc62f2f929074ba50335399341fbe84b2797cfb26ec3c5f444a99b2ac13299dd,happy_p04_m18_10057_111102,raw,happy,happy,happy,p04,M18,p04:M18,M,False,24200,1,2,129812,5.364132231,NONE,
e882d5a8bd46b1ec,train,Happy/happy_p04_M18_10305_10310_vocals.wav,happy_p04_M18_10305_10310_vocals.wav,e882d5a8bd46b1ec4f2bc0b22818c28167fc17a66c9c6ee0bb1db42afa12402d,happy_p04_m18_10305_10310,processed,happy,happy,happy,p04,M18,p04:M18,M,False,24200,1,2,204052,8.431900826,NONE,
ba77af8ca503f19e,train,Happy/happy_p04_M18_11010_11015.wav,happy_p04_M18_11010_11015.wav,ba77af8ca503f19edc7c91b25787dea2df07a95223ba668b8c5919cc48aa32b7,happy_p04_m18_11010_11015,raw,happy,happy,happy,p04,M18,p04:M18,M,False,24200,1,2,147804,6.107603306,NONE,
4aa3ae378e684d00,train,Happy/happy_p04_M18_11030_11035.wav,happy_p04_M18_11030_11035.wav,4aa3ae378e684d00c12651b556aebb311b52a11e6bac9fc96d31cdea403e71c1,happy_p04_m18_11030_11035,raw,happy,happy,happy,p04,M18,p04:M18,M,False,24200,1,2,229185,9.470454545,NONE,
6f879bb0ef363336,train,Happy/happy_p04_M18_11040_11045.wav,happy_p04_M18_11040_11045.wav,6f879bb0ef363336788c2a62af5ccc640937b480d5d62da1e7f7c3f150240a0c,happy_p04_m18_11040_11045,raw,happy,happy,happy,p04,M18,p04:M18,M,False,24200,1,2,229784,9.495206612,NONE,
1cc5fb80ddfdac89,train,Happy/happy_p04_M18_11050_11100.wav,happy_p04_M18_11050_11100.wav,1cc5fb80ddfdac89132f2542c72d597654c0aa78784a0abb01b409c99db8ee2c,happy_p04_m18_11050_11100,raw,happy,happy,happy,p04,M18,p04:M18,M,False,24200,1,2,242948,10.039173554,NONE,
11433b4721a6d266,train,Happy/happy_p04_M18_12253_12255.wav,happy_p04_M18_12253_12255.wav,11433b4721a6d266b8a7b02e93ba8a5a74a5136b18eb487683bcd4ada1c757d5,happy_p04_m18_12253_12255,raw,happy,happy,happy,p04,M18,p04:M18,M,False,24200,1,2,73246,3.026694215,NONE,
cccad02d213abc80,train,Happy/happy_p04_M18_12259_12302.wav,happy_p04_M18_12259_12302.wav,cccad02d213abc807beadb2cdb1e52d67f677244631f99c74919388760f5fa65,happy_p04_m18_12259_12302,raw,happy,happy,happy,p04,M18,p04:M18,M,False,24200,1,2,70538,2.914793388,NONE,
5085776cfc035720,train,Happy/happy_p04_M18_123_128.wav,happy_p04_M18_123_128.wav,5085776cfc035720965481933b456fdafaa709415304f6d46a40da16bce3d56e,happy_p04_m18_123_128,raw,happy,happy,happy,p04,M18,p04:M18,M,False,24200,1,2,145692,6.020330579,NONE,
b7c04ab02347ef4e,train,Happy/happy_p04_M18_130_133_vocals.wav,happy_p04_M18_130_133_vocals.wav,b7c04ab02347ef4ec2cb9ee2295e7ee2a2a3d8125cef917d91dac1ce612c3fc7,happy_p04_m18_130_133,processed,happy,happy,happy,p04,M18,p04:M18,M,False,24200,1,2,102105,4.219214876,NONE,
4cc0df3fc2c44bb0,train,Happy/happy_p04_M18_1343_1346.wav,happy_p04_M18_1343_1346.wav,4cc0df3fc2c44bb0a0f3a71308cc53c5fc2dcc81ea812b8bc1d77f044f89a4d2,happy_p04_m18_1343_1346,raw,happy,happy,happy,p04,M18,p04:M18,M,False,24200,1,2,78578,3.247024793,NONE,
fdc94af46193ae49,train,Happy/happy_p04_M18_1404_1408.wav,happy_p04_M18_1404_1408.wav,fdc94af46193ae49dc626deed9c57cd80ae7c20e23deb9d333c0485d174bbc3d,happy_p04_m18_1404_1408,raw,happy,happy,happy,p04,M18,p04:M18,M,False,24200,1,2,115076,4.755206612,NONE,
3e56f98611b698b1,train,Happy/happy_p04_M18_1410_1412.wav,happy_p04_M18_1410_1412.wav,3e56f98611b698b1cb422a53e8232bb856416c1ec52ed20b29b72d3c4b664097,happy_p04_m18_1410_1412,raw,happy,happy,happy,p04,M18,p04:M18,M,False,24200,1,2,48866,2.019256198,NONE,
dbc2f542bcf965fa,train,Happy/happy_p04_M18_1530_1535.wav,happy_p04_M18_1530_1535.wav,dbc2f542bcf965fabc17f63b77e58bf98becd18687c28f8fe86e697e050ccec6,happy_p04_m18_1530_1535,raw,happy,happy,happy,p04,M18,p04:M18,M,False,24200,1,2,117187,4.842438017,NONE,
c2db68b1f9123e1f,train,Happy/happy_p04_M18_200_202.wav,happy_p04_M18_200_202.wav,c2db68b1f9123e1f4fa60e828decadc09c3d1686749de621397af47e6216566d,happy_p04_m18_200_202,raw,happy,happy,happy,p04,M18,p04:M18,M,False,24200,1,2,53843,2.224917355,NONE,
198e2b21115d7b5b,train,Happy/happy_p04_M18_2337_2341.wav,happy_p04_M18_2337_2341.wav,198e2b21115d7b5bd0fb48cdd1160ecd6eafd81ef4fc2550dddc1bf627bfa080,happy_p04_m18_2337_2341,raw,happy,happy,happy,p04,M18,p04:M18,M,False,24200,1,2,93358,3.857768595,NONE,
0668a72c44299b77,train,Happy/happy_p04_M18_2514_2518.wav,happy_p04_M18_2514_2518.wav,0668a72c44299b7772f9792f717a5cffd72fff3a4e53171ea83b19b7a7f72835,happy_p04_m18_2514_2518,raw,happy,happy,happy,p04,M18,p04:M18,M,False,24200,1,2,98586,4.073801653,NONE,
6601283d55ccd872,train,Happy/happy_p04_M18_2518_2522_vocals.wav,happy_p04_M18_2518_2522_vocals.wav,6601283d55ccd872725a191504eb53fb790f42ee1c776727e11783f57dcbb334,happy_p04_m18_2518_2522,processed,happy,happy,happy,p04,M18,p04:M18,M,False,24200,1,2,89917,3.715578512,NONE,
c9a0ad9467e8a7f1,train,Happy/happy_p04_M18_2612_2615_vocals.wav,happy_p04_M18_2612_2615_vocals.wav,c9a0ad9467e8a7f18832e7d58f949e7f398ba1b5205a43941ca5cac9ebfa6424,happy_p04_m18_2612_2615,processed,happy,happy,happy,p04,M18,p04:M18,M,False,24200,1,2,89623,3.703429752,NONE,
afd18ef84d40a03c,train,Happy/happy_p04_M18_5016_5017_vocals.wav,happy_p04_M18_5016_5017_vocals.wav,afd18ef84d40a03c0367ee0832aacc95dbe5f214f9a999664a4e26eaca010192,happy_p04_m18_5016_5017,processed,happy,happy,happy,p04,M18,p04:M18,M,False,24200,1,2,49032,2.026115702,NONE,
814471a5e73541e5,train,Happy/happy_p04_M18_5626_5631.wav,happy_p04_M18_5626_5631.wav,814471a5e73541e551b33f30a7f0bf1f416ea2639c60e3baee1ded22ba68912c,happy_p04_m18_5626_5631,raw,happy,happy,happy,p04,M18,p04:M18,M,False,24200,1,2,124199,5.132190083,NONE,
1cdbcdd3dab2c969,train,Happy/happy_p04_M18_817_821.wav,happy_p04_M18_817_821.wav,1cdbcdd3dab2c969f1f8a36d92e4577cdd44c13f2ca5b7893af26ce8d80e3fbb,happy_p04_m18_817_821,raw,happy,happy,happy,p04,M18,p04:M18,M,False,24200,1,2,113417,4.686652893,NONE,
261f978b8134b71c,train,Happy/happy_p04_M22_2218_2220.wav,happy_p04_M22_2218_2220.wav,261f978b8134b71cd90209d9a8ecddd7f208ce970230f952a0ad2e3fdb78980a,happy_p04_m22_2218_2220,raw,happy,happy,happy,p04,M22,p04:M22,M,False,24200,1,2,72243,2.985247934,NONE,
6eeb54da63b33736,train,Happy/happy_p04_M22_2222_2226.wav,happy_p04_M22_2222_2226.wav,6eeb54da63b33736651b8f4517b6e83ba3b7d8eb9ef1760d57ceea7a6bc0975d,happy_p04_m22_2222_2226,raw,happy,happy,happy,p04,M22,p04:M22,M,False,24200,1,2,131364,5.428264463,NONE,
9755dd1a8645fdd2,train,Happy/happy_p04_M22_2235_2237.wav,happy_p04_M22_2235_2237.wav,9755dd1a8645fdd208fdbc91f6a4d4c54c060e613f860e1967710887149617dc,happy_p04_m22_2235_2237,raw,happy,happy,happy,p04,M22,p04:M22,M,False,24200,1,2,60630,2.505371901,NONE,
ae02b6d9ad50af39,train,Happy/happy_p04_M22_2242_2246.wav,happy_p04_M22_2242_2246.wav,ae02b6d9ad50af39e14890094739da78de3b4bb852c9f9f0274f1766a603d4d2,happy_p04_m22_2242_2246,raw,happy,happy,happy,p04,M22,p04:M22,M,False,24200,1,2,94413,3.901363636,NONE,
153005fe5551691a,train,Happy/happy_p07_eb_F32_1442_1447.wav,happy_p07_eb_F32_1442_1447.wav,153005fe5551691aac8bcda3e5a908fef5d8d899b4c851c0c91a89caf3f3b78d,happy_p07_eb_f32_1442_1447,raw,happy,happy,happy,p07,F32,p07:F32,F,True,24200,1,2,130142,5.377768595,NONE,
824337ea849170eb,train,Happy/happy_p07_F33_2610_2614.wav,happy_p07_F33_2610_2614.wav,824337ea849170eb67f733ebad774faca30332db62eab5ab929e66b86f4d5cb6,happy_p07_f33_2610_2614,raw,happy,happy,happy,p07,F33,p07:F33,F,False,24200,1,2,99133,4.096404959,NONE,
17c12e3ee032edb6,train,Happy/happy_p07_F33_2650_2656.wav,happy_p07_F33_2650_2656.wav,17c12e3ee032edb63d042aa7910e7e7f273707b53d0133c168153022cfd3f14b,happy_p07_f33_2650_2656,raw,happy,happy,happy,p07,F33,p07:F33,F,False,24200,1,2,158468,6.548264463,NONE,
d681a645614bb690,train,Happy/happy_p07_M19_2615_2619.wav,happy_p07_M19_2615_2619.wav,d681a645614bb690e3c8dd52cd66fe0b58e9127b1359a1e996850c5223145c3b,happy_p07_m19_2615_2619,raw,happy,happy,happy,p07,M19,p07:M19,M,False,24200,1,2,103957,4.295743802,NONE,
54d75619699cdf8b,train,Happy/happy_p10_F27_1912_1918.wav,happy_p10_F27_1912_1918.wav,54d75619699cdf8b400998ca20151770b520f149bc90c7f6fc9ec71bc84f9e5e,happy_p10_f27_1912_1918,raw,happy,happy,happy,p10,F27,p10:F27,F,False,24200,1,2,155010,6.405371901,NONE,
35a250392a61f83e,train,Happy/happy_p10_F27_1914_1918.wav,happy_p10_F27_1914_1918.wav,35a250392a61f83e27f57cbde03e13db10834a59f33978ab6009e94cd58922ee,happy_p10_f27_1914_1918,raw,happy,happy,happy,p10,F27,p10:F27,F,False,24200,1,2,113767,4.701115702,NONE,
3279e3c58d9d8f87,train,Happy/happy_p10_F27_1924_1926.wav,happy_p10_F27_1924_1926.wav,3279e3c58d9d8f87073a1f71eadd1ab73d24fb1f1dc870551304eb44258c6ab7,happy_p10_f27_1924_1926,raw,happy,happy,happy,p10,F27,p10:F27,F,False,24200,1,2,62876,2.598181818,NONE,
e3cf7a401f637bfb,train,Happy/happy_p10_F27_1933_1936.wav,happy_p10_F27_1933_1936.wav,e3cf7a401f637bfb0776c8412fad0ab6481eb2a0be39d76e600c9b6d5856e30a,happy_p10_f27_1933_1936,raw,happy,happy,happy,p10,F27,p10:F27,F,False,24200,1,2,79373,3.279876033,NONE,
e990b4aee981892b,train,Happy/happy_p10_F27_1965_2003.wav,happy_p10_F27_1965_2003.wav,e990b4aee981892b12cca5237bddc93c6c78a609f8fd23fba6276d1ad53d6dc6,happy_p10_f27_1965_2003,raw,happy,happy,happy,p10,F27,p10:F27,F,False,24200,1,2,175553,7.254256198,NONE,
0170cc333ef8190d,train,Happy/happy_p10_F27_2004_2010.wav,happy_p10_F27_2004_2010.wav,0170cc333ef8190d18a3fac3e25c58a3aab9470ecabba58086d59f8c26b3f119,happy_p10_f27_2004_2010,raw,happy,happy,happy,p10,F27,p10:F27,F,False,24200,1,2,141470,5.845867769,NONE,
6ef735f84670fac0,train,Happy/happy_p10_F27_2028_2034.wav,happy_p10_F27_2028_2034.wav,6ef735f84670fac0be85842d75f846692cecafe8986c3f00e4d0eb103c24f1ba,happy_p10_f27_2028_2034,raw,happy,happy,happy,p10,F27,p10:F27,F,False,24200,1,2,159367,6.585413223,NONE,
1c9b0df875233224,train,Happy/happy_p10_F27_2043_22048.wav,happy_p10_F27_2043_22048.wav,1c9b0df8752332248f621583631e9209684cafe910127f56a2271639ad65996c,happy_p10_f27_2043_22048,raw,happy,happy,happy,p10,F27,p10:F27,F,False,24200,1,2,130264,5.382809917,NONE,
e2f9c0565b145a24,train,Happy/happy_p10_F27_2050_2054.wav,happy_p10_F27_2050_2054.wav,e2f9c0565b145a246da7053864b4a24bd35263e8396adf64e134b7bb5f32284d,happy_p10_f27_2050_2054,raw,happy,happy,happy,p10,F27,p10:F27,F,False,24200,1,2,109720,4.533884298,NONE,
9045ae6af1e1454c,train,Happy/happy_p10_F27_2104_2107.wav,happy_p10_F27_2104_2107.wav,9045ae6af1e1454c09e2b48d6fd13631ad259fa8ed5d5de451d43aa5808efc55,happy_p10_f27_2104_2107,raw,happy,happy,happy,p10,F27,p10:F27,F,False,24200,1,2,79217,3.273429752,NONE,
5e07bfe7cb1907e4,train,Happy/happy_p10_F28_1043_1046.wav,happy_p10_F28_1043_1046.wav,5e07bfe7cb1907e4b4bd503f0b23bbd360cce742047b6597ad0a0a29afb72030,happy_p10_f28_1043_1046,raw,happy,happy,happy,p10,F28,p10:F28,F,False,24200,1,2,76347,3.154834711,NONE,
63dbcd1f4fb9ce40,train,Happy/happy_p10_F28_1050_1053.wav,happy_p10_F28_1050_1053.wav,63dbcd1f4fb9ce40e926e5f17cc0df00fcdcfcc5d792b3fa8686bb31da3570d1,happy_p10_f28_1050_1053,raw,happy,happy,happy,p10,F28,p10:F28,F,False,24200,1,2,93691,3.871528926,NONE,
307e8079650a97e7,train,Happy/happy_p10_F28_1108_1115.wav,happy_p10_F28_1108_1115.wav,307e8079650a97e76cacac03ce7066b5af1f43e112080fd3a8925a5a4f01e9f1,happy_p10_f28_1108_1115,raw,happy,happy,happy,p10,F28,p10:F28,F,False,24200,1,2,192143,7.939793388,NONE,
98cadc00ead651fb,train,Happy/happy_p10_F28_1116_1121.wav,happy_p10_F28_1116_1121.wav,98cadc00ead651fbcce42414e2b2b69da10f36ed1d2e91282e70eb03289d9364,happy_p10_f28_1116_1121,raw,happy,happy,happy,p10,F28,p10:F28,F,False,24200,1,2,136030,5.62107438,NONE,
c738bb33550e28c3,train,Happy/happy_p10_F28_1125_1128.wav,happy_p10_F28_1125_1128.wav,c738bb33550e28c3cc25b9f751a075b510177162501b453a29d90a29a3492bea,happy_p10_f28_1125_1128,raw,happy,happy,happy,p10,F28,p10:F28,F,False,24200,1,2,102193,4.22285124,NONE,
16cc0a033a8a794f,train,Happy/happy_p10_F28_1506_1510.wav,happy_p10_F28_1506_1510.wav,16cc0a033a8a794f90a5eb5d936d1e012564a5e1f44f25cf63f170431b99a64b,happy_p10_f28_1506_1510,raw,happy,happy,happy,p10,F28,p10:F28,F,False,24200,1,2,96241,3.976900826,NONE,
d8edab0f9ac9a055,train,Happy/happy_p10_F28_1517_1520.wav,happy_p10_F28_1517_1520.wav,d8edab0f9ac9a0559541bd7fb9bf7cf552151b46e7bc808a6a103b587e83d1b8,happy_p10_f28_1517_1520,raw,happy,happy,happy,p10,F28,p10:F28,F,False,24200,1,2,91821,3.794256198,NONE,
66e793c908b27756,train,Happy/happy_p10_F28_1531_1535.wav,happy_p10_F28_1531_1535.wav,66e793c908b277563799fba95a754893dfb85d782260f213673d7776b11ae79b,happy_p10_f28_1531_1535,raw,happy,happy,happy,p10,F28,p10:F28,F,False,24200,1,2,122427,5.058966942,NONE,
2354fe2ecc756a13,train,Happy/happy_p10_F28_2215_2218.wav,happy_p10_F28_2215_2218.wav,2354fe2ecc756a13b88aa9cf5d0dc28c8835327b3d6487c26e68989a6e7ee2c4,happy_p10_f28_2215_2218,raw,happy,happy,happy,p10,F28,p10:F28,F,False,24200,1,2,77707,3.211033058,NONE,
67b9d809a7fc6837,train,Happy/happy_p10_F28_2225_2228.wav,happy_p10_F28_2225_2228.wav,67b9d809a7fc6837c9f050befbfe97c94ce0fd174e3b9c4d91b68aeed21d7ab1,happy_p10_f28_2225_2228,raw,happy,happy,happy,p10,F28,p10:F28,F,False,24200,1,2,70736,2.922975207,NONE,
28340739efe4e662,train,Happy/happy_p10_F28_2250_2255.wav,happy_p10_F28_2250_2255.wav,28340739efe4e6621d28fc7e6270cdcfb3bcba7f96e9892f180b3687ff4a7ddb,happy_p10_f28_2250_2255,raw,happy,happy,happy,p10,F28,p10:F28,F,False,24200,1,2,152184,6.288595041,NONE,
ce1aa0f391945226,train,Happy/happy_p10_F28_2354_2357.wav,happy_p10_F28_2354_2357.wav,ce1aa0f3919452261ca599f5447bfd99543d0143b1a6e0532de9ff8dc1565328,happy_p10_f28_2354_2357,raw,happy,happy,happy,p10,F28,p10:F28,F,False,24200,1,2,68185,2.817561983,NONE,
37492eea9a4abd0c,train,Happy/happy_p10_F28_32_06_3211.wav,happy_p10_F28_32_06_3211.wav,37492eea9a4abd0ca7136af74a8ec3f168a1ae631834c27f957f4eadc99be26d,happy_p10_f28_32_06_3211,raw,happy,happy,happy,p10,F28,p10:F28,F,False,24200,1,2,115626,4.777933884,NONE,
bf1b40e74b29da7b,train,Happy/happy_p10_F28_930_936.wav,happy_p10_F28_930_936.wav,bf1b40e74b29da7be2087fd20047159624b4c7247af2c6d540ddaace3e72453b,happy_p10_f28_930_936,raw,happy,happy,happy,p10,F28,p10:F28,F,False,24200,1,2,159496,6.590743802,NONE,
5f67e80d9c7a861b,train,Happy/happy_p10_F29_3623_3630.wav,happy_p10_F29_3623_3630.wav,5f67e80d9c7a861b892e7fcac108425925407a47ea433c7b86967a279e1e32d9,happy_p10_f29_3623_3630,raw,happy,happy,happy,p10,F29,p10:F29,F,False,24200,1,2,190697,7.880041322,NONE,
c89565794b5ba767,train,Happy/happy_p10_F29_t10_14_19.wav,happy_p10_F29_t10_14_19.wav,c89565794b5ba767d1531ecc191684ce1f900e2e9121869dc1eeb8fe892aeeb1,happy_p10_f29_t10_14_19,raw,happy,happy,happy,p10,F29,p10:F29,F,False,24200,1,2,126712,5.236033058,NONE,
6bde0ff597591507,train,Happy/happy_p10_F29_t10_6_9.wav,happy_p10_F29_t10_6_9.wav,6bde0ff5975915079f23cdc85722aba41e0c97aed4b64b0f7e5f682b33dd1a26,happy_p10_f29_t10_6_9,raw,happy,happy,happy,p10,F29,p10:F29,F,False,24200,1,2,70471,2.912024793,NONE,
2a06ae2b74d4c3d1,train,Happy/happy_p11_M27_1749_1754.wav,happy_p11_M27_1749_1754.wav,2a06ae2b74d4c3d1d5fb2b7e5dbf161a0899fa83ba858545c76e3fe7d1a18dd9,happy_p11_m27_1749_1754,raw,happy,happy,happy,p11,M27,p11:M27,M,False,24200,1,2,140386,5.80107438,NONE,
20207a2ad0a1d877,train,Happy/happy_p11_M27_1759_1803.wav,happy_p11_M27_1759_1803.wav,20207a2ad0a1d877c9844bb132e4dea0fd5606b9c9a8ba69dc693f2eaafefc2e,happy_p11_m27_1759_1803,raw,happy,happy,happy,p11,M27,p11:M27,M,False,24200,1,2,122037,5.04285124,NONE,
678bf47f4f76aa14,train,Happy/happy_p11_M27_1921_1923.wav,happy_p11_M27_1921_1923.wav,678bf47f4f76aa14135ebb2243e6f0d89d2caddccf4b56b36d2f989d4022a4cd,happy_p11_m27_1921_1923,raw,happy,happy,happy,p11,M27,p11:M27,M,False,24200,1,2,66261,2.738057851,NONE,
ed6abca2af6fdbdc,train,Happy/happy_p11_M27_1924_1927.wav,happy_p11_M27_1924_1927.wav,ed6abca2af6fdbdcf20f43f8106aa8b12d1038cb87d0f845eed7bdd39a867a81,happy_p11_m27_1924_1927,raw,happy,happy,happy,p11,M27,p11:M27,M,False,24200,1,2,90436,3.737024793,NONE,
887101a2c9d3a209,train,Happy/happy_p11_M27_1934_1936.wav,happy_p11_M27_1934_1936.wav,887101a2c9d3a209a4208199aaecf90ff6141a56c091ddd2a1fba218efdfd094,happy_p11_m27_1934_1936,raw,happy,happy,happy,p11,M27,p11:M27,M,False,24200,1,2,48057,1.985826446,NONE,
ded28b2e8144b10f,train,Happy/happy_p11_M27_2206_2209.wav,happy_p11_M27_2206_2209.wav,ded28b2e8144b10f5d4eecf8fee6a78412df9f57cbe95eda488c5e9aacd7bce1,happy_p11_m27_2206_2209,raw,happy,happy,happy,p11,M27,p11:M27,M,False,24200,1,2,98445,4.067975207,NONE,
a27a0d69058f9919,train,Happy/happy_p11_M27_3239_3243.wav,happy_p11_M27_3239_3243.wav,a27a0d69058f9919215fb76e98ce321e58c59cde1931a5ea035e0c1683f3e1c8,happy_p11_m27_3239_3243,raw,happy,happy,happy,p11,M27,p11:M27,M,False,24200,1,2,86649,3.58053719,NONE,
912ff9a4e6b13b16,train,Happy/happy_p11_M27_3335_3337.wav,happy_p11_M27_3335_3337.wav,912ff9a4e6b13b161a25ba032f7363cc422c4d589b9f60ed729f9170bdb216d8,happy_p11_m27_3335_3337,raw,happy,happy,happy,p11,M27,p11:M27,M,False,24200,1,2,51407,2.124256198,NONE,
c565be391d159226,train,Happy/happy_p11_M2_1858_1859.wav,happy_p11_M2_1858_1859.wav,c565be391d159226335a41cf4b2a39984f7c9310f8c8cb13ee58c744e13cf14d,happy_p11_m2_1858_1859,raw,happy,happy,happy,p11,M2,p11:M2,M,False,24200,1,2,33640,1.390082645,NONE,
4bc1bdf3b4b80b70,train,Happy/happy_p11_M2_2236_2238.wav,happy_p11_M2_2236_2238.wav,4bc1bdf3b4b80b70d0b6adf333706a507ed60651163e66f374af0e54a48154b3,happy_p11_m2_2236_2238,raw,happy,happy,happy,p11,M2,p11:M2,M,False,24200,1,2,81260,3.35785124,NONE,
ae48d8db6e947d38,train,Happy/happy_p11_M2_3139_3143.wav,happy_p11_M2_3139_3143.wav,ae48d8db6e947d380d2d9ca805391eed2dc1e7d9f12bd61e1df452cde9de9191,happy_p11_m2_3139_3143,raw,happy,happy,happy,p11,M2,p11:M2,M,False,24200,1,2,104707,4.326735537,NONE,
0cfa77beb3b8824f,train,Happy/happy_p11_M2_3235_3239.wav,happy_p11_M2_3235_3239.wav,0cfa77beb3b8824f68a3850556c588c578395dfb9c97dd000e9d9f516b0de5ee,happy_p11_m2_3235_3239,raw,happy,happy,happy,p11,M2,p11:M2,M,False,24200,1,2,70047,2.894504132,NONE,
e9ba726679405b13,train,Happy/happy_p11_M2_3414_3417.wav,happy_p11_M2_3414_3417.wav,e9ba726679405b1376f1e15f542545204245bfdad6cae6fce4bdf41a1c3f39f4,happy_p11_m2_3414_3417,raw,happy,happy,happy,p11,M2,p11:M2,M,False,24200,1,2,75290,3.111157025,NONE,
6af6ccf8e69e0e90,train,Happy/happy_p11_M2_34273429.wav,happy_p11_M2_34273429.wav,6af6ccf8e69e0e90448750e6bbb3767fb68fb40ae70d9a98472a57c291cfb9ab,happy_p11_m2_34273429,raw,happy,happy,happy,p11,M2,p11:M2,M,False,24200,1,2,109076,4.507272727,NONE,
829b17de974abdd4,train,Happy/happy_p11_M2_3434_3438.wav,happy_p11_M2_3434_3438.wav,829b17de974abdd469c7263fcf2d69fafce006f993ed57a14d62f0c6508cab0d,happy_p11_m2_3434_3438,raw,happy,happy,happy,p11,M2,p11:M2,M,False,24200,1,2,107182,4.429008264,NONE,
b8a3d5941454189c,train,Happy/happy_p11_M2_3645_3649.wav,happy_p11_M2_3645_3649.wav,b8a3d5941454189c378eb80025d99e7f277f3485b9ac274c9cafcdb41afcf4ce,happy_p11_m2_3645_3649,raw,happy,happy,happy,p11,M2,p11:M2,M,False,24200,1,2,99013,4.091446281,NONE,
5dbbb226f42c6e54,train,Happy/happy_p11_M2_4525_4530.wav,happy_p11_M2_4525_4530.wav,5dbbb226f42c6e54104c7dd1a7e23fed0fa3b556df574618da7e4be9bb82fb55,happy_p11_m2_4525_4530,raw,happy,happy,happy,p11,M2,p11:M2,M,False,24200,1,2,124196,5.132066116,NONE,
088b9630bfdfd1b2,train,Happy/happy_p11_M2_4826_4831.wav,happy_p11_M2_4826_4831.wav,088b9630bfdfd1b2c2313ffdeb433c03e118ee30ed8b757fe767849a6b7e5080,happy_p11_m2_4826_4831,raw,happy,happy,happy,p11,M2,p11:M2,M,False,24200,1,2,133163,5.502603306,NONE,
7348a70c13e6affe,train,Happy/happy_p11_M2_5632_5638.wav,happy_p11_M2_5632_5638.wav,7348a70c13e6affe11d8cf9e3e3358651438e29f027ce332372e39a7071193c2,happy_p11_m2_5632_5638,raw,happy,happy,happy,p11,M2,p11:M2,M,False,24200,1,2,148424,6.13322314,NONE,
9087e8da79767b72,train,Neutral/neutral_p12_F34_112_116.wav,neutral_p12_F34_112_116.wav,9087e8da79767b722065738734915b45a367706e26dd29eb46f1f013be1f7ec5,neutral_p12_f34_112_116,raw,neutral,neutral,neutral,p12,F34,p12:F34,F,False,24200,1,2,102833,4.249297521,NONE,
a92b9c45a64a5ac4,train,Neutral/neutral_p12_F34_116_120.wav,neutral_p12_F34_116_120.wav,a92b9c45a64a5ac4e9fd867f0200dcef47f9f325018b8bfcb81d6bf63d247592,neutral_p12_f34_116_120,raw,neutral,neutral,neutral,p12,F34,p12:F34,F,False,24200,1,2,94662,3.911652893,NONE,
c6f4772013c57aac,train,Neutral/neutral_p12_F34_118_123.wav,neutral_p12_F34_118_123.wav,c6f4772013c57aac8c3da84cc9310ef3e25fb4a3aed42f9331d5dc4527e82cb0,neutral_p12_f34_118_123,raw,neutral,neutral,neutral,p12,F34,p12:F34,F,False,24200,1,2,115529,4.77392562,NONE,
ba4ec6f7b0f4ceff,train,Neutral/neutral_p12_F34_123_125.wav,neutral_p12_F34_123_125.wav,ba4ec6f7b0f4ceff6796adea3082bae3744d67a30faf34c5d125612a7c9ae353,neutral_p12_f34_123_125,raw,neutral,neutral,neutral,p12,F34,p12:F34,F,False,24200,1,2,54057,2.233760331,NONE,
6aa47fc250e23188,train,Neutral/neutral_p12_F34_126_129.wav,neutral_p12_F34_126_129.wav,6aa47fc250e23188bb1f64a915597384673ff9b03893bf4d8d1af86fd322e179,neutral_p12_f34_126_129,raw,neutral,neutral,neutral,p12,F34,p12:F34,F,False,24200,1,2,77188,3.189586777,NONE,
c2aa6a1acc9caeab,train,Neutral/neutral_p12_F34_128_131.wav,neutral_p12_F34_128_131.wav,c2aa6a1acc9caeab393678072ef4a6e44e9cc442de9cb6e3fe2422ff737b18ca,neutral_p12_f34_128_131,raw,neutral,neutral,neutral,p12,F34,p12:F34,F,False,24200,1,2,73542,3.03892562,NONE,
9d49efa07f976c56,train,Neutral/neutral_p12_F34_131_136.wav,neutral_p12_F34_131_136.wav,9d49efa07f976c56e0b0d98a22deaefaced37d988b612a9d6feb06af20b190bd,neutral_p12_f34_131_136,raw,neutral,neutral,neutral,p12,F34,p12:F34,F,False,24200,1,2,113267,4.680454545,NONE,
de2fa810063ad346,train,Neutral/neutral_p12_F34_136_140.wav,neutral_p12_F34_136_140.wav,de2fa810063ad3464e7c77b6b9ae7f211a2aa57e823509f567e69f950f2adf73,neutral_p12_f34_136_140,raw,neutral,neutral,neutral,p12,F34,p12:F34,F,False,24200,1,2,90513,3.740206612,NONE,
eefcc61de70cb282,train,Neutral/neutral_p12_F34_143_146.wav,neutral_p12_F34_143_146.wav,eefcc61de70cb282b71fa67817fbdb4eb61c52975415a4ef95a124a16f6ab24a,neutral_p12_f34_143_146,raw,neutral,neutral,neutral,p12,F34,p12:F34,F,False,24200,1,2,65245,2.69607438,NONE,
db42311016bfa574,train,Neutral/neutral_p12_F34_2625_2629.wav,neutral_p12_F34_2625_2629.wav,db42311016bfa574825a1e4856f5a6047bdddccb70510c484b33bcd6569b715b,neutral_p12_f34_2625_2629,raw,neutral,neutral,neutral,p12,F34,p12:F34,F,False,24200,1,2,102707,4.244090909,NONE,
4e719243b7dd8f66,train,Neutral/neutral_p12_F34_2630_2634.wav,neutral_p12_F34_2630_2634.wav,4e719243b7dd8f66fd1ecd83280513681f67b5d6cc96425b14738a1c38439250,neutral_p12_f34_2630_2634,raw,neutral,neutral,neutral,p12,F34,p12:F34,F,False,24200,1,2,119553,4.940206612,NONE,
4700f9d859a3373d,train,Neutral/neutral_p12_F34_2635_2637.wav,neutral_p12_F34_2635_2637.wav,4700f9d859a3373d34de7f2e63ce697882e44446b389791f42f9bb9ae1ab0967,neutral_p12_f34_2635_2637,raw,neutral,neutral,neutral,p12,F34,p12:F34,F,False,24200,1,2,56822,2.348016529,NONE,
e8b41d0e8143d1d1,train,Neutral/neutral_p12_F34_2637_2640.wav,neutral_p12_F34_2637_2640.wav,e8b41d0e8143d1d1c1a2ab8182e9e3fa9b202cd44897896c28f9bb34a4ebe294,neutral_p12_f34_2637_2640,raw,neutral,neutral,neutral,p12,F34,p12:F34,F,False,24200,1,2,74045,3.059710744,NONE,
6255e71e2bd79245,train,Neutral/neutral_p12_F34_2641_2644.wav,neutral_p12_F34_2641_2644.wav,6255e71e2bd792457fb8293f410124bb7171f69ea318b063b19dfe794d19c234,neutral_p12_f34_2641_2644,raw,neutral,neutral,neutral,p12,F34,p12:F34,F,False,24200,1,2,85359,3.527231405,NONE,
0ed590338bfd2cb9,train,Neutral/neutral_p12_F34_2644_2647.wav,neutral_p12_F34_2644_2647.wav,0ed590338bfd2cb9045c18217685d2379396393a9b3a8cb001077d7a26e427e2,neutral_p12_f34_2644_2647,raw,neutral,neutral,neutral,p12,F34,p12:F34,F,False,24200,1,2,70650,2.919421488,NONE,
f590a56296553819,train,Neutral/neutral_p12_F34_2648_2651.wav,neutral_p12_F34_2648_2651.wav,f590a56296553819d4100bd39a5632d17c0737c9891598e50757947492a5cd42,neutral_p12_f34_2648_2651,raw,neutral,neutral,neutral,p12,F34,p12:F34,F,False,24200,1,2,94158,3.890826446,NONE,
e1d2934c48ebc274,train,Neutral/neutral_p12_F34_2652_2655.wav,neutral_p12_F34_2652_2655.wav,e1d2934c48ebc2743daa5ec0badecd6203e24b5e41796739727b58d62265fe85,neutral_p12_f34_2652_2655,raw,neutral,neutral,neutral,p12,F34,p12:F34,F,False,24200,1,2,72411,2.992190083,NONE,
83e8054bc413f82b,train,Neutral/neutral_p12_F34_2658_2702.wav,neutral_p12_F34_2658_2702.wav,83e8054bc413f82b481919ec25fc64573b41b127fe700ddb03fb5ad077646ea5,neutral_p12_f34_2658_2702,raw,neutral,neutral,neutral,p12,F34,p12:F34,F,False,24200,1,2,110124,4.550578512,NONE,
811bdbb0523d754c,train,Neutral/neutral_p12_F34_2705_2709.wav,neutral_p12_F34_2705_2709.wav,811bdbb0523d754c856913da87a731ca0327f353abbb18f294713716f79df978,neutral_p12_f34_2705_2709,raw,neutral,neutral,neutral,p12,F34,p12:F34,F,False,24200,1,2,94284,3.896033058,NONE,
9588e2d0379c6e5b,train,Neutral/neutral_p12_F34_2713_2718.wav,neutral_p12_F34_2713_2718.wav,9588e2d0379c6e5b3a9e61f8c9ad2e5a4d45fc4b7eed4834a7204f441f2f2af7,neutral_p12_f34_2713_2718,raw,neutral,neutral,neutral,p12,F34,p12:F34,F,False,24200,1,2,118044,4.87785124,NONE,
6096f2bc1f130896,train,Neutral/neutral_p12_F34_2719_2722.wav,neutral_p12_F34_2719_2722.wav,6096f2bc1f1308968d8d311b08667bbbf2091ff23f2ea4b8c30fbfb7a79da13e,neutral_p12_f34_2719_2722,raw,neutral,neutral,neutral,p12,F34,p12:F34,F,False,24200,1,2,86364,3.568760331,NONE,
75b115aafbe3a968,train,Neutral/neutral_p12_F34_2723_2726.wav,neutral_p12_F34_2723_2726.wav,75b115aafbe3a968292e53e37ab4e149e1ab42c91037f1ddc7a7367394bcb513,neutral_p12_f34_2723_2726,raw,neutral,neutral,neutral,p12,F34,p12:F34,F,False,24200,1,2,90136,3.724628099,NONE,
ce4d21c46bce75b9,train,Neutral/neutral_p12_F34_2730_2734.wav,neutral_p12_F34_2730_2734.wav,ce4d21c46bce75b9dabf65da9c4843f69c4b4f9cfe5493bbb6c589bed6cf6b35,neutral_p12_f34_2730_2734,raw,neutral,neutral,neutral,p12,F34,p12:F34,F,False,24200,1,2,104467,4.316818182,NONE,
4da2df16b168ed25,train,Neutral/neutral_p12_F34_2734_2737.wav,neutral_p12_F34_2734_2737.wav,4da2df16b168ed25d00d7e84b0f6a44a766bfe0cf86ee689dbb3501b01800a4d,neutral_p12_f34_2734_2737,raw,neutral,neutral,neutral,p12,F34,p12:F34,F,False,24200,1,2,70776,2.924628099,NONE,
f13f6e4070609fff,train,Neutral/neutral_p12_F34_2737_2740.wav,neutral_p12_F34_2737_2740.wav,f13f6e4070609fff9e577565249ec6e7b1111f8b7f408d787adbf5d527078757,neutral_p12_f34_2737_2740,raw,neutral,neutral,neutral,p12,F34,p12:F34,F,False,24200,1,2,71782,2.966198347,NONE,
36909b14e36d8a55,train,Neutral/neutral_p12_F34_2749_2752.wav,neutral_p12_F34_2749_2752.wav,36909b14e36d8a550d5cc6882077497d48fb8419d9b99c9bff595675f5cef61e,neutral_p12_f34_2749_2752,raw,neutral,neutral,neutral,p12,F34,p12:F34,F,False,24200,1,2,72788,3.007768595,NONE,
e29ae97616e18e95,train,Neutral/neutral_p12_F34_2800_2803.wav,neutral_p12_F34_2800_2803.wav,e29ae97616e18e958519c5df49ec8e712c7f68e83429a27cc27d8d36c4c36289,neutral_p12_f34_2800_2803,raw,neutral,neutral,neutral,p12,F34,p12:F34,F,False,24200,1,2,77942,3.220743802,NONE,
de1116096ebf827a,train,Neutral/neutral_p12_F34_2804_2808.wav,neutral_p12_F34_2804_2808.wav,de1116096ebf827ad07b85f22b316d4deeef7e086b2a6836dd9ab0a98afc2645,neutral_p12_f34_2804_2808,raw,neutral,neutral,neutral,p12,F34,p12:F34,F,False,24200,1,2,115781,4.784338843,NONE,
f376af131b12a08e,train,Neutral/neutral_p12_F34_2813_2815.wav,neutral_p12_F34_2813_2815.wav,f376af131b12a08eb0f16ecc9d129d654961d39121e76f665fe3f313e89c69a8,neutral_p12_f34_2813_2815,raw,neutral,neutral,neutral,p12,F34,p12:F34,F,False,24200,1,2,54308,2.244132231,NONE,
2d96ed097ba054c4,train,Neutral/neutral_p12_F34_2816_2819.wav,neutral_p12_F34_2816_2819.wav,2d96ed097ba054c46317eb55f061f357f3a4dcc76ecb29d323a0f7f7c04e4c50,neutral_p12_f34_2816_2819,raw,neutral,neutral,neutral,p12,F34,p12:F34,F,False,24200,1,2,79828,3.298677686,NONE,
b6cee711c5065f09,train,Neutral/neutral_p12_F35_140_144.wav,neutral_p12_F35_140_144.wav,b6cee711c5065f09a1d236fa15ed00c506d0c149fa1b59d44c2b94f3314fff9f,neutral_p12_f35_140_144,raw,neutral,neutral,neutral,p12,F35,p12:F35,F,False,24200,1,2,85987,3.553181818,NONE,
36a8d9153173ac41,train,Neutral/neutral_p12_F35_2009_3012.wav,neutral_p12_F35_2009_3012.wav,36a8d9153173ac41389e0ba8f3fe7c7ccdc06f60d3d5eeed6517dde958f3ca14,neutral_p12_f35_2009_3012,raw,neutral,neutral,neutral,p12,F35,p12:F35,F,False,24200,1,2,99815,4.124586777,NONE,
7af05a037ffd3430,train,Neutral/neutral_p12_F35_2924_2928.wav,neutral_p12_F35_2924_2928.wav,7af05a037ffd3430de13b8c9b76eeef59c17ca6ec964d808198837a4dfab26cd,neutral_p12_f35_2924_2928,raw,neutral,neutral,neutral,p12,F35,p12:F35,F,False,24200,1,2,105221,4.347975207,NONE,
4f0ed464568741a4,train,Neutral/neutral_p12_F35_2929_2932.wav,neutral_p12_F35_2929_2932.wav,4f0ed464568741a4ac2fccdc4db7ad6f3066d16f69f266fcea45eb5e7f1659d8,neutral_p12_f35_2929_2932,raw,neutral,neutral,neutral,p12,F35,p12:F35,F,False,24200,1,2,76182,3.148016529,NONE,
2fdacc884e9a974a,train,Neutral/neutral_p12_F35_2932_2935.wav,neutral_p12_F35_2932_2935.wav,2fdacc884e9a974a8f46c58c5f329edbf87d35ce8d04fa743040a54ca494a1bb,neutral_p12_f35_2932_2935,raw,neutral,neutral,neutral,p12,F35,p12:F35,F,False,24200,1,2,87999,3.636322314,NONE,
98aae6f2c5449f19,train,Neutral/neutral_p12_F35_2937_2939.wav,neutral_p12_F35_2937_2939.wav,98aae6f2c5449f195e3c56bd84a6f8d14a6fa84f02dc7b6ac214ef2cf5a3faca,neutral_p12_f35_2937_2939,raw,neutral,neutral,neutral,p12,F35,p12:F35,F,False,24200,1,2,64994,2.685702479,NONE,
b0dab48b6a99fecf,train,Neutral/neutral_p12_F35_2938_2941.wav,neutral_p12_F35_2938_2941.wav,b0dab48b6a99fecfa8d02eb36499f5c9737e271bdda5e343f88dbf6927f9b41b,neutral_p12_f35_2938_2941,raw,neutral,neutral,neutral,p12,F35,p12:F35,F,False,24200,1,2,68639,2.836322314,NONE,
30740fe24971d00e,train,Neutral/neutral_p12_F35_2940_2943.wav,neutral_p12_F35_2940_2943.wav,30740fe24971d00e5abad8bbb239a15840e1a4182324957c9ea478669dc0604a,neutral_p12_f35_2940_2943,raw,neutral,neutral,neutral,p12,F35,p12:F35,F,False,24200,1,2,91016,3.760991736,NONE,
9e37b94b137a2bf1,train,Neutral/neutral_p12_F35_2945_2949.wav,neutral_p12_F35_2945_2949.wav,9e37b94b137a2bf1e849e97736a3d67b0db2a85a3d743d4f1e1d56382c7a4471,neutral_p12_f35_2945_2949,raw,neutral,neutral,neutral,p12,F35,p12:F35,F,False,24200,1,2,114147,4.716818182,NONE,
8546c3d76445d8f0,train,Neutral/neutral_p12_F35_3013_3017.wav,neutral_p12_F35_3013_3017.wav,8546c3d76445d8f013113d2502a4125b53ca0723fa3691e0738f8150650f2ac1,neutral_p12_f35_3013_3017,raw,neutral,neutral,neutral,p12,F35,p12:F35,F,False,24200,1,2,97804,4.041487603,NONE,
41217d21743c30c4,train,Neutral/neutral_p12_F35_3016_3019.wav,neutral_p12_F35_3016_3019.wav,41217d21743c30c43d018fff3588fc9dd55a5ec2a5226226d71b5f68ebe71736,neutral_p12_f35_3016_3019,raw,neutral,neutral,neutral,p12,F35,p12:F35,F,False,24200,1,2,91644,3.786942149,NONE,
a722f75ee155e159,train,Neutral/neutral_p12_F35_3020_3023.wav,neutral_p12_F35_3020_3023.wav,a722f75ee155e159f121e8da45e76680527c8f67e0629b553aa3da6f52ce7410,neutral_p12_f35_3020_3023,raw,neutral,neutral,neutral,p12,F35,p12:F35,F,False,24200,1,2,74799,3.090867769,NONE,
fcc9b52efc530772,train,Neutral/neutral_p12_F35_3021_3025.wav,neutral_p12_F35_3021_3025.wav,fcc9b52efc530772e386f45d252ce35f8ad3f338b1d83904e955eea127877874,neutral_p12_f35_3021_3025,raw,neutral,neutral,neutral,p12,F35,p12:F35,F,False,24200,1,2,91518,3.781735537,NONE,
08248b1606fe7f4f,train,Neutral/neutral_p12_F35_3026_3030.wav,neutral_p12_F35_3026_3030.wav,08248b1606fe7f4f47dcf134c2db69decab660794abc6927e63a92296588d41e,neutral_p12_f35_3026_3030,raw,neutral,neutral,neutral,p12,F35,p12:F35,F,False,24200,1,2,102330,4.228512397,NONE,
62ec4bfce8b4459b,train,Neutral/neutral_p12_F36_3103_3105.wav,neutral_p12_F36_3103_3105.wav,62ec4bfce8b4459b33e07cdaf344cadbbef9407422b63372be6033d540d9277f,neutral_p12_f36_3103_3105,raw,neutral,neutral,neutral,p12,F36,p12:F36,F,False,24200,1,2,66502,2.748016529,NONE,
e1a1249ddb4b2df3,train,Neutral/neutral_p12_F36_3106_3109.wav,neutral_p12_F36_3106_3109.wav,e1a1249ddb4b2df3853ca5e7ca5880039bb358ee22d35c43be4556f8e7a4ddbe,neutral_p12_f36_3106_3109,raw,neutral,neutral,neutral,p12,F36,p12:F36,F,False,24200,1,2,86742,3.584380165,NONE,
42b467f5dc7fa826,train,Neutral/neutral_p12_F36_3109_3113.wav,neutral_p12_F36_3109_3113.wav,42b467f5dc7fa82648a7ef356e11a6d8751af7d8bdae3d59854c46d9681a655c,neutral_p12_f36_3109_3113,raw,neutral,neutral,neutral,p12,F36,p12:F36,F,False,24200,1,2,114775,4.742768595,NONE,
740b211d19b79b8e,train,Neutral/neutral_p12_F36_3114_3118.wav,neutral_p12_F36_3114_3118.wav,740b211d19b79b8e5f4881e61eaefecd46a129d02c876da88b70d0756a1414b9,neutral_p12_f36_3114_3118,raw,neutral,neutral,neutral,p12,F36,p12:F36,F,False,24200,1,2,117290,4.846694215,NONE,
b44afb4799c8d561,train,Neutral/neutral_p12_F36_3117_3121.wav,neutral_p12_F36_3117_3121.wav,b44afb4799c8d5612c4d375720988b399713c21dec97b4cf06149d2d4caead2f,neutral_p12_f36_3117_3121,raw,neutral,neutral,neutral,p12,F36,p12:F36,F,False,24200,1,2,88125,3.641528926,NONE,
c5092716fe912fe0,train,Neutral/neutral_p12_F36_3122_3126.wav,neutral_p12_F36_3122_3126.wav,c5092716fe912fe0b7b2bf4f834a72a864d475ab2585afd5ed360968607e8822,neutral_p12_f36_3122_3126,raw,neutral,neutral,neutral,p12,F36,p12:F36,F,False,24200,1,2,99690,4.119421488,NONE,
e6798202bbc203ff,train,Neutral/neutral_p12_F36_3124_3129.wav,neutral_p12_F36_3124_3129.wav,e6798202bbc203ff6090e82e3bba2d0e8ceeca4e38a2f4e496f21fd8cdd9134a,neutral_p12_f36_3124_3129,raw,neutral,neutral,neutral,p12,F36,p12:F36,F,False,24200,1,2,131369,5.428471074,NONE,
49cb037e90283c1c,train,Neutral/neutral_p12_F36_3130_3132.wav,neutral_p12_F36_3130_3132.wav,49cb037e90283c1cd0b94f589472b86f55bbe65c87739895b3f762ce5202b1ab,neutral_p12_f36_3130_3132,raw,neutral,neutral,neutral,p12,F36,p12:F36,F,False,24200,1,2,60845,2.514256198,NONE,
a2e824c85582f365,train,Neutral/neutral_p12_F37_1437_1440.wav,neutral_p12_F37_1437_1440.wav,a2e824c85582f36564e187c46493bef133eb48dfe274f4eeff23ef7234d722f5,neutral_p12_f37_1437_1440,raw,neutral,neutral,neutral,p12,F37,p12:F37,F,False,24200,1,2,83525,3.451446281,NONE,
52b6d7d88eb75bf9,train,Neutral/neutral_p12_F37_1444_1447.wav,neutral_p12_F37_1444_1447.wav,52b6d7d88eb75bf911f267ed1fa2922f92fc9e2e9d44b3327c7e181354c4576c,neutral_p12_f37_1444_1447,raw,neutral,neutral,neutral,p12,F37,p12:F37,F,False,24200,1,2,74316,3.070909091,NONE,
c9f2a1b5a0652a72,train,Neutral/neutral_p12_F37_1447_1449.wav,neutral_p12_F37_1447_1449.wav,c9f2a1b5a0652a72496a1e1908b2da363ae93300d440658f71625e5e8b8e0333,neutral_p12_f37_1447_1449,raw,neutral,neutral,neutral,p12,F37,p12:F37,F,False,24200,1,2,41187,1.701942149,NONE,
ef3496d3732139de,train,Neutral/neutral_p12_F37_5_8.wav,neutral_p12_F37_5_8.wav,ef3496d3732139def199663a679b3c1fd37e0de7f02533f6f93727143d99960f,neutral_p12_f37_5_8,raw,neutral,neutral,neutral,p12,F37,p12:F37,F,False,24200,1,2,76433,3.15838843,NONE,
5bc5324cf1275d67,train,Neutral/neutral_p12_F37_706_711.wav,neutral_p12_F37_706_711.wav,5bc5324cf1275d67ca3e2290251d5b3d107dcb6ebaba623770dc261898eb06f0,neutral_p12_f37_706_711,raw,neutral,neutral,neutral,p12,F37,p12:F37,F,False,24200,1,2,113743,4.700123967,NONE,
adebefb9ed9e94b7,train,Neutral/neutral_p12_F37_711_714.wav,neutral_p12_F37_711_714.wav,adebefb9ed9e94b71a429ac33d7944602890234a6a75aa4d09591d693cabee7b,neutral_p12_f37_711_714,raw,neutral,neutral,neutral,p12,F37,p12:F37,F,False,24200,1,2,64083,2.648057851,NONE,
85ced58e78153c72,train,Neutral/neutral_p12_F37_8_11.wav,neutral_p12_F37_8_11.wav,85ced58e78153c72290b3acffdde2976e1865ec02dfbfd6b5ff6d84ab0472b85,neutral_p12_f37_8_11,raw,neutral,neutral,neutral,p12,F37,p12:F37,F,False,24200,1,2,70222,2.901735537,NONE,
0c20725fcfa452b3,train,Neutral/neutral_p12_M30_1237_1242.wav,neutral_p12_M30_1237_1242.wav,0c20725fcfa452b351ead81bfc8e90877132c9cc7d82a2797fae55e3f24f8f1a,neutral_p12_m30_1237_1242,raw,neutral,neutral,neutral,p12,M30,p12:M30,M,False,24200,1,2,118956,4.91553719,NONE,
add52f1b9bc87242,train,Neutral/neutral_p12_M30_1242_1246.wav,neutral_p12_M30_1242_1246.wav,add52f1b9bc872420dc1d6cde254454f0248e526ecd1accea8f108e66c607a85,neutral_p12_m30_1242_1246,raw,neutral,neutral,neutral,p12,M30,p12:M30,M,False,24200,1,2,87490,3.615289256,NONE,
fbfb513c48b474d4,train,Neutral/neutral_p12_M30_1246_1249.wav,neutral_p12_M30_1246_1249.wav,fbfb513c48b474d4232726f58f9df08da70447a3ab55fdae1bb0ca2901b12b00,neutral_p12_m30_1246_1249,raw,neutral,neutral,neutral,p12,M30,p12:M30,M,False,24200,1,2,82630,3.41446281,NONE,
7bf2bc25c8efd755,train,Neutral/neutral_p12_M30_1250_1253.wav,neutral_p12_M30_1250_1253.wav,7bf2bc25c8efd75532eb0eccdcf6002f4ec0197f1f4f540f25386355423c2e1c,neutral_p12_m30_1250_1253,raw,neutral,neutral,neutral,p12,M30,p12:M30,M,False,24200,1,2,75723,3.129049587,NONE,
73b723677bcce80e,train,Neutral/neutral_p12_M30_1254_1256.wav,neutral_p12_M30_1254_1256.wav,73b723677bcce80e594a2a5359e71bfb3efcace6697b2d193fbdb31534c177ed,neutral_p12_m30_1254_1256,raw,neutral,neutral,neutral,p12,M30,p12:M30,M,False,24200,1,2,63699,2.632190083,NONE,
d7399f8264d169d5,train,Neutral/neutral_p12_M30_1257_1300.wav,neutral_p12_M30_1257_1300.wav,d7399f8264d169d5ff94898d89711237c0759f893e64ec65c81a780d779e5c5e,neutral_p12_m30_1257_1300,raw,neutral,neutral,neutral,p12,M30,p12:M30,M,False,24200,1,2,106549,4.40285124,NONE,
47e775d343a568e5,train,Neutral/neutral_p12_M30_1301_1303.wav,neutral_p12_M30_1301_1303.wav,47e775d343a568e504d65e4a5810f2d13916e36324015d146a920184dc1bf98d,neutral_p12_m30_1301_1303,raw,neutral,neutral,neutral,p12,M30,p12:M30,M,False,24200,1,2,54618,2.256942149,NONE,
74dac93555079b45,train,Neutral/neutral_p12_M30_1304_1307.wav,neutral_p12_M30_1304_1307.wav,74dac93555079b45e27a0cee5f7d36f89a9b707aaca881b649f037303c1b379b,neutral_p12_m30_1304_1307,raw,neutral,neutral,neutral,p12,M30,p12:M30,M,False,24200,1,2,81350,3.361570248,NONE,
8edd5764ec261d4d,train,Neutral/neutral_p12_M30_1308_1311.wav,neutral_p12_M30_1308_1311.wav,8edd5764ec261d4d7b0077a5b45932bf4a28f388436a5346cc3868b7eb028a7b,neutral_p12_m30_1308_1311,raw,neutral,neutral,neutral,p12,M30,p12:M30,M,False,24200,1,2,84549,3.493760331,NONE,
527c630f1c46457c,train,Neutral/neutral_p12_M30_1311_1315.wav,neutral_p12_M30_1311_1315.wav,527c630f1c46457cf87a25a1a7d81fa9acbf821a8ee9feda53ac59d71c13eec9,neutral_p12_m30_1311_1315,raw,neutral,neutral,neutral,p12,M30,p12:M30,M,False,24200,1,2,78537,3.245330579,NONE,
0dfa3e7b6b65e8b5,train,Neutral/neutral_p12_M30_1315_1318.wav,neutral_p12_M30_1315_1318.wav,0dfa3e7b6b65e8b5943d9f48341695874ae521d5247ae373be565f036696ef8f,neutral_p12_m30_1315_1318,raw,neutral,neutral,neutral,p12,M30,p12:M30,M,False,24200,1,2,77898,3.21892562,NONE,
1063631510d1fb9b,train,Neutral/neutral_p12_M30_1318_1321.wav,neutral_p12_M30_1318_1321.wav,1063631510d1fb9b1e275f50b789ee0966edce1acf59701f6d06bd578f7c1f40,neutral_p12_m30_1318_1321,raw,neutral,neutral,neutral,p12,M30,p12:M30,M,False,24200,1,2,75083,3.102603306,NONE,
1fae5bbaa80d6222,train,Neutral/neutral_p12_M30_1321_1324.wav,neutral_p12_M30_1321_1324.wav,1fae5bbaa80d6222a29c3d8ea71b8d708a71900a2069e53ee162b8fe7b483668,neutral_p12_m30_1321_1324,raw,neutral,neutral,neutral,p12,M30,p12:M30,M,False,24200,1,2,65234,2.695619835,NONE,
244abbcaf9961a03,train,Neutral/neutral_p12_M30_1325_1327.wav,neutral_p12_M30_1325_1327.wav,244abbcaf9961a0380d08eab985746d8c030e566c05b3cba79725428042a5b7c,neutral_p12_m30_1325_1327,raw,neutral,neutral,neutral,p12,M30,p12:M30,M,False,24200,1,2,65106,2.690330579,NONE,
86f84721f232c8d1,train,Neutral/neutral_p12_M30_1328_1331.wav,neutral_p12_M30_1328_1331.wav,86f84721f232c8d17e5986081ef47c0b728ecff15cb9a651838db469b25bc122,neutral_p12_m30_1328_1331,raw,neutral,neutral,neutral,p12,M30,p12:M30,M,False,24200,1,2,86339,3.567727273,NONE,
03d6af34eb5830f6,train,Neutral/neutral_p12_M30_1332_1336.wav,neutral_p12_M30_1332_1336.wav,03d6af34eb5830f64a19216fc70b775d4e0ab673319819387cea3403d730d9f1,neutral_p12_m30_1332_1336,raw,neutral,neutral,neutral,p12,M30,p12:M30,M,False,24200,1,2,115247,4.762272727,NONE,
9920dfbbdcc94278,train,Neutral/neutral_p12_M30_1337_1339.wav,neutral_p12_M30_1337_1339.wav,9920dfbbdcc94278e1450efc5be60206aa09d42d1fc4d3824f8ec0e0095ea5aa,neutral_p12_m30_1337_1339,raw,neutral,neutral,neutral,p12,M30,p12:M30,M,False,24200,1,2,61781,2.552933884,NONE,
f8ec7fb89101e932,train,Neutral/neutral_p12_M30_1341_1344.wav,neutral_p12_M30_1341_1344.wav,f8ec7fb89101e932a03ad7041937db262188f91c6e411e564266b052a0f6395c,neutral_p12_m30_1341_1344,raw,neutral,neutral,neutral,p12,M30,p12:M30,M,False,24200,1,2,72013,2.975743802,NONE,
00701de737493d11,train,Neutral/neutral_p12_M30_1342_1345.wav,neutral_p12_M30_1342_1345.wav,00701de737493d1197031cb4b0a0955dc0c3297c239b1e0a04de94f36d9dd495,neutral_p12_m30_1342_1345,raw,neutral,neutral,neutral,p12,M30,p12:M30,M,False,24200,1,2,79176,3.271735537,NONE,
042514844667be7e,train,Neutral/neutral_p12_M30_1345_1347.wav,neutral_p12_M30_1345_1347.wav,042514844667be7ec1b9e234478454b3c784d9a3561e63e338da41615d48b871,neutral_p12_m30_1345_1347,raw,neutral,neutral,neutral,p12,M30,p12:M30,M,False,24200,1,2,66897,2.764338843,NONE,
cc5c937d5f409fee,train,Neutral/neutral_p12_M30_1347_1349.wav,neutral_p12_M30_1347_1349.wav,cc5c937d5f409feecd533ced48452fe0c94bddfba26f3d33ff8ac7bbafff9149,neutral_p12_m30_1347_1349,raw,neutral,neutral,neutral,p12,M30,p12:M30,M,False,24200,1,2,51931,2.145909091,NONE,
b295be5c05f66331,train,Neutral/neutral_p12_M30_1350_1353.wav,neutral_p12_M30_1350_1353.wav,b295be5c05f66331f88b1e0ad888a9411bee37141c3cb32bc5e94d18122d1194,neutral_p12_m30_1350_1353,raw,neutral,neutral,neutral,p12,M30,p12:M30,M,False,24200,1,2,89282,3.689338843,NONE,
e91331f77424eca6,train,Neutral/neutral_p12_M30_1354_1357.wav,neutral_p12_M30_1354_1357.wav,e91331f77424eca6a84ddccad043cef19a290aee4f624775b9e6af77a511f954,neutral_p12_m30_1354_1357,raw,neutral,neutral,neutral,p12,M30,p12:M30,M,False,24200,1,2,70990,2.933471074,NONE,
b527506b8eac19ba,train,Neutral/neutral_p12_M30_1358_1401.wav,neutral_p12_M30_1358_1401.wav,b527506b8eac19ba6736ce33f280809d92db1b88f37d755b5aed606e6dfc85a8,neutral_p12_m30_1358_1401,raw,neutral,neutral,neutral,p12,M30,p12:M30,M,False,24200,1,2,86083,3.55714876,NONE,
b406bf17326399d9,train,Neutral/neutral_p12_M30_1402_1404.wav,neutral_p12_M30_1402_1404.wav,b406bf17326399d9d6150740532904459f7ee4d385a6b508fba21c7e0c642553,neutral_p12_m30_1402_1404,raw,neutral,neutral,neutral,p12,M30,p12:M30,M,False,24200,1,2,68944,2.84892562,NONE,
7314ac02cfaec8dc,train,Neutral/neutral_p12_M30_1405_1408.wav,neutral_p12_M30_1405_1408.wav,7314ac02cfaec8dc6c0abb64095a1503c90ab696b5c175ef9c21a4e406a8d7a3,neutral_p12_m30_1405_1408,raw,neutral,neutral,neutral,p12,M30,p12:M30,M,False,24200,1,2,78793,3.255909091,NONE,
ce866628ece97f04,train,Neutral/neutral_p12_M30_1407_1409.wav,neutral_p12_M30_1407_1409.wav,ce866628ece97f04e34189b59433162c6d51def5a4d0a4b18cc55435803f433f,neutral_p12_m30_1407_1409,raw,neutral,neutral,neutral,p12,M30,p12:M30,M,False,24200,1,2,53467,2.209380165,NONE,
43b20111f420c61e,train,Neutral/neutral_p12_M30_1410_1413.wav,neutral_p12_M30_1410_1413.wav,43b20111f420c61e6120c9a97d80d53ffaa3ba037c727f2f86d062a8d58efdd7,neutral_p12_m30_1410_1413,raw,neutral,neutral,neutral,p12,M30,p12:M30,M,False,24200,1,2,72269,2.986322314,NONE,
0d49791c0824a24d,train,Neutral/neutral_p12_M30_1413_1415.wav,neutral_p12_M30_1413_1415.wav,0d49791c0824a24d3cf5731e3313a3c523b6311d0a4aa79d42ba6582d39011f0,neutral_p12_m30_1413_1415,raw,neutral,neutral,neutral,p12,M30,p12:M30,M,False,24200,1,2,49245,2.034917355,NONE,
a3a3e5e103a586cc,train,Neutral/neutral_p12_M30_1941_1943.wav,neutral_p12_M30_1941_1943.wav,a3a3e5e103a586cc83ba5f78433d7153a820af4c29795a32dfa91c6f9834df3c,neutral_p12_m30_1941_1943,raw,neutral,neutral,neutral,p12,M30,p12:M30,M,False,24200,1,2,41954,1.733636364,NONE,
da23f5d588f47f48,train,Neutral/neutral_p12_M30_1954_1956.wav,neutral_p12_M30_1954_1956.wav,da23f5d588f47f488ab6520c88e875f7062f3d8c5de4a82f031c2641defc8e7e,neutral_p12_m30_1954_1956,raw,neutral,neutral,neutral,p12,M30,p12:M30,M,False,24200,1,2,31082,1.284380165,NONE,
ea79dbfe59950116,train,Neutral/neutral_p12_M30_722_725.wav,neutral_p12_M30_722_725.wav,ea79dbfe59950116649c4ab1a67aa6b5e155ac52fd2ad43749c4d99a6db7a20b,neutral_p12_m30_722_725,raw,neutral,neutral,neutral,p12,M30,p12:M30,M,False,24200,1,2,66002,2.727355372,NONE,
73b9d31730e031ce,train,Neutral/neutral_p12_M30_725_727.wav,neutral_p12_M30_725_727.wav,73b9d31730e031ceeb816951aebe8117fd759dfb1a670b56efdcc3e2e9211d1f,neutral_p12_m30_725_727,raw,neutral,neutral,neutral,p12,M30,p12:M30,M,False,24200,1,2,61525,2.542355372,NONE,
71ff53c2c938677a,train,Neutral/neutral_p12_M30_728_732.wav,neutral_p12_M30_728_732.wav,71ff53c2c938677ace5f4ab618195ae72fbd3d375cd891a3680f2e8674345af1,neutral_p12_m30_728_732,raw,neutral,neutral,neutral,p12,M30,p12:M30,M,False,24200,1,2,104502,4.318264463,NONE,
c9f338ed9c08a0b0,train,Neutral/neutral_p12_M30_733_735.wav,neutral_p12_M30_733_735.wav,c9f338ed9c08a0b042485d0e26871c5c2bde6693a8dd63621b7c17a3d6d3b3d6,neutral_p12_m30_733_735,raw,neutral,neutral,neutral,p12,M30,p12:M30,M,False,24200,1,2,60885,2.515909091,NONE,
6eba2718c008008f,train,Neutral/neutral_p12_M30_735_738.wav,neutral_p12_M30_735_738.wav,6eba2718c008008f29a2041dbde6a2af6c458c8e8637a4cc9d9ed17dd6857f63,neutral_p12_m30_735_738,raw,neutral,neutral,neutral,p12,M30,p12:M30,M,False,24200,1,2,75595,3.123760331,NONE,
eaab690ebbc3b2aa,train,Neutral/neutral_p12_M30_739_743.wav,neutral_p12_M30_739_743.wav,eaab690ebbc3b2aa7f20c1c21c7f0c9250939de5c16fd18332897687b58af7c3,neutral_p12_m30_739_743,raw,neutral,neutral,neutral,p12,M30,p12:M30,M,False,24200,1,2,101560,4.196694215,NONE,
2b023e41725d1a4b,train,Neutral/neutral_p12_M30_744_748.wav,neutral_p12_M30_744_748.wav,2b023e41725d1a4bc39c7a4ab0915011729ff0cd65e87460e1a4332fd9adea4a,neutral_p12_m30_744_748,raw,neutral,neutral,neutral,p12,M30,p12:M30,M,False,24200,1,2,122282,5.052975207,NONE,
d1860066749d80a0,train,Neutral/neutral_p12_M30_749_752.wav,neutral_p12_M30_749_752.wav,d1860066749d80a0c54c34c244ad41adfe5dd202f636b0139daa97631b45f03c,neutral_p12_m30_749_752,raw,neutral,neutral,neutral,p12,M30,p12:M30,M,False,24200,1,2,86339,3.567727273,NONE,
a5ca461afb4c367a,train,Neutral/neutral_p12_M30_753_756.wav,neutral_p12_M30_753_756.wav,a5ca461afb4c367a9922bb2f697eaac6be50ea9689ae138a52f3104f12b24ac1,neutral_p12_m30_753_756,raw,neutral,neutral,neutral,p12,M30,p12:M30,M,False,24200,1,2,88642,3.662892562,NONE,
30261c146ad1c535,train,Neutral/neutral_p12_M30_756_758.wav,neutral_p12_M30_756_758.wav,30261c146ad1c5357e7cd93d5db824792fa4caf7137f48c6db2ccdbf7a41708e,neutral_p12_m30_756_758,raw,neutral,neutral,neutral,p12,M30,p12:M30,M,False,24200,1,2,63187,2.611033058,NONE,
3f509b369b93abac,train,Neutral/neutral_p12_M30_759_803.wav,neutral_p12_M30_759_803.wav,3f509b369b93abac5f8ef923d042efcbdf0a13a8b18c4493056739739e34da1a,neutral_p12_m30_759_803,raw,neutral,neutral,neutral,p12,M30,p12:M30,M,False,24200,1,2,104758,4.328842975,NONE,
216abc3efcc30719,train,Neutral/neutral_p12_M30_804_807.wav,neutral_p12_M30_804_807.wav,216abc3efcc3071945ed948aad7a34ca0936e43aebd34f55ad91344578913dd1,neutral_p12_m30_804_807,raw,neutral,neutral,neutral,p12,M30,p12:M30,M,False,24200,1,2,84676,3.499008264,NONE,
6fea4c16e9b5a222,train,Neutral/neutral_p12_M30_807_810.wav,neutral_p12_M30_807_810.wav,6fea4c16e9b5a222822d4fef0bb3f187a99ea70525ba911b6d65c7a2ff75853e,neutral_p12_m30_807_810,raw,neutral,neutral,neutral,p12,M30,p12:M30,M,False,24200,1,2,61397,2.537066116,NONE,
11e58e171c33a889,train,Neutral/neutral_p12_M30_814_819.wav,neutral_p12_M30_814_819.wav,11e58e171c33a889b4c59cb491b1954e72923e719de1a98cbb4d2d0feef3f046,neutral_p12_m30_814_819,raw,neutral,neutral,neutral,p12,M30,p12:M30,M,False,24200,1,2,133154,5.502231405,NONE,
7c2702d1003e49a7,train,Neutral/neutral_p12_M30_820_823.wav,neutral_p12_M30_820_823.wav,7c2702d1003e49a7aebaacc568ccafa5ebc504ec6e67bb260339b499077a7bc1,neutral_p12_m30_820_823,raw,neutral,neutral,neutral,p12,M30,p12:M30,M,False,24200,1,2,89537,3.699876033,NONE,
9ff26cbe5decfcbb,train,Neutral/neutral_p12_M30_824_828.wav,neutral_p12_M30_824_828.wav,9ff26cbe5decfcbbe15e88efdbb3889a10f2874739e9fc1d27c3c5070f641c9c,neutral_p12_m30_824_828,raw,neutral,neutral,neutral,p12,M30,p12:M30,M,False,24200,1,2,107700,4.450413223,NONE,
a5520b1d0918e8cc,train,Neutral/neutral_p12_M30_828_830.wav,neutral_p12_M30_828_830.wav,a5520b1d0918e8cc82b57aa3837902710325ff4e1d67b89dc528b06b870e6e47,neutral_p12_m30_828_830,raw,neutral,neutral,neutral,p12,M30,p12:M30,M,False,24200,1,2,39524,1.63322314,NONE,
6c5d1a3d48ce5ebd,train,Neutral/neutral_p12_M30_830_833.wav,neutral_p12_M30_830_833.wav,6c5d1a3d48ce5ebd3ffab2a64a0eaea0442e1ba27bb2c369878b1c82e80e5ffb,neutral_p12_m30_830_833,raw,neutral,neutral,neutral,p12,M30,p12:M30,M,False,24200,1,2,84549,3.493760331,NONE,
fde008a10db7d1c0,train,Neutral/neutral_p12_M30_834_837.wav,neutral_p12_M30_834_837.wav,fde008a10db7d1c0c6ce260de232d60caf33ae097933e04d70d636c4ae09e73f,neutral_p12_m30_834_837,raw,neutral,neutral,neutral,p12,M30,p12:M30,M,False,24200,1,2,80072,3.308760331,NONE,
f9a99c47aa0ec0d9,train,Neutral/neutral_p12_M30_838_840.wav,neutral_p12_M30_838_840.wav,f9a99c47aa0ec0d992d42def8697b1a36a39ec93091318163555133d8bd17e18,neutral_p12_m30_838_840,raw,neutral,neutral,neutral,p12,M30,p12:M30,M,False,24200,1,2,65618,2.711487603,NONE,
91ba2d048c6ff21a,train,Neutral/neutral_p12_M30_841_844.wav,neutral_p12_M30_841_844.wav,91ba2d048c6ff21a49362496ebcc4d47c9b93142a1b54d772f188a57044e26c7,neutral_p12_m30_841_844,raw,neutral,neutral,neutral,p12,M30,p12:M30,M,False,24200,1,2,97979,4.048719008,NONE,
d13eeaacafc3d4fe,train,Neutral/neutral_p12_M30_847_850.wav,neutral_p12_M30_847_850.wav,d13eeaacafc3d4fe122bf925ef5f9ac18bd0e761c21ceef048b1bd7241c22600,neutral_p12_m30_847_850,raw,neutral,neutral,neutral,p12,M30,p12:M30,M,False,24200,1,2,82374,3.403884298,NONE,
aaa33c97e88971f1,train,Neutral/neutral_p12_M30_851_854.wav,neutral_p12_M30_851_854.wav,aaa33c97e88971f1a28998e688407c5761691e8d3649ed7db55f8281a0228e50,neutral_p12_m30_851_854,raw,neutral,neutral,neutral,p12,M30,p12:M30,M,False,24200,1,2,83525,3.451446281,NONE,
c5054d38cdfcc37f,train,Neutral/neutral_p12_M30_855_858.wav,neutral_p12_M30_855_858.wav,c5054d38cdfcc37f414ef33df2bba033320d6b960f6454b3721dcb25b1a0839f,neutral_p12_m30_855_858,raw,neutral,neutral,neutral,p12,M30,p12:M30,M,False,24200,1,2,95421,3.943016529,NONE,
b798015e379627a8,train,Neutral/neutral_p12_M30_859_902.wav,neutral_p12_M30_859_902.wav,b798015e379627a807fbd3ecd30f189b38f1e833355a64f9b72f2d7d8ed8918e,neutral_p12_m30_859_902,raw,neutral,neutral,neutral,p12,M30,p12:M30,M,False,24200,1,2,94270,3.895454545,NONE,
762cf00cd4cf091b,train,Neutral/neutral_p12_M30_903_905.wav,neutral_p12_M30_903_905.wav,762cf00cd4cf091bda5e319fb6e21ce56578b40f2658d233995df56e85427006,neutral_p12_m30_903_905,raw,neutral,neutral,neutral,p12,M30,p12:M30,M,False,24200,1,2,65618,2.711487603,NONE,
752eda090c89cecc,train,Neutral/neutral_p12_M30_906_909.wav,neutral_p12_M30_906_909.wav,752eda090c89cecc9abd2df24597831b802bb1e3c4f55891010fbdf6c0ec94d3,neutral_p12_m30_906_909,raw,neutral,neutral,neutral,p12,M30,p12:M30,M,False,24200,1,2,73165,3.023347107,NONE,
406dc6b950b8ba1a,train,Neutral/neutral_p12_M30_910_913.wav,neutral_p12_M30_910_913.wav,406dc6b950b8ba1a00b50405a5fa5861bb6be3408af7b375976389fc8e9f0cfe,neutral_p12_m30_910_913,raw,neutral,neutral,neutral,p12,M30,p12:M30,M,False,24200,1,2,86211,3.562438017,NONE,
51b62f6821d5a94b,train,Neutral/neutral_p12_M30_913_916.wav,neutral_p12_M30_913_916.wav,51b62f6821d5a94bed2534b0a51512047de2e0cd5c9e7d1351486f28a5a8d95a,neutral_p12_m30_913_916,raw,neutral,neutral,neutral,p12,M30,p12:M30,M,False,24200,1,2,70734,2.922892562,NONE,
b25ad08e5a14cd46,train,Neutral/neutral_p12_M30_917_919.wav,neutral_p12_M30_917_919.wav,b25ad08e5a14cd46e09b2f76cb576d8061d7b18240b587409edf0115e1fb31d2,neutral_p12_m30_917_919,raw,neutral,neutral,neutral,p12,M30,p12:M30,M,False,24200,1,2,77002,3.181900826,NONE,
6296cfeae2df5cd0,train,Neutral/neutral_p12_M30_920_923.wav,neutral_p12_M30_920_923.wav,6296cfeae2df5cd06c5073bd55333b6cb532cb44550c0aa1b03487b3beeea23b,neutral_p12_m30_920_923,raw,neutral,neutral,neutral,p12,M30,p12:M30,M,False,24200,1,2,92607,3.826735537,NONE,
3a395276421959ec,train,Neutral/neutral_p12_M31_1503_1506.wav,neutral_p12_M31_1503_1506.wav,3a395276421959ecf3c53e76818768219382848672960b0b5a02abdafdb67515,neutral_p12_m31_1503_1506,raw,neutral,neutral,neutral,p12,M31,p12:M31,M,False,24200,1,2,91199,3.768553719,NONE,
c7cebbb2424a66c4,train,Neutral/neutral_p12_M31_1507_1509.wav,neutral_p12_M31_1507_1509.wav,c7cebbb2424a66c4dc74fe6df1928dc9d06861fc25cb0e4fe9d4e28c0e073aa5,neutral_p12_m31_1507_1509,raw,neutral,neutral,neutral,p12,M31,p12:M31,M,False,24200,1,2,76490,3.160743802,NONE,
0b146cd51e58ca8b,train,Neutral/neutral_p12_M31_1513_1517.wav,neutral_p12_M31_1513_1517.wav,0b146cd51e58ca8b2f628c5147a4b4846f867e2c54221cd4e1a27a34476185f8,neutral_p12_m31_1513_1517,raw,neutral,neutral,neutral,p12,M31,p12:M31,M,False,24200,1,2,97339,4.022272727,NONE,
17769d09676ee453,train,Neutral/neutral_p12_M31_1518_1521.wav,neutral_p12_M31_1518_1521.wav,17769d09676ee4531c6344e2d2fd40f0547af6823a1fd389de62718d47806aa0,neutral_p12_m31_1518_1521,raw,neutral,neutral,neutral,p12,M31,p12:M31,M,False,24200,1,2,89537,3.699876033,NONE,
52f56596f56a1f54,train,Neutral/neutral_p12_M31_1519_1522.wav,neutral_p12_M31_1519_1522.wav,52f56596f56a1f54abdf632a4e9b7d69ad00f1b95d7dcc62ed37ff3bba387327,neutral_p12_m31_1519_1522,raw,neutral,neutral,neutral,p12,M31,p12:M31,M,False,24200,1,2,104119,4.302438017,NONE,
aaf40029f7627641,train,Neutral/neutral_p12_M31_1523_1526.wav,neutral_p12_M31_1523_1526.wav,aaf40029f7627641006f8b6f792393de981fdbe90d2b872a14ca81511b32518c,neutral_p12_m31_1523_1526,raw,neutral,neutral,neutral,p12,M31,p12:M31,M,False,24200,1,2,79560,3.287603306,NONE,
f917311abb86fa3b,train,Neutral/neutral_p12_M31_1527_1529.wav,neutral_p12_M31_1527_1529.wav,f917311abb86fa3b625a5497c75d2fd4f304993e7cb86fcb7d0ede47f24fa3c2,neutral_p12_m31_1527_1529,raw,neutral,neutral,neutral,p12,M31,p12:M31,M,False,24200,1,2,68432,2.827768595,NONE,
ebda54014a1d154b,train,Neutral/neutral_p12_M31_1530_1533.wav,neutral_p12_M31_1530_1533.wav,ebda54014a1d154bf51b7ee9db4a79251d67fcd8bfeadb8e6bd00d348f9b40d0,neutral_p12_m31_1530_1533,raw,neutral,neutral,neutral,p12,M31,p12:M31,M,False,24200,1,2,67280,2.780165289,NONE,
c6ed3f951e359e63,train,Neutral/neutral_p12_M31_1533_1537.wav,neutral_p12_M31_1533_1537.wav,c6ed3f951e359e6334d6bdf98521c82f44e94eeb44feb12e4fb0951ff483c845,neutral_p12_m31_1533_1537,raw,neutral,neutral,neutral,p12,M31,p12:M31,M,False,24200,1,2,91584,3.78446281,NONE,
278ac5671a6ad823,train,Neutral/neutral_p12_M31_1538_1542.wav,neutral_p12_M31_1538_1542.wav,278ac5671a6ad8231fac29adfeae3134f654f548dfe64aa35b1ffb35e744acf7,neutral_p12_m31_1538_1542,raw,neutral,neutral,neutral,p12,M31,p12:M31,M,False,24200,1,2,117677,4.86268595,NONE,
59a6b6f35a708679,train,Neutral/neutral_p12_M31_1543_1546.wav,neutral_p12_M31_1543_1546.wav,59a6b6f35a7086797424f2494a475ad3ace60fa8a6b0732e456449750c16ad25,neutral_p12_m31_1543_1546,raw,neutral,neutral,neutral,p12,M31,p12:M31,M,False,24200,1,2,90049,3.721033058,NONE,
c758f65bc7067d4d,train,Neutral/neutral_p12_M31_1548_1551.wav,neutral_p12_M31_1548_1551.wav,c758f65bc7067d4dadfb24ee36d3f9d03c3783263603e6b3b49fda871762ec0b,neutral_p12_m31_1548_1551,raw,neutral,neutral,neutral,p12,M31,p12:M31,M,False,24200,1,2,79816,3.298181818,NONE,
f166a31cceb063eb,train,Neutral/neutral_p12_M31_1552_1556.wav,neutral_p12_M31_1552_1556.wav,f166a31cceb063eb6c6d5966d7057e4678bff319bdefdd25c1c56e300b58d619,neutral_p12_m31_1552_1556,raw,neutral,neutral,neutral,p12,M31,p12:M31,M,False,24200,1,2,115119,4.756983471,NONE,
89088998dc3a0b53,train,Neutral/neutral_p12_M31_1557_1559.wav,neutral_p12_M31_1557_1559.wav,89088998dc3a0b53443d2a9e1cc8235f53466fe73a80db3734634be6ff0e01a0,neutral_p12_m31_1557_1559,raw,neutral,neutral,neutral,p12,M31,p12:M31,M,False,24200,1,2,75722,3.129008264,NONE,
ec2b0e720b6acca5,train,Neutral/neutral_p12_M31_1600_1603.wav,neutral_p12_M31_1600_1603.wav,ec2b0e720b6acca500dd8b9557fe12f32aa533e10e1e06c5339fcd4707c767c5,neutral_p12_m31_1600_1603,raw,neutral,neutral,neutral,p12,M31,p12:M31,M,False,24200,1,2,84549,3.493760331,NONE,
ac3f622fe9cd0b99,train,Neutral/neutral_p12_M31_1930_1933.wav,neutral_p12_M31_1930_1933.wav,ac3f622fe9cd0b99eed37bde0b83f6acda25388169685d6c22bec0e2440cbd1d,neutral_p12_m31_1930_1933,raw,neutral,neutral,neutral,p12,M31,p12:M31,M,False,24200,1,2,74444,3.076198347,NONE,
d71edb84818587e5,train,Neutral/neutral_p12_M31_1933_1937.wav,neutral_p12_M31_1933_1937.wav,d71edb84818587e5a831f26a1e64b80390efcf396c3bb3370ef4b28a4420b217,neutral_p12_m31_1933_1937,raw,neutral,neutral,neutral,p12,M31,p12:M31,M,False,24200,1,2,105142,4.344710744,NONE,
33c5096823567324,train,Neutral/neutral_p12_M31_1938_1941.wav,neutral_p12_M31_1938_1941.wav,33c5096823567324757687cfa917514412ed899763291d33d44da153e3d7b2dd,neutral_p12_m31_1938_1941,raw,neutral,neutral,neutral,p12,M31,p12:M31,M,False,24200,1,2,77129,3.18714876,NONE,
015dad9616eafb4f,train,Neutral/neutral_p12_M31_1943_1946.wav,neutral_p12_M31_1943_1946.wav,015dad9616eafb4f182bc3858739ca7fbf4974b06a358bef6b16019a23b8e974,neutral_p12_m31_1943_1946,raw,neutral,neutral,neutral,p12,M31,p12:M31,M,False,24200,1,2,75212,3.107933884,NONE,
ff1a3ff4bc980ae6,train,Neutral/neutral_p12_M31_1946_1949.wav,neutral_p12_M31_1946_1949.wav,ff1a3ff4bc980ae68dcf3e2407e27569be1889dcfc819ccfe65a7891d4bbd19a,neutral_p12_m31_1946_1949,raw,neutral,neutral,neutral,p12,M31,p12:M31,M,False,24200,1,2,63059,2.605743802,NONE,
020835ee49be811c,train,Neutral/neutral_p12_M31_1950_1954.wav,neutral_p12_M31_1950_1954.wav,020835ee49be811cc94c22a7bc81958ce1ea93a2abab809268eae7386287016b,neutral_p12_m31_1950_1954,raw,neutral,neutral,neutral,p12,M31,p12:M31,M,False,24200,1,2,116270,4.804545455,NONE,
f6d824fb86dd5131,train,Neutral/neutral_p12_M31_1956_1959.wav,neutral_p12_M31_1956_1959.wav,f6d824fb86dd513179249c26dd9b2489088d66684893f96c21fa051f9c79901c,neutral_p12_m31_1956_1959,raw,neutral,neutral,neutral,p12,M31,p12:M31,M,False,24200,1,2,90432,3.736859504,NONE,
33df3d9f98045326,train,Neutral/neutral_p12_M31_2000_2003.wav,neutral_p12_M31_2000_2003.wav,33df3d9f98045326408d25ef1e8818793cfea555e8a7bbc16a52dea776231fee,neutral_p12_m31_2000_2003,raw,neutral,neutral,neutral,p12,M31,p12:M31,M,False,24200,1,2,81839,3.38177686,NONE,
7a114a9d6672bece,train,Neutral/neutral_p12_M31_2006_2009.wav,neutral_p12_M31_2006_2009.wav,7a114a9d6672bece814e9426d4ecf825722a2bbdee805d5e1bd9cf572adec7ae,neutral_p12_m31_2006_2009,raw,neutral,neutral,neutral,p12,M31,p12:M31,M,False,24200,1,2,91072,3.763305785,NONE,
d9096e3c1f46dde6,train,Neutral/neutral_p12_M31_2010_2014.wav,neutral_p12_M31_2010_2014.wav,d9096e3c1f46dde665d070111a4bc2925123f5c0353062340c393680b4d552a3,neutral_p12_m31_2010_2014,raw,neutral,neutral,neutral,p12,M31,p12:M31,M,False,24200,1,2,96828,4.001157025,NONE,
5eacd8de6bf3e32f,train,Neutral/neutral_p12_M31_2014_2016.wav,neutral_p12_M31_2014_2016.wav,5eacd8de6bf3e32f9f68af0be5fdbf4ea8a999d542e840fea8b484fb8cf0181f,neutral_p12_m31_2014_2016,raw,neutral,neutral,neutral,p12,M31,p12:M31,M,False,24200,1,2,53722,2.219917355,NONE,
e4203df5704b1a2f,train,Neutral/neutral_p12_M31_2017_2020.wav,neutral_p12_M31_2017_2020.wav,e4203df5704b1a2fe7c0b24e068b2857cb13f2e77cf905dc45009229f47c6445,neutral_p12_m31_2017_2020,raw,neutral,neutral,neutral,p12,M31,p12:M31,M,False,24200,1,2,77897,3.218884298,NONE,
630893195d03c2f4,train,Neutral/neutral_p12_M31_2024_2007.wav,neutral_p12_M31_2024_2007.wav,630893195d03c2f47d5a938328401c4106df55e395e154e73eb9450a2cea684c,neutral_p12_m31_2024_2007,raw,neutral,neutral,neutral,p12,M31,p12:M31,M,False,24200,1,2,97979,4.048719008,NONE,
3032686081131e5c,train,Neutral/neutral_p12_M31_2140_2142.wav,neutral_p12_M31_2140_2142.wav,3032686081131e5c8da58d4b8cf52f7240260373162b50bdce8ba9c92b332f46,neutral_p12_m31_2140_2142,raw,neutral,neutral,neutral,p12,M31,p12:M31,M,False,24200,1,2,73039,3.018140496,NONE,
07f5a3a5f662a013,train,Neutral/neutral_p12_M31_2143_2145.wav,neutral_p12_M31_2143_2145.wav,07f5a3a5f662a013a12ef29fd0726fa4bda53af58a9aae891b7640e735e111d8,neutral_p12_m31_2143_2145,raw,neutral,neutral,neutral,p12,M31,p12:M31,M,False,24200,1,2,73793,3.049297521,NONE,
8ba99da5e0918bc7,train,Neutral/neutral_p12_M31_2201_2203.wav,neutral_p12_M31_2201_2203.wav,8ba99da5e0918bc7417187fc743a655d86c97e5d2e630eccb64ce80c1bdfea40,neutral_p12_m31_2201_2203,raw,neutral,neutral,neutral,p12,M31,p12:M31,M,False,24200,1,2,43245,1.786983471,NONE,
4106215585f2229a,train,Neutral/neutral_p12_M31_2203_2206.wav,neutral_p12_M31_2203_2206.wav,4106215585f2229aff2da19bfbe7249ae3a4d2c5cb4f74385aa20835ca57f585,neutral_p12_m31_2203_2206,raw,neutral,neutral,neutral,p12,M31,p12:M31,M,False,24200,1,2,78947,3.262272727,NONE,
e86210d3d012a6fd,train,Neutral/neutral_p12_M31_2208_2211.wav,neutral_p12_M31_2208_2211.wav,e86210d3d012a6fddfd9354c159939032d9f072040376e62f07d6569077e2b7b,neutral_p12_m31_2208_2211,raw,neutral,neutral,neutral,p12,M31,p12:M31,M,False,24200,1,2,68639,2.836322314,NONE,
8206b492579c2693,train,Neutral/neutral_p12_M31_2211_2214.wav,neutral_p12_M31_2211_2214.wav,8206b492579c2693410cf7220be266741ff2d23a535892013d6895821df5a872,neutral_p12_m31_2211_2214,raw,neutral,neutral,neutral,p12,M31,p12:M31,M,False,24200,1,2,73919,3.054504132,NONE,
db5f83070007fe51,train,Neutral/neutral_p12_M31_2213_2216.wav,neutral_p12_M31_2213_2216.wav,db5f83070007fe51001dcdb1b0fc44c2ac62adf460b63046c8c6b2a69b95bbe7,neutral_p12_m31_2213_2216,raw,neutral,neutral,neutral,p12,M31,p12:M31,M,False,24200,1,2,98684,4.07785124,NONE,
8db8e6c06abfd817,train,Neutral/neutral_p12_M31_2217_2220.wav,neutral_p12_M31_2217_2220.wav,8db8e6c06abfd81761ce69ad481c876049b194c2ee0cb7435eab992ba0c4892c,neutral_p12_m31_2217_2220,raw,neutral,neutral,neutral,p12,M31,p12:M31,M,False,24200,1,2,77313,3.194752066,NONE,
c49a900000531659,train,Neutral/neutral_p12_M31_2543_2546.wav,neutral_p12_M31_2543_2546.wav,c49a90000053165948b2605d245e99444da9a302ac1951ca9cf31947281f6c2b,neutral_p12_m31_2543_2546,raw,neutral,neutral,neutral,p12,M31,p12:M31,M,False,24200,1,2,78570,3.246694215,NONE,
300fa30dbbdc93e8,train,Neutral/neutral_p12_M31_2546_2548.wav,neutral_p12_M31_2546_2548.wav,300fa30dbbdc93e8c5d72fcce92e9582092e145e3d549538fa2e41e19fe5b66c,neutral_p12_m31_2546_2548,raw,neutral,neutral,neutral,p12,M31,p12:M31,M,False,24200,1,2,55691,2.301280992,NONE,
738a5ccf71c5f12f,train,Neutral/neutral_p12_M31_2549_2552.wav,neutral_p12_M31_2549_2552.wav,738a5ccf71c5f12f99dd58529be6af7c90db15378893888bfe9ad773067105e8,neutral_p12_m31_2549_2552,raw,neutral,neutral,neutral,p12,M31,p12:M31,M,False,24200,1,2,84730,3.501239669,NONE,
9b9ec70c5aa8dd43,train,Neutral/neutral_p12_M31_2553_2556.wav,neutral_p12_M31_2553_2556.wav,9b9ec70c5aa8dd43b201f37bbb364b52985224d6adb92425d1ca4ef4e0de3673,neutral_p12_m31_2553_2556,raw,neutral,neutral,neutral,p12,M31,p12:M31,M,False,24200,1,2,99061,4.093429752,NONE,
397e4182b61bbdc0,train,Neutral/neutral_p12_M31_2557_2600.wav,neutral_p12_M31_2557_2600.wav,397e4182b61bbdc03169e1143a28f7ca164b12e2dfe2429b3ff65bcd6baec04a,neutral_p12_m31_2557_2600,raw,neutral,neutral,neutral,p12,M31,p12:M31,M,False,24200,1,2,90387,3.735,NONE,
14b2bc3f2a041cd0,train,Neutral/neutral_p12_M31_2601_2603.wav,neutral_p12_M31_2601_2603.wav,14b2bc3f2a041cd07766e973b183d7c6f74f7978af50dcc14d0b1f4754474bc2,neutral_p12_m31_2601_2603,raw,neutral,neutral,neutral,p12,M31,p12:M31,M,False,24200,1,2,55816,2.306446281,NONE,
493ba7527b56456e,train,Neutral/neutral_p12_M31_2604_2607.wav,neutral_p12_M31_2604_2607.wav,493ba7527b56456e28943a67f704f9a6417011b31737b1511b08eeec4ed91517,neutral_p12_m31_2604_2607,raw,neutral,neutral,neutral,p12,M31,p12:M31,M,False,24200,1,2,79702,3.293471074,NONE,
8a1101f5668c26f8,train,Sad/sad_p01_F1_2611_2615_vocals.wav,sad_p01_F1_2611_2615_vocals.wav,8a1101f5668c26f89c2440dcd87510e7fb8199ef8e11728220cfea96e873a3a9,sad_p01_f1_2611_2615,processed,sad,sad,sad,p01,F1,p01:F1,F,False,24400,1,2,117198,4.803196721,NONE,
efa1e5538c07b1e8,train,Sad/sad_p01_F1_2616_2619_vocals.wav,sad_p01_F1_2616_2619_vocals.wav,efa1e5538c07b1e87f39d70ab3732001aa3bf8bd03b5373b135e49c41efbc40f,sad_p01_f1_2616_2619,processed,sad,sad,sad,p01,F1,p01:F1,F,False,24400,1,2,91561,3.7525,NONE,
71c9da1cc109aab9,train,Sad/sad_p01_F1_2844_2849_vocals.wav,sad_p01_F1_2844_2849_vocals.wav,71c9da1cc109aab99012136d042b89a06699a65617e720e5cec3baf8ed01f841,sad_p01_f1_2844_2849,processed,sad,sad,sad,p01,F1,p01:F1,F,False,24400,1,2,117486,4.815,NONE,
701a9d57bb203aed,train,Sad/sad_p01_F38_2811_2816_vocals.wav,sad_p01_F38_2811_2816_vocals.wav,701a9d57bb203aeda8d272303d5721e744bdaac175908af8fe677d4e12db81af,sad_p01_f38_2811_2816,processed,sad,sad,sad,p01,F38,p01:F38,F,False,24400,1,2,145317,5.955614754,NONE,
ab23336ff89d4ca5,train,Sad/sad_p01_M35_1933_1937_vocals.wav,sad_p01_M35_1933_1937_vocals.wav,ab23336ff89d4ca544793c420aab569e5013d2ef21c16b478224c126131618a1,sad_p01_m35_1933_1937,processed,sad,sad,sad,p01,M35,p01:M35,M,False,24400,1,2,107703,4.414057377,NONE,
4df04bf4707485ca,train,Sad/sad_p01_M35_2303_2306_vocals.wav,sad_p01_M35_2303_2306_vocals.wav,4df04bf4707485cac8954962b554ffbbc3e87ea5791632df1e1c315388e4d1b1,sad_p01_m35_2303_2306,processed,sad,sad,sad,p01,M35,p01:M35,M,False,24400,1,2,90495,3.708811475,NONE,
d8aa8990f2a85649,train,Sad/sad_p01_M35_3047_3051_vocals.wav,sad_p01_M35_3047_3051_vocals.wav,d8aa8990f2a85649a44883225b37986e13ce95cd30378d6f01635130195f41a8,sad_p01_m35_3047_3051,processed,sad,sad,sad,p01,M35,p01:M35,M,False,24400,1,2,96042,3.936147541,NONE,
9bbceecb657486e3,train,Sad/sad_p01_M35_3110_3113.wav,sad_p01_M35_3110_3113.wav,9bbceecb657486e38c1d8a4db1c405879f4374b6a69746fb80f5eb21c7260402,sad_p01_m35_3110_3113,raw,sad,sad,sad,p01,M35,p01:M35,M,False,24200,1,2,78964,3.262975207,NONE,
e63544c24e5ddd9c,train,Sad/sad_p02_F2_5705_5712_vocals.wav,sad_p02_F2_5705_5712_vocals.wav,e63544c24e5ddd9c83c91c2f7d340ef6dc2534189c618463ef7605a43e7845e7,sad_p02_f2_5705_5712,processed,sad,sad,sad,p02,F2,p02:F2,F,False,24200,1,2,165380,6.833884298,NONE,
374b4e8f0a54d294,train,Sad/sad_p02_F39_5028_5032_vocals.wav,sad_p02_F39_5028_5032_vocals.wav,374b4e8f0a54d294dbb77bb219d299dfb12af2bd48eb62687a049a67c1ee5326,sad_p02_f39_5028_5032,processed,sad,sad,sad,p02,F39,p02:F39,F,False,24200,1,2,111920,4.624793388,NONE,
5c2fc794be663fbd,train,Sad/sad_p02_F40_10139_10144_vocals.wav,sad_p02_F40_10139_10144_vocals.wav,5c2fc794be663fbda2dc4f486bc708ddec082594a1f4ae1d72e6ce91c865da94,sad_p02_f40_10139_10144,processed,sad,sad,sad,p02,F40,p02:F40,F,False,24200,1,2,138494,5.722892562,NONE,
5f6473cd60b3f1ce,train,Sad/sad_p02_F41_1902_1924_vocals.wav,sad_p02_F41_1902_1924_vocals.wav,5f6473cd60b3f1ce7216041d870cd5e746f2f2bea69541288536aecb8aba6576,sad_p02_f41_1902_1924,processed,sad,sad,sad,p02,F41,p02:F41,F,False,24200,1,2,96602,3.991818182,NONE,
1271af795a07ff35,train,Sad/sad_p02_M1_12031_12036_vocals.wav,sad_p02_M1_12031_12036_vocals.wav,1271af795a07ff35248249d09c493d81a16e12e8c51b6a4c18d9be4d82e770c2,sad_p02_m1_12031_12036,processed,sad,sad,sad,p02,M1,p02:M1,M,False,24200,1,2,123488,5.102809917,NONE,
4b657109aa5e5c0f,train,Sad/sad_p02_M1_4801_4807_vocals.wav,sad_p02_M1_4801_4807_vocals.wav,4b657109aa5e5c0f7d1c3a7c1e5da073300eac3b0206c246f5800405f28ff11a,sad_p02_m1_4801_4807,processed,sad,sad,sad,p02,M1,p02:M1,M,False,24200,1,2,161629,6.678884298,NONE,
ea5ab9060b8db0d0,train,Sad/sad_p02_M1_4819_4821_vocals.wav,sad_p02_M1_4819_4821_vocals.wav,ea5ab9060b8db0d012b9add5c6e9a6a770ac3d71cb426510ac810d2103ac0b62,sad_p02_m1_4819_4821,processed,sad,sad,sad,p02,M1,p02:M1,M,False,24200,1,2,60650,2.506198347,NONE,
d66eafbd5c992a17,train,Sad/sad_p02_M2_12015_12023_vocals.wav,sad_p02_M2_12015_12023_vocals.wav,d66eafbd5c992a1777d586da3380acfc9426b0c3ae60d678ba71659ff6869821,sad_p02_m2_12015_12023,processed,sad,sad,sad,p02,M2,p02:M2,M,False,24200,1,2,214462,8.862066116,NONE,
e585fea59e669c01,train,Sad/sad_p02_M2_12051_12053_vocals.wav,sad_p02_M2_12051_12053_vocals.wav,e585fea59e669c01e71bf09690fea7c397c1d72a00efba6a274068e8acd59383,sad_p02_m2_12051_12053,processed,sad,sad,sad,p02,M2,p02:M2,M,False,24200,1,2,73780,3.048760331,NONE,
d4e968655f891e8b,train,Sad/sad_p02_M2_12051_12100_vocals.wav,sad_p02_M2_12051_12100_vocals.wav,d4e968655f891e8b2cf962dfb07e01f624ae458f2f32d1d9480d581a60ab9988,sad_p02_m2_12051_12100,processed,sad,sad,sad,p02,M2,p02:M2,M,False,24200,1,2,239785,9.908471074,NONE,
b2e7ff40f3f6ab03,train,Sad/sad_p02_M2_4233_4238.wav,sad_p02_M2_4233_4238.wav,b2e7ff40f3f6ab03ab2cccb9249d6070f9ce6664195beed09a6d3765ee230f72,sad_p02_m2_4233_4238,raw,sad,sad,sad,p02,M2,p02:M2,M,False,24200,1,2,123801,5.115743802,NONE,
f7bedd3bbca1354d,train,Sad/sad_p04_F7_5201_5208.wav,sad_p04_F7_5201_5208.wav,f7bedd3bbca1354d679a381b1f95b0da0e2ab449100a9ef7cf04f6fd99934c5f,sad_p04_f7_5201_5208,raw,sad,sad,sad,p04,F7,p04:F7,F,False,24200,1,2,174528,7.211900826,NONE,
9635a33f08fa120b,train,Sad/sad_p04_F7_5214_5218.wav,sad_p04_F7_5214_5218.wav,9635a33f08fa120b04e06482a8f4a6ec27f322c619794e2fc2c06ee102ab5ce3,sad_p04_f7_5214_5218,raw,sad,sad,sad,p04,F7,p04:F7,F,False,24200,1,2,110159,4.552024793,NONE,
4c4895fce9392a36,train,Sad/sad_p04_F8_1220_1222.wav,sad_p04_F8_1220_1222.wav,4c4895fce9392a36b6d5860fd4fba35f32bfbc04f2bb1a8a1bf7ee0bbc4ba626,sad_p04_f8_1220_1222,raw,sad,sad,sad,p04,F8,p04:F8,F,False,24200,1,2,67416,2.785785124,NONE,
743329440f7d3162,train,Sad/sad_p04_F8_13745_13749_vocals.wav,sad_p04_F8_13745_13749_vocals.wav,743329440f7d3162cac6dc225125ba9590d8e05be0b40dac20455b68155c0a3f,sad_p04_f8_13745_13749,processed,sad,sad,sad,p04,F8,p04:F8,F,False,24200,1,2,113945,4.708471074,NONE,
be3a1277697a6aa6,train,Sad/sad_p04_F8_13755_13756.wav,sad_p04_F8_13755_13756.wav,be3a1277697a6aa6ba1c847de75b85e9fe45b8b8aa2337215d7f60cf1578ff47,sad_p04_f8_13755_13756,raw,sad,sad,sad,p04,F8,p04:F8,F,False,24200,1,2,38195,1.578305785,NONE,
0999fb0dd5566663,train,Sad/sad_p04_F8_13806_13810_vocals.wav,sad_p04_F8_13806_13810_vocals.wav,0999fb0dd55666633d52068359ca744320128a85c1ee21f6b559fabf43a832d8,sad_p04_f8_13806_13810,processed,sad,sad,sad,p04,F8,p04:F8,F,False,24200,1,2,102635,4.241115702,NONE,
16461b4abfe9af97,train,Sad/sad_p04_M17_4612_4620.wav,sad_p04_M17_4612_4620.wav,16461b4abfe9af979bfa51aa6278af29035abdb355154261c399d060b568060b,sad_p04_m17_4612_4620,raw,sad,sad,sad,p04,M17,p04:M17,M,False,24200,1,2,203267,8.39946281,NONE,
61fc6ad371447341,train,Sad/sad_p04_M17_4618_4625.wav,sad_p04_M17_4618_4625.wav,61fc6ad371447341956d1ef1c86b5d3e471f386ed1dcef7a4451fe5543643d78,sad_p04_m17_4618_4625,raw,sad,sad,sad,p04,M17,p04:M17,M,False,24200,1,2,198894,8.218760331,NONE,
7f3b7caf492889fd,train,Sad/sad_p04_M17_5418_5422.wav,sad_p04_M17_5418_5422.wav,7f3b7caf492889fdb344c592b9164a504722d2c567dffe54f97469d6727a5a15,sad_p04_m17_5418_5422,raw,sad,sad,sad,p04,M17,p04:M17,M,False,24200,1,2,111240,4.596694215,NONE,
f95bd83f3165ecae,train,Sad/sad_p04_M18_11123_11127.wav,sad_p04_M18_11123_11127.wav,f95bd83f3165ecaea1f5e7c3d1ebc50d795631b3478ba3673df85b365839323b,sad_p04_m18_11123_11127,raw,sad,sad,sad,p04,M18,p04:M18,M,False,24200,1,2,108507,4.483760331,NONE,
e0f95a52fdafa05d,train,Sad/sad_p06_eb_M34_1946_1952.wav,sad_p06_eb_M34_1946_1952.wav,e0f95a52fdafa05d7a858ce7a070d60bf87d34a7ab2cb39b60afe0e038e1b582,sad_p06_eb_m34_1946_1952,raw,sad,sad,sad,p06,M34,p06:M34,M,True,24200,1,2,156761,6.477727273,NONE,
0952ba8857d2247c,train,Sad/sad_p06_eb_M34_1953_1957_vocals.wav,sad_p06_eb_M34_1953_1957_vocals.wav,0952ba8857d2247c4d9d2156cc53bd4880398ec93413cdc6272d1bbf166c17de,sad_p06_eb_m34_1953_1957,processed,sad,sad,sad,p06,M34,p06:M34,M,True,24400,1,2,128498,5.266311475,NONE,
d190a8bb53c32cb7,train,Sad/sad_p06_F9_1858_1902_vocals.wav,sad_p06_F9_1858_1902_vocals.wav,d190a8bb53c32cb7209424144c4897b11fcbfbc2a89a01544917aaf39e0ed0c8,sad_p06_f9_1858_1902,processed,sad,sad,sad,p06,F9,p06:F9,F,False,24400,1,2,101813,4.172663934,NONE,
0e4e030d5782ffb4,train,Sad/sad_p06_F9_1918_1925_vocals.wav,sad_p06_F9_1918_1925_vocals.wav,0e4e030d5782ffb43e7abfc5fcfb1b561e7c249fba1b57ba3a51d9dd1ffe5aaa,sad_p06_f9_1918_1925,processed,sad,sad,sad,p06,F9,p06:F9,F,False,24200,1,2,183227,7.571363636,NONE,
dc5bcd9dbfe86402,train,Sad/sad_p06_F9_1926_1933.wav,sad_p06_F9_1926_1933.wav,dc5bcd9dbfe8640262f4e2a38e1d16077daa4f34b2457d86599ea310430f4e66,sad_p06_f9_1926_1933,raw,sad,sad,sad,p06,F9,p06:F9,F,False,24200,1,2,177119,7.318966942,NONE,
f10629f0a11d5094,train,Sad/sad_p06_F9_1926_1933_vocals.wav,sad_p06_F9_1926_1933_vocals.wav,f10629f0a11d50943a7d362c73282465bec098072e308a28571dcf71eede3599,sad_p06_f9_1926_1933,processed,sad,sad,sad,p06,F9,p06:F9,F,False,24400,1,2,178583,7.31897541,NONE,
1dbd75252c7bc615,train,Sad/sad_p06_F9_1934_1941_vocals.wav,sad_p06_F9_1934_1941_vocals.wav,1dbd75252c7bc615d352eef04bc899617283092fa124870b62da9d2389443da7,sad_p06_f9_1934_1941,processed,sad,sad,sad,p06,F9,p06:F9,F,False,24200,1,2,192999,7.975165289,NONE,
c248267bdd65f4dc,train,Sad/sad_p06_F9_2607_2611_vocals.wav,sad_p06_F9_2607_2611_vocals.wav,c248267bdd65f4dc566b6798278fccffa59c40cd703a2e9b97d9b102be267083,sad_p06_f9_2607_2611,processed,sad,sad,sad,p06,F9,p06:F9,F,False,24400,1,2,121108,4.963442623,NONE,
94b4a0e188b1ff87,train,Sad/sad_p06_F9_2628_2633_vocals.wav,sad_p06_F9_2628_2633_vocals.wav,94b4a0e188b1ff876eff202ad7f889b55908722d22e09129e9fe6ea3c416dc6c,sad_p06_f9_2628_2633,processed,sad,sad,sad,p06,F9,p06:F9,F,False,24400,1,2,116592,4.778360656,NONE,
3bbe0a0e72f29ccd,train,Sad/sad_p06_F9_2728_2733_vocals.wav,sad_p06_F9_2728_2733_vocals.wav,3bbe0a0e72f29ccdde46527c18bc335462ee3812f2aed9547bb16a80d0ac9a32,sad_p06_f9_2728_2733,processed,sad,sad,sad,p06,F9,p06:F9,F,False,24400,1,2,147794,6.057131148,NONE,
a4031be048bb644e,train,Sad/sad_p06_F9_2824_2829_vocals.wav,sad_p06_F9_2824_2829_vocals.wav,a4031be048bb644e0e170c1c7d5c1f053e6422dafba08078b7f21e96e5c1cd95,sad_p06_f9_2824_2829,processed,sad,sad,sad,p06,F9,p06:F9,F,False,24400,1,2,135477,5.552336066,NONE,
76ce715f02d3f776,train,Sad/sad_p06_F9_3232_3237_vocals.wav,sad_p06_F9_3232_3237_vocals.wav,76ce715f02d3f77657974e1343d2ddd72311d85411a2dc6430e7fea2d1a5f159,sad_p06_f9_3232_3237,processed,sad,sad,sad,p06,F9,p06:F9,F,False,24400,1,2,144509,5.9225,NONE,
92b7034a2cd7d11d,train,Sad/sad_p06_F9_406_413_vocals.wav,sad_p06_F9_406_413_vocals.wav,92b7034a2cd7d11de5b7311b6ed4c291742ee3d697cc129b6d03c06ed76fc5b1,sad_p06_f9_406_413,processed,sad,sad,sad,p06,F9,p06:F9,F,False,24400,1,2,200753,8.227581967,NONE,
3c58a716c41539e2,train,Sad/sad_p06_M20_4343_4348_vocals.wav,sad_p06_M20_4343_4348_vocals.wav,3c58a716c41539e2ad988364339ff077531bbb04f8851b8a9883403c01d21569,sad_p06_m20_4343_4348,processed,sad,sad,sad,p06,M20,p06:M20,M,False,24400,1,2,145330,5.956147541,NONE,
85ced5caf3578e5a,train,Sad/sad_p07_eb_F41_854_857.wav,sad_p07_eb_F41_854_857.wav,85ced5caf3578e5a6b7cea891af6ab2a096e3606bf229ae0e4836e7c95fcee38,sad_p07_eb_f41_854_857,raw,sad,sad,sad,p07,F41,p07:F41,F,True,24200,1,2,108756,4.494049587,NONE,
955718663de8f9c5,train,Sad/sad_p07_eb_F41_854_900.wav,sad_p07_eb_F41_854_900.wav,955718663de8f9c5643891d1067c4915fc3bebda6baae18d4b7408aae45b9ec5,sad_p07_eb_f41_854_900,raw,sad,sad,sad,p07,F41,p07:F41,F,True,24200,1,2,158823,6.562933884,NONE,
2db037159b7666bf,train,Sad/sad_p07_eb_M33_1124_1130.wav,sad_p07_eb_M33_1124_1130.wav,2db037159b7666bf062ebb698b07ad23fc32730f841676e7d9c1c8f084344e0a,sad_p07_eb_m33_1124_1130,raw,sad,sad,sad,p07,M33,p07:M33,M,True,24200,2,2,161807,6.686239669,NONE,
077bf1f16540fa5d,train,Sad/sad_p07_eb_M33_1137_1139.wav,sad_p07_eb_M33_1137_1139.wav,077bf1f16540fa5d85e5ac24dc7679c4bac871dcd754b3a4a34f8b8a213d3a46,sad_p07_eb_m33_1137_1139,raw,sad,sad,sad,p07,M33,p07:M33,M,True,24200,1,2,41281,1.705826446,NONE,
3d6a0335e6ba8672,train,Sad/sad_p07_F17_13405_13408_vocals.wav,sad_p07_F17_13405_13408_vocals.wav,3d6a0335e6ba86726008e16ec177d6efa7cae4f3539eca90dc52fa6e0aec33ac,sad_p07_f17_13405_13408,processed,sad,sad,sad,p07,F17,p07:F17,F,False,24200,1,2,72387,2.991198347,NONE,
047f93a1e6273c24,train,Sad/sad_p07_F17_13408_13411_vocals.wav,sad_p07_F17_13408_13411_vocals.wav,047f93a1e6273c247718a24d628bd008378c81eb1e5903aabf77b4245756f895,sad_p07_f17_13408_13411,processed,sad,sad,sad,p07,F17,p07:F17,F,False,24200,1,2,98394,4.065867769,NONE,
a86424a59844bff3,train,Sad/sad_p07_F17_13419_13425.wav,sad_p07_F17_13419_13425.wav,a86424a59844bff33a436c4aa1bcf56cf93f970b65baf5bdfa11cbecc83ef663,sad_p07_f17_13419_13425,raw,sad,sad,sad,p07,F17,p07:F17,F,False,24200,1,2,116726,4.82338843,NONE,
edbeeef17e1c810d,train,Sad/sad_p07_F17_13429_13439.wav,sad_p07_F17_13429_13439.wav,edbeeef17e1c810d233ad0fc16c3cc3c28ba025be59014d2a2f0ee6991fc53cc,sad_p07_f17_13429_13439,raw,sad,sad,sad,p07,F17,p07:F17,F,False,24200,1,2,233866,9.663884298,NONE,
3d0cdd7492df6a46,train,Sad/sad_p07_F17_13445_13451.wav,sad_p07_F17_13445_13451.wav,3d0cdd7492df6a4698903c4a7e3aef168e411083cdc32d73e5247d0100deb2a2,sad_p07_f17_13445_13451,raw,sad,sad,sad,p07,F17,p07:F17,F,False,24200,1,2,171778,7.098264463,NONE,
79e1e128a622cc02,train,Sad/sad_p07_F17_13456_13502_vocals.wav,sad_p07_F17_13456_13502_vocals.wav,79e1e128a622cc02a8669b7b6c8e484489479c1af1ffb3efbdf8b341849597ce,sad_p07_f17_13456_13502,processed,sad,sad,sad,p07,F17,p07:F17,F,False,24400,1,2,159009,6.516762295,NONE,
738bb157b32227e3,train,Sad/sad_p07_F17_257_311.wav,sad_p07_F17_257_311.wav,738bb157b32227e399808b20d67de5e639d57e2b535b7a16c59c1e59c17727af,sad_p07_f17_257_311,raw,sad,sad,sad,p07,F17,p07:F17,F,False,24200,1,2,354742,14.658760331,NONE,
122ce0a42b039890,train,Sad/sad_p07_F17_307_311.wav,sad_p07_F17_307_311.wav,122ce0a42b0398905112fb3d4b5c22f3f64a0f38d614908f158fe5eef1edbcff,sad_p07_f17_307_311,raw,sad,sad,sad,p07,F17,p07:F17,F,False,24200,1,2,111980,4.627272727,NONE,
866249e05c68482e,train,Sad/sad_p07_F17_5132_5140_vocals.wav,sad_p07_F17_5132_5140_vocals.wav,866249e05c68482ee4f745f10b0ca62e39ae7d5b140fbd07788b361ee9f763ec,sad_p07_f17_5132_5140,processed,sad,sad,sad,p07,F17,p07:F17,F,False,24400,1,2,207444,8.501803279,NONE,
030c46f3e4eb2a62,train,Sad/sad_p07_F24_14715_14724.wav,sad_p07_F24_14715_14724.wav,030c46f3e4eb2a6202920ca3375894b58053537aa4bac044b10238b252158e77,sad_p07_f24_14715_14724,raw,sad,sad,sad,p07,F24,p07:F24,F,False,24200,1,2,217787,8.99946281,NONE,
262614f70ad5cd1a,train,Sad/sad_p07_F24_14715_14729_vocals.wav,sad_p07_F24_14715_14729_vocals.wav,262614f70ad5cd1aa7d71762b7fa1901efa070ebdf10a7fc04f955f515e972cc,sad_p07_f24_14715_14729,processed,sad,sad,sad,p07,F24,p07:F24,F,False,24200,1,2,218813,9.041859504,NONE,
f3c4ab8592480dcd,train,Sad/sad_p07_F24_14722_14731.wav,sad_p07_F24_14722_14731.wav,f3c4ab8592480dcdfe6f29ff310a8eea27b1146dffc902c3a869176a19f8bee9,sad_p07_f24_14722_14731,raw,sad,sad,sad,p07,F24,p07:F24,F,False,24200,1,2,222231,9.183099174,NONE,
e773f1bd99b12e79,train,Sad/sad_p07_F24_14722_14731_vocals.wav,sad_p07_F24_14722_14731_vocals.wav,e773f1bd99b12e79157e305d4dc776b17c805def2676e21d0cdde276862932f8,sad_p07_f24_14722_14731,processed,sad,sad,sad,p07,F24,p07:F24,F,False,24200,1,2,223941,9.253760331,NONE,
c0b0cf01aeda88fd,train,Sad/sad_p07_F24_14737_14753.wav,sad_p07_F24_14737_14753.wav,c0b0cf01aeda88fdcedf10ebf8a829bdaef11dce7df924c73a1cd5c3f556e024,sad_p07_f24_14737_14753,raw,sad,sad,sad,p07,F24,p07:F24,F,False,24200,1,2,383293,15.838553719,NONE,
e60996117eaf28cb,train,Sad/sad_p07_F24_14737_14753_vocals.wav,sad_p07_F24_14737_14753_vocals.wav,e60996117eaf28cb957dbae885b5da0c79cce4048a05f39a11a1b7cac1b467f5,sad_p07_f24_14737_14753,processed,sad,sad,sad,p07,F24,p07:F24,F,False,24400,1,2,386461,15.838565574,NONE,
051b0d6cf46a8130,train,Sad/sad_p07_F33_11723_11729.wav,sad_p07_F33_11723_11729.wav,051b0d6cf46a81306e14ddd33b46e0b1804e62d9727f78eb5df162d0baccd02f,sad_p07_f33_11723_11729,raw,sad,sad,sad,p07,F33,p07:F33,F,False,24200,1,2,163656,6.762644628,NONE,
48913d287231f086,train,Sad/sad_p07_F33_11807_11814.wav,sad_p07_F33_11807_11814.wav,48913d287231f086413396f1887436620ddcabc90af2384d2b122abd8b7b7481,sad_p07_f33_11807_11814,raw,sad,sad,sad,p07,F33,p07:F33,F,False,24200,1,2,181706,7.508512397,NONE,
cce4d45b052aa175,train,Sad/sad_p07_F33_12225_12232_vocals.wav,sad_p07_F33_12225_12232_vocals.wav,cce4d45b052aa175c8e7b344ed6f509b53e352bcc0585c00759520547fd45d43,sad_p07_f33_12225_12232,processed,sad,sad,sad,p07,F33,p07:F33,F,False,24400,1,2,165529,6.78397541,NONE,
3dc7043654cfd3a1,train,Sad/sad_p07_F33_12253_12300_vocals.wav,sad_p07_F33_12253_12300_vocals.wav,3dc7043654cfd3a11a6982623b6bce4e544709ad1a82f7da25cbccc7c72b682c,sad_p07_f33_12253_12300,processed,sad,sad,sad,p07,F33,p07:F33,F,False,24400,1,2,203661,8.346762295,NONE,
0819c2ae941664b9,train,Sad/sad_p07_F33_12359_12405_vocals.wav,sad_p07_F33_12359_12405_vocals.wav,0819c2ae941664b9335786e4cfeb9b78977a5bf5a7c1269c4632e311479c3f91,sad_p07_f33_12359_12405,processed,sad,sad,sad,p07,F33,p07:F33,F,False,24400,1,2,172635,7.075204918,NONE,
136482d4cef5dcaa,train,Sad/sad_p07_F33_12409_12412.wav,sad_p07_F33_12409_12412.wav,136482d4cef5dcaa43900d82aa2f8b23b7f5a779ea2ba1b4fc0af16859cc743a,sad_p07_f33_12409_12412,raw,sad,sad,sad,p07,F33,p07:F33,F,False,24200,1,2,92658,3.828842975,NONE,
d6a8bd579480c89c,train,Sad/sad_p07_F33_12447_12452_vocals.wav,sad_p07_F33_12447_12452_vocals.wav,d6a8bd579480c89c335ea73c81b2bc4f532fb5b2e98a6d296feaac4cbb24226d,sad_p07_f33_12447_12452,processed,sad,sad,sad,p07,F33,p07:F33,F,False,24400,1,2,162929,6.677418033,NONE,
a650bed0f8cc0123,train,Sad/sad_p07_F33_12459_12505_vocals.wav,sad_p07_F33_12459_12505_vocals.wav,a650bed0f8cc01235467fee3b0ee99ea12d3341e10eade994d8fad9281531cee,sad_p07_f33_12459_12505,processed,sad,sad,sad,p07,F33,p07:F33,F,False,24400,1,2,196901,8.069713115,NONE,
e303faff35202576,train,Sad/sad_p07_F33_13934_13940_vocals.wav,sad_p07_F33_13934_13940_vocals.wav,e303faff35202576693507c717756e358612285bbf89ca0ef6f83d2445a087c9,sad_p07_f33_13934_13940,processed,sad,sad,sad,p07,F33,p07:F33,F,False,24400,1,2,130629,5.353647541,NONE,
da0576238ea9f24e,train,Sad/sad_p07_F33_2329_2333_vocals.wav,sad_p07_F33_2329_2333_vocals.wav,da0576238ea9f24e6fa49b102a8b832a18a1bd7f960fb6268496cfde0e4eaff9,sad_p07_f33_2329_2333,processed,sad,sad,sad,p07,F33,p07:F33,F,False,24400,1,2,106479,4.363893443,NONE,
17f65ea810f8d7e8,train,Sad/sad_p07_F33_2339_2337_vocals.wav,sad_p07_F33_2339_2337_vocals.wav,17f65ea810f8d7e8c136e4e7309e8ddd0aff193890811f2f2cf3d3e84a1de6c0,sad_p07_f33_2339_2337,processed,sad,sad,sad,p07,F33,p07:F33,F,False,24400,1,2,209390,8.581557377,NONE,
84995d66e5d5b816,train,Sad/sad_p07_F33_4712_4720.wav,sad_p07_F33_4712_4720.wav,84995d66e5d5b816bb1abef176ce91312d17586b5e21fbee364ac9894c08562a,sad_p07_f33_4712_4720,raw,sad,sad,sad,p07,F33,p07:F33,F,False,24200,1,2,260495,10.764256198,NONE,
fb49136a7c419945,train,Sad/sad_p07_F33_4726_4736.wav,sad_p07_F33_4726_4736.wav,fb49136a7c419945d03cc61d0187f19bc048b54962ac942f3b1d5da52f0d7cc4,sad_p07_f33_4726_4736,raw,sad,sad,sad,p07,F33,p07:F33,F,False,24200,1,2,266043,10.993512397,NONE,
33f1b013076151b8,train,Sad/sad_p07_F43_11656_11704.wav,sad_p07_F43_11656_11704.wav,33f1b013076151b89110c55250a79aa946616e62fba98af74b92635f39fd3270,sad_p07_f43_11656_11704,raw,sad,sad,sad,p07,F43,p07:F43,F,False,24200,1,2,188067,7.771363636,NONE,
638a05e1a0291469,train,Sad/sad_p07_F43_11656_11704_vocals.wav,sad_p07_F43_11656_11704_vocals.wav,638a05e1a0291469eceaa9a214d540aeead78d9ebbc98814434f25a38a1933a1,sad_p07_f43_11656_11704,processed,sad,sad,sad,p07,F43,p07:F43,F,False,24400,1,2,189622,7.771393443,NONE,
60cbe796d62094ae,train,Sad/sad_p07_F43_11712_11717_vocals.wav,sad_p07_F43_11712_11717_vocals.wav,60cbe796d62094aef7f169d01cf10c3013cdfa1417cbf7f59cdf18c2a27a53b6,sad_p07_f43_11712_11717,processed,sad,sad,sad,p07,F43,p07:F43,F,False,24400,1,2,138663,5.682909836,NONE,
4473f46ed65ccdb6,train,Sad/sad_p07_F44_1141_1146.wav,sad_p07_F44_1141_1146.wav,4473f46ed65ccdb6a1401f16b8ab14b640a1b775ea9167adc6f79e34a93e16fb,sad_p07_f44_1141_1146,raw,sad,sad,sad,p07,F44,p07:F44,F,False,24200,1,2,119864,4.953057851,NONE,
79e44dd8228d9aff,train,Sad/sad_p07_F44_12540_12544_vocals.wav,sad_p07_F44_12540_12544_vocals.wav,79e44dd8228d9affac51b5d79c1bfcbf6f183d9f56eb8049397975fe4aa3afcd,sad_p07_f44_12540_12544,processed,sad,sad,sad,p07,F44,p07:F44,F,False,24400,1,2,112317,4.603155738,NONE,
3e94c9d2a9e8d219,train,Sad/sad_p07_M19_10015_10018.wav,sad_p07_M19_10015_10018.wav,3e94c9d2a9e8d2190a5a820f04465a842c9e6cc841eca76dbab4b8416eb76d3d,sad_p07_m19_10015_10018,raw,sad,sad,sad,p07,M19,p07:M19,M,False,24200,1,2,68075,2.813016529,NONE,
4fc4c961415fe5bd,train,Sad/sad_p07_M19_1045_1051_vocals.wav,sad_p07_M19_1045_1051_vocals.wav,4fc4c961415fe5bdb2e82c7f1f2db716ddb5ee8619f7dd43c4ac6feff7506778,sad_p07_m19_1045_1051,processed,sad,sad,sad,p07,M19,p07:M19,M,False,24400,1,2,135731,5.562745902,NONE,
aad13ffdf12f52c9,train,Sad/sad_p07_M19_1052_1057_vocals.wav,sad_p07_M19_1052_1057_vocals.wav,aad13ffdf12f52c93024812ea13fb14d425a293dbaea23a8c6e3fc05dbafc14b,sad_p07_m19_1052_1057,processed,sad,sad,sad,p07,M19,p07:M19,M,False,24400,1,2,119016,4.877704918,NONE,
bb59e83a5f81b707,train,Sad/sad_p07_M19_12306_12311_vocals.wav,sad_p07_M19_12306_12311_vocals.wav,bb59e83a5f81b70772896c0da03d58ee54e72a9dcad365a50b02ec80a058e465,sad_p07_m19_12306_12311,processed,sad,sad,sad,p07,M19,p07:M19,M,False,24400,1,2,129303,5.299303279,NONE,
5278fb6182bd330c,train,Sad/sad_p07_M19_12325_13231.wav,sad_p07_M19_12325_13231.wav,5278fb6182bd330c6c23a88f0da3d186a1a10ca6d4f09f419d15543140929d85,sad_p07_m19_12325_13231,raw,sad,sad,sad,p07,M19,p07:M19,M,False,24200,2,2,157983,6.52822314,NONE,
f9d2921dae0e2881,train,Sad/sad_p07_M19_12417_12421_vocals.wav,sad_p07_M19_12417_12421_vocals.wav,f9d2921dae0e288118fcd7805fc87b1e744d4ed475b2918c1317ce39cf71e0d9,sad_p07_m19_12417_12421,processed,sad,sad,sad,p07,M19,p07:M19,M,False,24400,1,2,140743,5.768155738,NONE,
b7c424c3d8dc396c,train,Sad/sad_p07_M19_12421_12425.wav,sad_p07_M19_12421_12425.wav,b7c424c3d8dc396cab24f9e00e01c478d05d8b54156103b0db0ee40900f6fceb,sad_p07_m19_12421_12425,raw,sad,sad,sad,p07,M19,p07:M19,M,False,24200,1,2,111052,4.58892562,NONE,
678e84b2424b2d20,train,Sad/sad_p07_M19_12429_12436_vocals.wav,sad_p07_M19_12429_12436_vocals.wav,678e84b2424b2d2015569eabf26da052c20644fbed803679ff8f5011cf35c0e9,sad_p07_m19_12429_12436,processed,sad,sad,sad,p07,M19,p07:M19,M,False,24400,1,2,163622,6.705819672,NONE,
9724897ecc5c926c,train,Sad/sad_p07_M19_1715_1722_vocals.wav,sad_p07_M19_1715_1722_vocals.wav,9724897ecc5c926c7ae652d1d26869cd7789474588621219df619e1d57b36af4,sad_p07_m19_1715_1722,processed,sad,sad,sad,p07,M19,p07:M19,M,False,24400,1,2,171168,7.015081967,NONE,
5ffc4afac5e8b6ae,train,Sad/sad_p07_M19_2234_2247_vocals.wav,sad_p07_M19_2234_2247_vocals.wav,5ffc4afac5e8b6aec821527dca5da0ece878531ddc336fd9d93a5da9cd4e4dcb,sad_p07_m19_2234_2247,processed,sad,sad,sad,p07,M19,p07:M19,M,False,24400,1,2,112997,4.63102459,NONE,
b84c60f0ec7b34ee,train,Sad/sad_p07_M19_2308_2311_vocals.wav,sad_p07_M19_2308_2311_vocals.wav,b84c60f0ec7b34ee4563851212bae70d5c61eb3fdcd740296e29bf99cb001303,sad_p07_m19_2308_2311,processed,sad,sad,sad,p07,M19,p07:M19,M,False,24400,1,2,88092,3.610327869,NONE,
614a1569356f9a85,train,Sad/sad_p07_M19_2530_2536_vocals.wav,sad_p07_M19_2530_2536_vocals.wav,614a1569356f9a855da6f316c49e6f23420a1d57659a02ffcedd131cb1aad0e4,sad_p07_m19_2530_2536,processed,sad,sad,sad,p07,M19,p07:M19,M,False,24400,1,2,155644,6.378852459,NONE,
0198369b8f6c65d5,train,Sad/sad_p07_M19_2644_2649_vocals.wav,sad_p07_M19_2644_2649_vocals.wav,0198369b8f6c65d5f3fb7a887f80ab8de2e4ec62135b46827f1087070484508a,sad_p07_m19_2644_2649,processed,sad,sad,sad,p07,M19,p07:M19,M,False,24400,1,2,125974,5.162868852,NONE,
0f22be75488bf95f,train,Sad/sad_p07_M19_3227_3230_vocals.wav,sad_p07_M19_3227_3230_vocals.wav,0f22be75488bf95f0b0cb67ae5f70b904465a06ae0e8454d9149151834685ba6,sad_p07_m19_3227_3230,processed,sad,sad,sad,p07,M19,p07:M19,M,False,24400,1,2,83659,3.428647541,NONE,
66bb89d782bab2c6,train,Sad/sad_p07_M19_5028_5035_vocals.wav,sad_p07_M19_5028_5035_vocals.wav,66bb89d782bab2c6f383f37070384b2abf4171c211ed7845048432e31b45c292,sad_p07_m19_5028_5035,processed,sad,sad,sad,p07,M19,p07:M19,M,False,24400,1,2,182881,7.495122951,NONE,
374fa29b767665bb,train,Sad/sad_p07_M19_5038_5046_vocals.wav,sad_p07_M19_5038_5046_vocals.wav,374fa29b767665bb5aee8c1a8e7102df3c50e2a99499fdba1ef0f86d00c2e9fd,sad_p07_m19_5038_5046,processed,sad,sad,sad,p07,M19,p07:M19,M,False,24400,1,2,190177,7.794139344,NONE,
93ddcb1e5ed3e902,train,Sad/sad_p07_M19_5048_5055_vocals.wav,sad_p07_M19_5048_5055_vocals.wav,93ddcb1e5ed3e902ba482576e7d7e3c9b195b03a6757b4efb106f5b8901113e3,sad_p07_m19_5048_5055,processed,sad,sad,sad,p07,M19,p07:M19,M,False,24400,1,2,160265,6.568237705,NONE,
1fb77a64239b3e55,train,Sad/sad_p07_M19_5744_5746.wav,sad_p07_M19_5744_5746.wav,1fb77a64239b3e55776c4bf7848c574fb9422134839cda2da1aa62b05e6be356,sad_p07_m19_5744_5746,raw,sad,sad,sad,p07,M19,p07:M19,M,False,24200,1,2,51375,2.122933884,NONE,
6fa678d11f250598,train,Sad/sad_p09_F19_1811_1816.wav,sad_p09_F19_1811_1816.wav,6fa678d11f25059819de95a07e3e660f9f6d141a92383771cd06ee6edc4d20c6,sad_p09_f19_1811_1816,raw,sad,sad,sad,p09,F19,p09:F19,F,False,24200,1,2,144980,5.990909091,NONE,
3482a6a82aaa8167,train,Sad/sad_p09_F19_1831_1836.wav,sad_p09_F19_1831_1836.wav,3482a6a82aaa81679261622571f95edcca1b6da6e4ff10cbbe404a821231401e,sad_p09_f19_1831_1836,raw,sad,sad,sad,p09,F19,p09:F19,F,False,24200,1,2,127034,5.249338843,NONE,
ea2e0af6a5bcbef2,train,Sad/sad_p09_F19_1837_1843.wav,sad_p09_F19_1837_1843.wav,ea2e0af6a5bcbef27cedbac9a0459ae90060ffb35621aef6a91a3c3c4d8f287a,sad_p09_f19_1837_1843,raw,sad,sad,sad,p09,F19,p09:F19,F,False,24200,1,2,137520,5.682644628,NONE,
f99d3b952ae4e9dd,train,Sad/sad_p09_F21_1150_1156.wav,sad_p09_F21_1150_1156.wav,f99d3b952ae4e9ddf2932b9d63859d2db101b4a94e6bff31f2ce1800d2500537,sad_p09_f21_1150_1156,raw,sad,sad,sad,p09,F21,p09:F21,F,False,24200,1,2,154861,6.399214876,NONE,
a723d92ea429cb66,train,Sad/sad_p09_F21_1552_1558.wav,sad_p09_F21_1552_1558.wav,a723d92ea429cb669f314f3f932b1f18c70313f414df56f34af36ccd8e17afb4,sad_p09_f21_1552_1558,raw,sad,sad,sad,p09,F21,p09:F21,F,False,24200,1,2,167766,6.932479339,NONE,
d0ecc0c1aa9eea11,train,Sad/sad_p09_F21_1601_1607.wav,sad_p09_F21_1601_1607.wav,d0ecc0c1aa9eea11ae24be5d9183b50c8ec8a6c65fc6f375222fdcf963c6c8a4,sad_p09_f21_1601_1607,raw,sad,sad,sad,p09,F21,p09:F21,F,False,24200,1,2,137116,5.665950413,NONE,
40e4a7408388e78c,train,Sad/sad_p09_F21_1619_1626.wav,sad_p09_F21_1619_1626.wav,40e4a7408388e78c689ca0903fb253e9b5163636f0c1b570c531f6b37ce034c1,sad_p09_f21_1619_1626,raw,sad,sad,sad,p09,F21,p09:F21,F,False,24200,1,2,178251,7.365743802,NONE,
7dd8765049ef822f,train,Sad/sad_p09_F21_1645_1651.wav,sad_p09_F21_1645_1651.wav,7dd8765049ef822f24b96fe577e71f623b3c086a69d9c5d6b39a786fc21c52ea,sad_p09_f21_1645_1651,raw,sad,sad,sad,p09,F21,p09:F21,F,False,24200,1,2,153853,6.357561983,NONE,
86f568e23f78d69e,train,Sad/sad_p09_F21_1708_1714.wav,sad_p09_F21_1708_1714.wav,86f568e23f78d69ebdbcc3b93e358a95446882f3bba84acf576a054aed6aff0c,sad_p09_f21_1708_1714,raw,sad,sad,sad,p09,F21,p09:F21,F,False,24200,1,2,152844,6.315867769,NONE,
ccfb05ec38fde4f9,train,Sad/sad_p09_F21_1732_1735.wav,sad_p09_F21_1732_1735.wav,ccfb05ec38fde4f9d22d2a1f8f1a2d273a29d195ce7ec0337520dd497639ab0a,sad_p09_f21_1732_1735,raw,sad,sad,sad,p09,F21,p09:F21,F,False,24200,1,2,65130,2.691322314,NONE,
c0529bbfe39aa148,train,Sad/sad_p09_F21_1805_1808.wav,sad_p09_F21_1805_1808.wav,c0529bbfe39aa14854c9d20f2470d2e34b5f41a8bba8207c163aa2260bc287fd,sad_p09_f21_1805_1808,raw,sad,sad,sad,p09,F21,p09:F21,F,False,24200,1,2,79245,3.274586777,NONE,
dfd306ca57b4a242,train,Sad/sad_p09_F21_1930_935.wav,sad_p09_F21_1930_935.wav,dfd306ca57b4a242f66f5b09a2c1271b683823c1aaf139d11ebe1ab72b04bfbe,sad_p09_f21_1930_935,raw,sad,sad,sad,p09,F21,p09:F21,F,False,24200,1,2,112516,4.649421488,NONE,
51bcb281c9dc2cbb,train,Sad/sad_p09_F21_1941_1946.wav,sad_p09_F21_1941_1946.wav,51bcb281c9dc2cbb6cf785d356ba9de74eda17a6962d0281c3f91f50a9c5bfa4,sad_p09_f21_1941_1946,raw,sad,sad,sad,p09,F21,p09:F21,F,False,24200,1,2,113726,4.699421488,NONE,
55c91ad1c313bdfa,train,Sad/sad_p09_F21_2406_2412.wav,sad_p09_F21_2406_2412.wav,55c91ad1c313bdfa62f38a21037493f92e484711ea5ac2d404d4379f9f374b74,sad_p09_f21_2406_2412,raw,sad,sad,sad,p09,F21,p09:F21,F,False,24200,1,2,160708,6.640826446,NONE,
e1d6c2103af8f301,train,Sad/sad_p09_F21_3320_3327.wav,sad_p09_F21_3320_3327.wav,e1d6c2103af8f3012259193d3d9d28b02ead672440543eb5a3b58e5837c5085d,sad_p09_f21_3320_3327,raw,sad,sad,sad,p09,F21,p09:F21,F,False,24200,1,2,188132,7.774049587,NONE,
7ef3990912aeb9a9,train,Sad/sad_p09_M25_2507_2511.wav,sad_p09_M25_2507_2511.wav,7ef3990912aeb9a9941cd434d447228f63ed19aed6c016cbeb766a1c883a617a,sad_p09_m25_2507_2511,raw,sad,sad,sad,p09,M25,p09:M25,M,False,24200,1,2,102837,4.24946281,NONE,
81ad2f2558dc3304,train,Sad/sad_p09_M32_545_551.wav,sad_p09_M32_545_551.wav,81ad2f2558dc3304dc1b34fe03f9682a9e00e1d33f27f32553ac6c0c3835383e,sad_p09_m32_545_551,raw,sad,sad,sad,p09,M32,p09:M32,M,False,24200,1,2,167200,6.909090909,NONE,
a39b4bb197fa1304,train,Sad/sad_p09_M32_608_616.wav,sad_p09_M32_608_616.wav,a39b4bb197fa13041ea34ad2c5ec2daf1e262ee003e98ad6a4702db4372ef0dd,sad_p09_m32_608_616,raw,sad,sad,sad,p09,M32,p09:M32,M,False,24200,1,2,225838,9.33214876,NONE,
2248b5cb66e75d2d,train,Sad/sad_p09_M32_806_809.wav,sad_p09_M32_806_809.wav,2248b5cb66e75d2d0240e29b23784450de50162e5912d6f0fa8f4934d9ea53f5,sad_p09_m32_806_809,raw,sad,sad,sad,p09,M32,p09:M32,M,False,24200,1,2,89730,3.70785124,NONE,
7d781d961c0baac3,train,Sad/sad_p09_M32_813_818.wav,sad_p09_M32_813_818.wav,7d781d961c0baac395a6af483013fcf197584b6d3b9bebec0d8c5908a3e421f0,sad_p09_m32_813_818,raw,sad,sad,sad,p09,M32,p09:M32,M,False,24200,1,2,129857,5.365991736,NONE,
88b4a5bcb8a6c06c,train,Sad/sad_p10_F28.wav,sad_p10_F28.wav,88b4a5bcb8a6c06c19be73a00e44219dfdecb8320b9e43adb414c671d4332c84,sad_p10_f28,raw,sad,sad,sad,p10,F28,p10:F28,F,False,24200,1,2,103028,4.257355372,NONE,
3b7241f6965e5e0f,train,Sad/sad_p10_F28_2316_2321.wav,sad_p10_F28_2316_2321.wav,3b7241f6965e5e0f49c5560d54140852146b0ce7bd5866ceadc241c26fbb34ca,sad_p10_f28_2316_2321,raw,sad,sad,sad,p10,F28,p10:F28,F,False,24200,1,2,131099,5.41731405,NONE,
a16ae45ef5c3bc3a,train,Sad/sad_p10_F28_258_204.wav,sad_p10_F28_258_204.wav,a16ae45ef5c3bc3adfef83bf447c95515f94fd685a29d26b217abefeb5a563b3,sad_p10_f28_258_204,raw,sad,sad,sad,p10,F28,p10:F28,F,False,24200,1,2,159359,6.585082645,NONE,
eb5a7606912b6ebb,train,Sad/sad_p10_F28_314_318.wav,sad_p10_F28_314_318.wav,eb5a7606912b6ebb0e064b9574c72459845cfd67c26dcc3f83d3fbbbbfc6fbc0,sad_p10_f28_314_318,raw,sad,sad,sad,p10,F28,p10:F28,F,False,24200,1,2,88550,3.659090909,NONE,
af86f7c4d97b8b8d,train,Sad/sad_p10_F28_336_341.wav,sad_p10_F28_336_341.wav,af86f7c4d97b8b8d834986cf90b4f68a6ea4ed6db2599c8d4a5f73b3d92ebee6,sad_p10_f28_336_341,raw,sad,sad,sad,p10,F28,p10:F28,F,False,24200,1,2,129739,5.361115702,NONE,
a43207661ceef3bf,train,Sad/sad_p10_F28_3401_3410.wav,sad_p10_F28_3401_3410.wav,a43207661ceef3bf42aae50351360f8de61be410a01f70d0fee7fdf8bea19f16,sad_p10_f28_3401_3410,raw,sad,sad,sad,p10,F28,p10:F28,F,False,24200,1,2,227689,9.408636364,NONE,
49933714e6d38777,train,Sad/sad_p10_F28_3437_3442.wav,sad_p10_F28_3437_3442.wav,49933714e6d38777dcdfe6051ff42760895c26f49cc715cb4d157af1b7aa7697,sad_p10_f28_3437_3442,raw,sad,sad,sad,p10,F28,p10:F28,F,False,24200,1,2,154025,6.364669421,NONE,
98192c1f1b179e1f,train,Sad/sad_p10_F28_3717_3725.wav,sad_p10_F28_3717_3725.wav,98192c1f1b179e1ff2ccb4d39dee43f8c9487228c83941337a4f28c5693318d7,sad_p10_f28_3717_3725,raw,sad,sad,sad,p10,F28,p10:F28,F,False,24200,1,2,208875,8.631198347,NONE,
108e8f03071e26c9,train,Sad/sad_p10_F28_3736_3743.wav,sad_p10_F28_3736_3743.wav,108e8f03071e26c95af91ae6d10e25cc41f0e2ebfaa43d0d185b5f9678c2adcc,sad_p10_f28_3736_3743,raw,sad,sad,sad,p10,F28,p10:F28,F,False,24200,1,2,203453,8.40714876,NONE,
6a5fc02bafb461a0,train,Sad/sad_p10_F28_3744_3750.wav,sad_p10_F28_3744_3750.wav,6a5fc02bafb461a05ab8079984bc57409241ff1d1ad06c22eb93f544adc2ba2e,sad_p10_f28_3744_3750,raw,sad,sad,sad,p10,F28,p10:F28,F,False,24200,1,2,182725,7.550619835,NONE,
6e3c7062384c364f,train,Sad/sad_p10_F28_3753_3800.wav,sad_p10_F28_3753_3800.wav,6e3c7062384c364f3c764ae1cb1ca661eb77740115768f0f5610087c11883637,sad_p10_f28_3753_3800,raw,sad,sad,sad,p10,F28,p10:F28,F,False,24200,1,2,184639,7.629710744,NONE,
6ef738307ff8ec99,train,Sad/sad_p10_F28_3909_3917.wav,sad_p10_F28_3909_3917.wav,6ef738307ff8ec9997d5b62dff5deec22292bb90cc540edc32b8f93c1c202198,sad_p10_f28_3909_3917,raw,sad,sad,sad,p10,F28,p10:F28,F,False,24200,1,2,208556,8.618016529,NONE,
8c2ec573e841615e,train,Sad/sad_p10_F28_4008_4015.wav,sad_p10_F28_4008_4015.wav,8c2ec573e841615e938334c9fda23bb8efa2a3bd0fc1eb8d3457b143d32bae29,sad_p10_f28_4008_4015,raw,sad,sad,sad,p10,F28,p10:F28,F,False,24200,1,2,175710,7.260743802,NONE,
697556c7dfede948,train,Sad/sad_p10_F28_414_417.wav,sad_p10_F28_414_417.wav,697556c7dfede94872eb79b9c3ab7b283b29b5a47f3b7d492f61fd07d247114d,sad_p10_f28_414_417,raw,sad,sad,sad,p10,F28,p10:F28,F,False,24200,1,2,91991,3.801280992,NONE,
5fed4555a305df78,train,Sad/sad_p10_F28_440_445.wav,sad_p10_F28_440_445.wav,5fed4555a305df78f55a6db931e0774116d720073d95d925e5e809e095b00b75,sad_p10_f28_440_445,raw,sad,sad,sad,p10,F28,p10:F28,F,False,24200,1,2,141471,5.845909091,NONE,
76c5b01c49b18b12,train,Sad/sad_p10_F28_vocals.wav,sad_p10_F28_vocals.wav,76c5b01c49b18b12be4631603473b0aed8ccea1fa879ddcfbbe2f7bee6ba5e6d,sad_p10_f28,processed,sad,sad,sad,p10,F28,p10:F28,F,False,24200,1,2,103028,4.257355372,NONE,
342a28fc9d09fd95,train,Sad/sad_p10_F29_331_335.wav,sad_p10_F29_331_335.wav,342a28fc9d09fd955c616b724fded47c6d559107eaee248322f2f4e730fbb3d7,sad_p10_f29_331_335,raw,sad,sad,sad,p10,F29,p10:F29,F,False,24200,1,2,124638,5.150330579,NONE,
164d583f3193eea9,train,Sad/sad_p10_F29_349_353.wav,sad_p10_F29_349_353.wav,164d583f3193eea9e0a59139b2ef1327e49028b478ad8dd78ff3f8053340db68,sad_p10_f29_349_353,raw,sad,sad,sad,p10,F29,p10:F29,F,False,24200,1,2,109505,4.525,NONE,
aeb15cd790488fd1,train,Sad/sad_p10_F29_354_359.wav,sad_p10_F29_354_359.wav,aeb15cd790488fd12af976a039a1de0efbb11bf708a7a35015cf719cb2213fad,sad_p10_f29_354_359,raw,sad,sad,sad,p10,F29,p10:F29,F,False,24200,1,2,130929,5.410289256,NONE,
839c516d27e9f9a5,train,Sad/sad_p10_F29_402_406.wav,sad_p10_F29_402_406.wav,839c516d27e9f9a52077b0f28ff7251c33057d2ccaab3c44519482f0facd0231,sad_p10_f29_402_406,raw,sad,sad,sad,p10,F29,p10:F29,F,False,24200,1,2,96582,3.990991736,NONE,
b5536d3ed7d96ef8,train,Sad/sad_p10_F29_428_434.wav,sad_p10_F29_428_434.wav,b5536d3ed7d96ef81cc7085226d0b6d6b785b00dcfb3046429d7652dce2b909f,sad_p10_f29_428_434,raw,sad,sad,sad,p10,F29,p10:F29,F,False,24200,1,2,157625,6.513429752,NONE,
db9f34260f1ac352,train,Sad/sad_p10_F29_448_458.wav,sad_p10_F29_448_458.wav,db9f34260f1ac3528ec1abf3e291cc060d03eaa13e50eadb057d57a6099a0f48,sad_p10_f29_448_458,raw,sad,sad,sad,p10,F29,p10:F29,F,False,24200,1,2,213057,8.804008264,NONE,
a74cd835b2abb5b6,train,Sad/sad_p10_F29_458_504.wav,sad_p10_F29_458_504.wav,a74cd835b2abb5b6f78fb9d068550573e8fb6bbed484246c9062a775b5f5f824,sad_p10_f29_458_504,raw,sad,sad,sad,p10,F29,p10:F29,F,False,24200,1,2,151164,6.246446281,NONE,
